video_id,type,label,source_model,action_class,filename,relative_path,download_link
BDAnimateDiffLightning__0__a,ai_generated,1,BDAnimateDiffLightning,0,a.mp4,BDAnimateDiffLightning/0/a.mp4,https://huggingface.co/datasets/faridlab/deepaction_v1/resolve/main/BDAnimateDiffLightning/0/a.mp4
BDAnimateDiffLightning__0__b,ai_generated,1,BDAnimateDiffLightning,0,b.mp4,BDAnimateDiffLightning/0/b.mp4,https://huggingface.co/datasets/faridlab/deepaction_v1/resolve/main/BDAnimateDiffLightning/0/b.mp4
BDAnimateDiffLightning__0__c,ai_generated,1,BDAnimateDiffLightning,0,c.mp4,BDAnimateDiffLightning/0/c.mp4,https://huggingface.co/datasets/faridlab/deepaction_v1/resolve/main/BDAnimateDiffLightning/0/c.mp4
BDAnimateDiffLightning__0__d,ai_generated,1,BDAnimateDiffLightning,0,d.mp4,BDAnimateDiffLightning/0/d.mp4,https://huggingface.co/datasets/faridlab/deepaction_v1/resolve/main/BDAnimateDiffLightning/0/d.mp4
BDAnimateDiffLightning__0__e,ai_generated,1,BDAnimateDiffLightning,0,e.mp4,BDAnimateDiffLightning/0/e.mp4,https://huggingface.co/datasets/faridlab/deepaction_v1/resolve/main/BDAnimateDiffLightning/0/e.mp4
BDAnimateDiffLightning__1__a,ai_generated,1,BDAnimateDiffLightning,1,a.mp4,BDAnimateDiffLightning/1/a.mp4,https://huggingface.co/datasets/faridlab/deepaction_v1/resolve/main/BDAnimateDiffLightning/1/a.mp4
BDAnimateDiffLightning__1__b,ai_generated,1,BDAnimateDiffLightning,1,b.mp4,BDAnimateDiffLightning/1/b.mp4,https://huggingface.co/datasets/faridlab/deepaction_v1/resolve/main/BDAnimateDiffLightning/1/b.mp4
BDAnimateDiffLightning__1__c,ai_generated,1,BDAnimateDiffLightning,1,c.mp4,BDAnimateDiffLightning/1/c.mp4,https://huggingface.co/datasets/faridlab/deepaction_v1/resolve/main/BDAnimateDiffLightning/1/c.mp4
BDAnimateDiffLightning__1__d,ai_generated,1,BDAnimateDiffLightning,1,d.mp4,BDAnimateDiffLightning/1/d.mp4,https://huggingface.co/datasets/faridlab/deepaction_v1/resolve/main/BDAnimateDiffLightning/1/d.mp4
BDAnimateDiffLightning__1__e,ai_generated,1,BDAnimateDiffLightning,1,e.mp4,BDAnimateDiffLightning/1/e.mp4,https://huggingface.co/datasets/faridlab/deepaction_v1/resolve/main/BDAnimateDiffLightning/1/e.mp4
BDAnimateDiffLightning__10__a,ai_generated,1,BDAnimateDiffLightning,10,a.mp4,BDAnimateDiffLightning/10/a.mp4,https://huggingface.co/datasets/faridlab/deepaction_v1/resolve/main/BDAnimateDiffLightning/10/a.mp4
BDAnimateDiffLightning__10__b,ai_generated,1,BDAnimateDiffLightning,10,b.mp4,BDAnimateDiffLightning/10/b.mp4,https://huggingface.co/datasets/faridlab/deepaction_v1/resolve/main/BDAnimateDiffLightning/10/b.mp4
BDAnimateDiffLightning__10__c,ai_generated,1,BDAnimateDiffLightning,10,c.mp4,BDAnimateDiffLightning/10/c.mp4,https://huggingface.co/datasets/faridlab/deepaction_v1/resolve/main/BDAnimateDiffLightning/10/c.mp4
BDAnimateDiffLightning__10__d,ai_generated,1,BDAnimateDiffLightning,10,d.mp4,BDAnimateDiffLightning/10/d.mp4,https://huggingface.co/datasets/faridlab/deepaction_v1/resolve/main/BDAnimateDiffLightning/10/d.mp4
BDAnimateDiffLightning__10__e,ai_generated,1,BDAnimateDiffLightning,10,e.mp4,BDAnimateDiffLightning/10/e.mp4,https://huggingface.co/datasets/faridlab/deepaction_v1/resolve/main/BDAnimateDiffLightning/10/e.mp4
BDAnimateDiffLightning__100__a,ai_generated,1,BDAnimateDiffLightning,100,a.mp4,BDAnimateDiffLightning/100/a.mp4,https://huggingface.co/datasets/faridlab/deepaction_v1/resolve/main/BDAnimateDiffLightning/100/a.mp4
BDAnimateDiffLightning__100__b,ai_generated,1,BDAnimateDiffLightning,100,b.mp4,BDAnimateDiffLightning/100/b.mp4,https://huggingface.co/datasets/faridlab/deepaction_v1/resolve/main/BDAnimateDiffLightning/100/b.mp4
BDAnimateDiffLightning__100__c,ai_generated,1,BDAnimateDiffLightning,100,c.mp4,BDAnimateDiffLightning/100/c.mp4,https://huggingface.co/datasets/faridlab/deepaction_v1/resolve/main/BDAnimateDiffLightning/100/c.mp4
BDAnimateDiffLightning__100__d,ai_generated,1,BDAnimateDiffLightning,100,d.mp4,BDAnimateDiffLightning/100/d.mp4,https://huggingface.co/datasets/faridlab/deepaction_v1/resolve/main/BDAnimateDiffLightning/100/d.mp4
BDAnimateDiffLightning__100__e,ai_generated,1,BDAnimateDiffLightning,100,e.mp4,BDAnimateDiffLightning/100/e.mp4,https://huggingface.co/datasets/faridlab/deepaction_v1/resolve/main/BDAnimateDiffLightning/100/e.mp4
BDAnimateDiffLightning__101__a,ai_generated,1,BDAnimateDiffLightning,101,a.mp4,BDAnimateDiffLightning/101/a.mp4,https://huggingface.co/datasets/faridlab/deepaction_v1/resolve/main/BDAnimateDiffLightning/101/a.mp4
BDAnimateDiffLightning__101__b,ai_generated,1,BDAnimateDiffLightning,101,b.mp4,BDAnimateDiffLightning/101/b.mp4,https://huggingface.co/datasets/faridlab/deepaction_v1/resolve/main/BDAnimateDiffLightning/101/b.mp4
BDAnimateDiffLightning__101__c,ai_generated,1,BDAnimateDiffLightning,101,c.mp4,BDAnimateDiffLightning/101/c.mp4,https://huggingface.co/datasets/faridlab/deepaction_v1/resolve/main/BDAnimateDiffLightning/101/c.mp4
BDAnimateDiffLightning__101__d,ai_generated,1,BDAnimateDiffLightning,101,d.mp4,BDAnimateDiffLightning/101/d.mp4,https://huggingface.co/datasets/faridlab/deepaction_v1/resolve/main/BDAnimateDiffLightning/101/d.mp4
BDAnimateDiffLightning__101__e,ai_generated,1,BDAnimateDiffLightning,101,e.mp4,BDAnimateDiffLightning/101/e.mp4,https://huggingface.co/datasets/faridlab/deepaction_v1/resolve/main/BDAnimateDiffLightning/101/e.mp4
BDAnimateDiffLightning__102__a,ai_generated,1,BDAnimateDiffLightning,102,a.mp4,BDAnimateDiffLightning/102/a.mp4,https://huggingface.co/datasets/faridlab/deepaction_v1/resolve/main/BDAnimateDiffLightning/102/a.mp4
BDAnimateDiffLightning__102__b,ai_generated,1,BDAnimateDiffLightning,102,b.mp4,BDAnimateDiffLightning/102/b.mp4,https://huggingface.co/datasets/faridlab/deepaction_v1/resolve/main/BDAnimateDiffLightning/102/b.mp4
BDAnimateDiffLightning__102__c,ai_generated,1,BDAnimateDiffLightning,102,c.mp4,BDAnimateDiffLightning/102/c.mp4,https://huggingface.co/datasets/faridlab/deepaction_v1/resolve/main/BDAnimateDiffLightning/102/c.mp4
BDAnimateDiffLightning__102__d,ai_generated,1,BDAnimateDiffLightning,102,d.mp4,BDAnimateDiffLightning/102/d.mp4,https://huggingface.co/datasets/faridlab/deepaction_v1/resolve/main/BDAnimateDiffLightning/102/d.mp4
BDAnimateDiffLightning__102__e,ai_generated,1,BDAnimateDiffLightning,102,e.mp4,BDAnimateDiffLightning/102/e.mp4,https://huggingface.co/datasets/faridlab/deepaction_v1/resolve/main/BDAnimateDiffLightning/102/e.mp4
BDAnimateDiffLightning__103__a,ai_generated,1,BDAnimateDiffLightning,103,a.mp4,BDAnimateDiffLightning/103/a.mp4,https://huggingface.co/datasets/faridlab/deepaction_v1/resolve/main/BDAnimateDiffLightning/103/a.mp4
BDAnimateDiffLightning__103__b,ai_generated,1,BDAnimateDiffLightning,103,b.mp4,BDAnimateDiffLightning/103/b.mp4,https://huggingface.co/datasets/faridlab/deepaction_v1/resolve/main/BDAnimateDiffLightning/103/b.mp4
BDAnimateDiffLightning__103__c,ai_generated,1,BDAnimateDiffLightning,103,c.mp4,BDAnimateDiffLightning/103/c.mp4,https://huggingface.co/datasets/faridlab/deepaction_v1/resolve/main/BDAnimateDiffLightning/103/c.mp4
BDAnimateDiffLightning__103__d,ai_generated,1,BDAnimateDiffLightning,103,d.mp4,BDAnimateDiffLightning/103/d.mp4,https://huggingface.co/datasets/faridlab/deepaction_v1/resolve/main/BDAnimateDiffLightning/103/d.mp4
BDAnimateDiffLightning__103__e,ai_generated,1,BDAnimateDiffLightning,103,e.mp4,BDAnimateDiffLightning/103/e.mp4,https://huggingface.co/datasets/faridlab/deepaction_v1/resolve/main/BDAnimateDiffLightning/103/e.mp4
BDAnimateDiffLightning__11__a,ai_generated,1,BDAnimateDiffLightning,11,a.mp4,BDAnimateDiffLightning/11/a.mp4,https://huggingface.co/datasets/faridlab/deepaction_v1/resolve/main/BDAnimateDiffLightning/11/a.mp4
BDAnimateDiffLightning__11__b,ai_generated,1,BDAnimateDiffLightning,11,b.mp4,BDAnimateDiffLightning/11/b.mp4,https://huggingface.co/datasets/faridlab/deepaction_v1/resolve/main/BDAnimateDiffLightning/11/b.mp4
BDAnimateDiffLightning__11__c,ai_generated,1,BDAnimateDiffLightning,11,c.mp4,BDAnimateDiffLightning/11/c.mp4,https://huggingface.co/datasets/faridlab/deepaction_v1/resolve/main/BDAnimateDiffLightning/11/c.mp4
BDAnimateDiffLightning__11__d,ai_generated,1,BDAnimateDiffLightning,11,d.mp4,BDAnimateDiffLightning/11/d.mp4,https://huggingface.co/datasets/faridlab/deepaction_v1/resolve/main/BDAnimateDiffLightning/11/d.mp4
BDAnimateDiffLightning__11__e,ai_generated,1,BDAnimateDiffLightning,11,e.mp4,BDAnimateDiffLightning/11/e.mp4,https://huggingface.co/datasets/faridlab/deepaction_v1/resolve/main/BDAnimateDiffLightning/11/e.mp4
BDAnimateDiffLightning__12__a,ai_generated,1,BDAnimateDiffLightning,12,a.mp4,BDAnimateDiffLightning/12/a.mp4,https://huggingface.co/datasets/faridlab/deepaction_v1/resolve/main/BDAnimateDiffLightning/12/a.mp4
BDAnimateDiffLightning__12__b,ai_generated,1,BDAnimateDiffLightning,12,b.mp4,BDAnimateDiffLightning/12/b.mp4,https://huggingface.co/datasets/faridlab/deepaction_v1/resolve/main/BDAnimateDiffLightning/12/b.mp4
BDAnimateDiffLightning__12__c,ai_generated,1,BDAnimateDiffLightning,12,c.mp4,BDAnimateDiffLightning/12/c.mp4,https://huggingface.co/datasets/faridlab/deepaction_v1/resolve/main/BDAnimateDiffLightning/12/c.mp4
BDAnimateDiffLightning__12__d,ai_generated,1,BDAnimateDiffLightning,12,d.mp4,BDAnimateDiffLightning/12/d.mp4,https://huggingface.co/datasets/faridlab/deepaction_v1/resolve/main/BDAnimateDiffLightning/12/d.mp4
BDAnimateDiffLightning__12__e,ai_generated,1,BDAnimateDiffLightning,12,e.mp4,BDAnimateDiffLightning/12/e.mp4,https://huggingface.co/datasets/faridlab/deepaction_v1/resolve/main/BDAnimateDiffLightning/12/e.mp4
BDAnimateDiffLightning__13__a,ai_generated,1,BDAnimateDiffLightning,13,a.mp4,BDAnimateDiffLightning/13/a.mp4,https://huggingface.co/datasets/faridlab/deepaction_v1/resolve/main/BDAnimateDiffLightning/13/a.mp4
BDAnimateDiffLightning__13__b,ai_generated,1,BDAnimateDiffLightning,13,b.mp4,BDAnimateDiffLightning/13/b.mp4,https://huggingface.co/datasets/faridlab/deepaction_v1/resolve/main/BDAnimateDiffLightning/13/b.mp4
BDAnimateDiffLightning__13__c,ai_generated,1,BDAnimateDiffLightning,13,c.mp4,BDAnimateDiffLightning/13/c.mp4,https://huggingface.co/datasets/faridlab/deepaction_v1/resolve/main/BDAnimateDiffLightning/13/c.mp4
BDAnimateDiffLightning__13__d,ai_generated,1,BDAnimateDiffLightning,13,d.mp4,BDAnimateDiffLightning/13/d.mp4,https://huggingface.co/datasets/faridlab/deepaction_v1/resolve/main/BDAnimateDiffLightning/13/d.mp4
BDAnimateDiffLightning__13__e,ai_generated,1,BDAnimateDiffLightning,13,e.mp4,BDAnimateDiffLightning/13/e.mp4,https://huggingface.co/datasets/faridlab/deepaction_v1/resolve/main/BDAnimateDiffLightning/13/e.mp4
BDAnimateDiffLightning__14__a,ai_generated,1,BDAnimateDiffLightning,14,a.mp4,BDAnimateDiffLightning/14/a.mp4,https://huggingface.co/datasets/faridlab/deepaction_v1/resolve/main/BDAnimateDiffLightning/14/a.mp4
BDAnimateDiffLightning__14__b,ai_generated,1,BDAnimateDiffLightning,14,b.mp4,BDAnimateDiffLightning/14/b.mp4,https://huggingface.co/datasets/faridlab/deepaction_v1/resolve/main/BDAnimateDiffLightning/14/b.mp4
BDAnimateDiffLightning__14__c,ai_generated,1,BDAnimateDiffLightning,14,c.mp4,BDAnimateDiffLightning/14/c.mp4,https://huggingface.co/datasets/faridlab/deepaction_v1/resolve/main/BDAnimateDiffLightning/14/c.mp4
BDAnimateDiffLightning__14__d,ai_generated,1,BDAnimateDiffLightning,14,d.mp4,BDAnimateDiffLightning/14/d.mp4,https://huggingface.co/datasets/faridlab/deepaction_v1/resolve/main/BDAnimateDiffLightning/14/d.mp4
BDAnimateDiffLightning__14__e,ai_generated,1,BDAnimateDiffLightning,14,e.mp4,BDAnimateDiffLightning/14/e.mp4,https://huggingface.co/datasets/faridlab/deepaction_v1/resolve/main/BDAnimateDiffLightning/14/e.mp4
BDAnimateDiffLightning__15__a,ai_generated,1,BDAnimateDiffLightning,15,a.mp4,BDAnimateDiffLightning/15/a.mp4,https://huggingface.co/datasets/faridlab/deepaction_v1/resolve/main/BDAnimateDiffLightning/15/a.mp4
BDAnimateDiffLightning__15__b,ai_generated,1,BDAnimateDiffLightning,15,b.mp4,BDAnimateDiffLightning/15/b.mp4,https://huggingface.co/datasets/faridlab/deepaction_v1/resolve/main/BDAnimateDiffLightning/15/b.mp4
BDAnimateDiffLightning__15__c,ai_generated,1,BDAnimateDiffLightning,15,c.mp4,BDAnimateDiffLightning/15/c.mp4,https://huggingface.co/datasets/faridlab/deepaction_v1/resolve/main/BDAnimateDiffLightning/15/c.mp4
BDAnimateDiffLightning__15__d,ai_generated,1,BDAnimateDiffLightning,15,d.mp4,BDAnimateDiffLightning/15/d.mp4,https://huggingface.co/datasets/faridlab/deepaction_v1/resolve/main/BDAnimateDiffLightning/15/d.mp4
BDAnimateDiffLightning__15__e,ai_generated,1,BDAnimateDiffLightning,15,e.mp4,BDAnimateDiffLightning/15/e.mp4,https://huggingface.co/datasets/faridlab/deepaction_v1/resolve/main/BDAnimateDiffLightning/15/e.mp4
BDAnimateDiffLightning__16__a,ai_generated,1,BDAnimateDiffLightning,16,a.mp4,BDAnimateDiffLightning/16/a.mp4,https://huggingface.co/datasets/faridlab/deepaction_v1/resolve/main/BDAnimateDiffLightning/16/a.mp4
BDAnimateDiffLightning__16__b,ai_generated,1,BDAnimateDiffLightning,16,b.mp4,BDAnimateDiffLightning/16/b.mp4,https://huggingface.co/datasets/faridlab/deepaction_v1/resolve/main/BDAnimateDiffLightning/16/b.mp4
BDAnimateDiffLightning__16__c,ai_generated,1,BDAnimateDiffLightning,16,c.mp4,BDAnimateDiffLightning/16/c.mp4,https://huggingface.co/datasets/faridlab/deepaction_v1/resolve/main/BDAnimateDiffLightning/16/c.mp4
BDAnimateDiffLightning__16__d,ai_generated,1,BDAnimateDiffLightning,16,d.mp4,BDAnimateDiffLightning/16/d.mp4,https://huggingface.co/datasets/faridlab/deepaction_v1/resolve/main/BDAnimateDiffLightning/16/d.mp4
BDAnimateDiffLightning__16__e,ai_generated,1,BDAnimateDiffLightning,16,e.mp4,BDAnimateDiffLightning/16/e.mp4,https://huggingface.co/datasets/faridlab/deepaction_v1/resolve/main/BDAnimateDiffLightning/16/e.mp4
BDAnimateDiffLightning__17__a,ai_generated,1,BDAnimateDiffLightning,17,a.mp4,BDAnimateDiffLightning/17/a.mp4,https://huggingface.co/datasets/faridlab/deepaction_v1/resolve/main/BDAnimateDiffLightning/17/a.mp4
BDAnimateDiffLightning__17__b,ai_generated,1,BDAnimateDiffLightning,17,b.mp4,BDAnimateDiffLightning/17/b.mp4,https://huggingface.co/datasets/faridlab/deepaction_v1/resolve/main/BDAnimateDiffLightning/17/b.mp4
BDAnimateDiffLightning__17__c,ai_generated,1,BDAnimateDiffLightning,17,c.mp4,BDAnimateDiffLightning/17/c.mp4,https://huggingface.co/datasets/faridlab/deepaction_v1/resolve/main/BDAnimateDiffLightning/17/c.mp4
BDAnimateDiffLightning__17__d,ai_generated,1,BDAnimateDiffLightning,17,d.mp4,BDAnimateDiffLightning/17/d.mp4,https://huggingface.co/datasets/faridlab/deepaction_v1/resolve/main/BDAnimateDiffLightning/17/d.mp4
BDAnimateDiffLightning__17__e,ai_generated,1,BDAnimateDiffLightning,17,e.mp4,BDAnimateDiffLightning/17/e.mp4,https://huggingface.co/datasets/faridlab/deepaction_v1/resolve/main/BDAnimateDiffLightning/17/e.mp4
BDAnimateDiffLightning__18__a,ai_generated,1,BDAnimateDiffLightning,18,a.mp4,BDAnimateDiffLightning/18/a.mp4,https://huggingface.co/datasets/faridlab/deepaction_v1/resolve/main/BDAnimateDiffLightning/18/a.mp4
BDAnimateDiffLightning__18__b,ai_generated,1,BDAnimateDiffLightning,18,b.mp4,BDAnimateDiffLightning/18/b.mp4,https://huggingface.co/datasets/faridlab/deepaction_v1/resolve/main/BDAnimateDiffLightning/18/b.mp4
BDAnimateDiffLightning__18__c,ai_generated,1,BDAnimateDiffLightning,18,c.mp4,BDAnimateDiffLightning/18/c.mp4,https://huggingface.co/datasets/faridlab/deepaction_v1/resolve/main/BDAnimateDiffLightning/18/c.mp4
BDAnimateDiffLightning__18__d,ai_generated,1,BDAnimateDiffLightning,18,d.mp4,BDAnimateDiffLightning/18/d.mp4,https://huggingface.co/datasets/faridlab/deepaction_v1/resolve/main/BDAnimateDiffLightning/18/d.mp4
BDAnimateDiffLightning__18__e,ai_generated,1,BDAnimateDiffLightning,18,e.mp4,BDAnimateDiffLightning/18/e.mp4,https://huggingface.co/datasets/faridlab/deepaction_v1/resolve/main/BDAnimateDiffLightning/18/e.mp4
BDAnimateDiffLightning__19__a,ai_generated,1,BDAnimateDiffLightning,19,a.mp4,BDAnimateDiffLightning/19/a.mp4,https://huggingface.co/datasets/faridlab/deepaction_v1/resolve/main/BDAnimateDiffLightning/19/a.mp4
BDAnimateDiffLightning__19__b,ai_generated,1,BDAnimateDiffLightning,19,b.mp4,BDAnimateDiffLightning/19/b.mp4,https://huggingface.co/datasets/faridlab/deepaction_v1/resolve/main/BDAnimateDiffLightning/19/b.mp4
BDAnimateDiffLightning__19__c,ai_generated,1,BDAnimateDiffLightning,19,c.mp4,BDAnimateDiffLightning/19/c.mp4,https://huggingface.co/datasets/faridlab/deepaction_v1/resolve/main/BDAnimateDiffLightning/19/c.mp4
BDAnimateDiffLightning__19__d,ai_generated,1,BDAnimateDiffLightning,19,d.mp4,BDAnimateDiffLightning/19/d.mp4,https://huggingface.co/datasets/faridlab/deepaction_v1/resolve/main/BDAnimateDiffLightning/19/d.mp4
BDAnimateDiffLightning__19__e,ai_generated,1,BDAnimateDiffLightning,19,e.mp4,BDAnimateDiffLightning/19/e.mp4,https://huggingface.co/datasets/faridlab/deepaction_v1/resolve/main/BDAnimateDiffLightning/19/e.mp4
BDAnimateDiffLightning__2__a,ai_generated,1,BDAnimateDiffLightning,2,a.mp4,BDAnimateDiffLightning/2/a.mp4,https://huggingface.co/datasets/faridlab/deepaction_v1/resolve/main/BDAnimateDiffLightning/2/a.mp4
BDAnimateDiffLightning__2__b,ai_generated,1,BDAnimateDiffLightning,2,b.mp4,BDAnimateDiffLightning/2/b.mp4,https://huggingface.co/datasets/faridlab/deepaction_v1/resolve/main/BDAnimateDiffLightning/2/b.mp4
BDAnimateDiffLightning__2__c,ai_generated,1,BDAnimateDiffLightning,2,c.mp4,BDAnimateDiffLightning/2/c.mp4,https://huggingface.co/datasets/faridlab/deepaction_v1/resolve/main/BDAnimateDiffLightning/2/c.mp4
BDAnimateDiffLightning__2__d,ai_generated,1,BDAnimateDiffLightning,2,d.mp4,BDAnimateDiffLightning/2/d.mp4,https://huggingface.co/datasets/faridlab/deepaction_v1/resolve/main/BDAnimateDiffLightning/2/d.mp4
BDAnimateDiffLightning__2__e,ai_generated,1,BDAnimateDiffLightning,2,e.mp4,BDAnimateDiffLightning/2/e.mp4,https://huggingface.co/datasets/faridlab/deepaction_v1/resolve/main/BDAnimateDiffLightning/2/e.mp4
BDAnimateDiffLightning__20__a,ai_generated,1,BDAnimateDiffLightning,20,a.mp4,BDAnimateDiffLightning/20/a.mp4,https://huggingface.co/datasets/faridlab/deepaction_v1/resolve/main/BDAnimateDiffLightning/20/a.mp4
BDAnimateDiffLightning__20__b,ai_generated,1,BDAnimateDiffLightning,20,b.mp4,BDAnimateDiffLightning/20/b.mp4,https://huggingface.co/datasets/faridlab/deepaction_v1/resolve/main/BDAnimateDiffLightning/20/b.mp4
BDAnimateDiffLightning__20__c,ai_generated,1,BDAnimateDiffLightning,20,c.mp4,BDAnimateDiffLightning/20/c.mp4,https://huggingface.co/datasets/faridlab/deepaction_v1/resolve/main/BDAnimateDiffLightning/20/c.mp4
BDAnimateDiffLightning__20__d,ai_generated,1,BDAnimateDiffLightning,20,d.mp4,BDAnimateDiffLightning/20/d.mp4,https://huggingface.co/datasets/faridlab/deepaction_v1/resolve/main/BDAnimateDiffLightning/20/d.mp4
BDAnimateDiffLightning__20__e,ai_generated,1,BDAnimateDiffLightning,20,e.mp4,BDAnimateDiffLightning/20/e.mp4,https://huggingface.co/datasets/faridlab/deepaction_v1/resolve/main/BDAnimateDiffLightning/20/e.mp4
BDAnimateDiffLightning__21__a,ai_generated,1,BDAnimateDiffLightning,21,a.mp4,BDAnimateDiffLightning/21/a.mp4,https://huggingface.co/datasets/faridlab/deepaction_v1/resolve/main/BDAnimateDiffLightning/21/a.mp4
BDAnimateDiffLightning__21__b,ai_generated,1,BDAnimateDiffLightning,21,b.mp4,BDAnimateDiffLightning/21/b.mp4,https://huggingface.co/datasets/faridlab/deepaction_v1/resolve/main/BDAnimateDiffLightning/21/b.mp4
BDAnimateDiffLightning__21__c,ai_generated,1,BDAnimateDiffLightning,21,c.mp4,BDAnimateDiffLightning/21/c.mp4,https://huggingface.co/datasets/faridlab/deepaction_v1/resolve/main/BDAnimateDiffLightning/21/c.mp4
BDAnimateDiffLightning__21__d,ai_generated,1,BDAnimateDiffLightning,21,d.mp4,BDAnimateDiffLightning/21/d.mp4,https://huggingface.co/datasets/faridlab/deepaction_v1/resolve/main/BDAnimateDiffLightning/21/d.mp4
BDAnimateDiffLightning__21__e,ai_generated,1,BDAnimateDiffLightning,21,e.mp4,BDAnimateDiffLightning/21/e.mp4,https://huggingface.co/datasets/faridlab/deepaction_v1/resolve/main/BDAnimateDiffLightning/21/e.mp4
BDAnimateDiffLightning__22__a,ai_generated,1,BDAnimateDiffLightning,22,a.mp4,BDAnimateDiffLightning/22/a.mp4,https://huggingface.co/datasets/faridlab/deepaction_v1/resolve/main/BDAnimateDiffLightning/22/a.mp4
BDAnimateDiffLightning__22__b,ai_generated,1,BDAnimateDiffLightning,22,b.mp4,BDAnimateDiffLightning/22/b.mp4,https://huggingface.co/datasets/faridlab/deepaction_v1/resolve/main/BDAnimateDiffLightning/22/b.mp4
BDAnimateDiffLightning__22__c,ai_generated,1,BDAnimateDiffLightning,22,c.mp4,BDAnimateDiffLightning/22/c.mp4,https://huggingface.co/datasets/faridlab/deepaction_v1/resolve/main/BDAnimateDiffLightning/22/c.mp4
BDAnimateDiffLightning__22__d,ai_generated,1,BDAnimateDiffLightning,22,d.mp4,BDAnimateDiffLightning/22/d.mp4,https://huggingface.co/datasets/faridlab/deepaction_v1/resolve/main/BDAnimateDiffLightning/22/d.mp4
BDAnimateDiffLightning__22__e,ai_generated,1,BDAnimateDiffLightning,22,e.mp4,BDAnimateDiffLightning/22/e.mp4,https://huggingface.co/datasets/faridlab/deepaction_v1/resolve/main/BDAnimateDiffLightning/22/e.mp4
BDAnimateDiffLightning__23__a,ai_generated,1,BDAnimateDiffLightning,23,a.mp4,BDAnimateDiffLightning/23/a.mp4,https://huggingface.co/datasets/faridlab/deepaction_v1/resolve/main/BDAnimateDiffLightning/23/a.mp4
BDAnimateDiffLightning__23__b,ai_generated,1,BDAnimateDiffLightning,23,b.mp4,BDAnimateDiffLightning/23/b.mp4,https://huggingface.co/datasets/faridlab/deepaction_v1/resolve/main/BDAnimateDiffLightning/23/b.mp4
BDAnimateDiffLightning__23__c,ai_generated,1,BDAnimateDiffLightning,23,c.mp4,BDAnimateDiffLightning/23/c.mp4,https://huggingface.co/datasets/faridlab/deepaction_v1/resolve/main/BDAnimateDiffLightning/23/c.mp4
BDAnimateDiffLightning__23__d,ai_generated,1,BDAnimateDiffLightning,23,d.mp4,BDAnimateDiffLightning/23/d.mp4,https://huggingface.co/datasets/faridlab/deepaction_v1/resolve/main/BDAnimateDiffLightning/23/d.mp4
BDAnimateDiffLightning__23__e,ai_generated,1,BDAnimateDiffLightning,23,e.mp4,BDAnimateDiffLightning/23/e.mp4,https://huggingface.co/datasets/faridlab/deepaction_v1/resolve/main/BDAnimateDiffLightning/23/e.mp4
BDAnimateDiffLightning__24__a,ai_generated,1,BDAnimateDiffLightning,24,a.mp4,BDAnimateDiffLightning/24/a.mp4,https://huggingface.co/datasets/faridlab/deepaction_v1/resolve/main/BDAnimateDiffLightning/24/a.mp4
BDAnimateDiffLightning__24__b,ai_generated,1,BDAnimateDiffLightning,24,b.mp4,BDAnimateDiffLightning/24/b.mp4,https://huggingface.co/datasets/faridlab/deepaction_v1/resolve/main/BDAnimateDiffLightning/24/b.mp4
BDAnimateDiffLightning__24__c,ai_generated,1,BDAnimateDiffLightning,24,c.mp4,BDAnimateDiffLightning/24/c.mp4,https://huggingface.co/datasets/faridlab/deepaction_v1/resolve/main/BDAnimateDiffLightning/24/c.mp4
BDAnimateDiffLightning__24__d,ai_generated,1,BDAnimateDiffLightning,24,d.mp4,BDAnimateDiffLightning/24/d.mp4,https://huggingface.co/datasets/faridlab/deepaction_v1/resolve/main/BDAnimateDiffLightning/24/d.mp4
BDAnimateDiffLightning__24__e,ai_generated,1,BDAnimateDiffLightning,24,e.mp4,BDAnimateDiffLightning/24/e.mp4,https://huggingface.co/datasets/faridlab/deepaction_v1/resolve/main/BDAnimateDiffLightning/24/e.mp4
BDAnimateDiffLightning__25__a,ai_generated,1,BDAnimateDiffLightning,25,a.mp4,BDAnimateDiffLightning/25/a.mp4,https://huggingface.co/datasets/faridlab/deepaction_v1/resolve/main/BDAnimateDiffLightning/25/a.mp4
BDAnimateDiffLightning__25__b,ai_generated,1,BDAnimateDiffLightning,25,b.mp4,BDAnimateDiffLightning/25/b.mp4,https://huggingface.co/datasets/faridlab/deepaction_v1/resolve/main/BDAnimateDiffLightning/25/b.mp4
BDAnimateDiffLightning__25__c,ai_generated,1,BDAnimateDiffLightning,25,c.mp4,BDAnimateDiffLightning/25/c.mp4,https://huggingface.co/datasets/faridlab/deepaction_v1/resolve/main/BDAnimateDiffLightning/25/c.mp4
BDAnimateDiffLightning__25__d,ai_generated,1,BDAnimateDiffLightning,25,d.mp4,BDAnimateDiffLightning/25/d.mp4,https://huggingface.co/datasets/faridlab/deepaction_v1/resolve/main/BDAnimateDiffLightning/25/d.mp4
BDAnimateDiffLightning__25__e,ai_generated,1,BDAnimateDiffLightning,25,e.mp4,BDAnimateDiffLightning/25/e.mp4,https://huggingface.co/datasets/faridlab/deepaction_v1/resolve/main/BDAnimateDiffLightning/25/e.mp4
BDAnimateDiffLightning__26__a,ai_generated,1,BDAnimateDiffLightning,26,a.mp4,BDAnimateDiffLightning/26/a.mp4,https://huggingface.co/datasets/faridlab/deepaction_v1/resolve/main/BDAnimateDiffLightning/26/a.mp4
BDAnimateDiffLightning__26__b,ai_generated,1,BDAnimateDiffLightning,26,b.mp4,BDAnimateDiffLightning/26/b.mp4,https://huggingface.co/datasets/faridlab/deepaction_v1/resolve/main/BDAnimateDiffLightning/26/b.mp4
BDAnimateDiffLightning__26__c,ai_generated,1,BDAnimateDiffLightning,26,c.mp4,BDAnimateDiffLightning/26/c.mp4,https://huggingface.co/datasets/faridlab/deepaction_v1/resolve/main/BDAnimateDiffLightning/26/c.mp4
BDAnimateDiffLightning__26__d,ai_generated,1,BDAnimateDiffLightning,26,d.mp4,BDAnimateDiffLightning/26/d.mp4,https://huggingface.co/datasets/faridlab/deepaction_v1/resolve/main/BDAnimateDiffLightning/26/d.mp4
BDAnimateDiffLightning__26__e,ai_generated,1,BDAnimateDiffLightning,26,e.mp4,BDAnimateDiffLightning/26/e.mp4,https://huggingface.co/datasets/faridlab/deepaction_v1/resolve/main/BDAnimateDiffLightning/26/e.mp4
BDAnimateDiffLightning__27__a,ai_generated,1,BDAnimateDiffLightning,27,a.mp4,BDAnimateDiffLightning/27/a.mp4,https://huggingface.co/datasets/faridlab/deepaction_v1/resolve/main/BDAnimateDiffLightning/27/a.mp4
BDAnimateDiffLightning__27__b,ai_generated,1,BDAnimateDiffLightning,27,b.mp4,BDAnimateDiffLightning/27/b.mp4,https://huggingface.co/datasets/faridlab/deepaction_v1/resolve/main/BDAnimateDiffLightning/27/b.mp4
BDAnimateDiffLightning__27__c,ai_generated,1,BDAnimateDiffLightning,27,c.mp4,BDAnimateDiffLightning/27/c.mp4,https://huggingface.co/datasets/faridlab/deepaction_v1/resolve/main/BDAnimateDiffLightning/27/c.mp4
BDAnimateDiffLightning__27__d,ai_generated,1,BDAnimateDiffLightning,27,d.mp4,BDAnimateDiffLightning/27/d.mp4,https://huggingface.co/datasets/faridlab/deepaction_v1/resolve/main/BDAnimateDiffLightning/27/d.mp4
BDAnimateDiffLightning__27__e,ai_generated,1,BDAnimateDiffLightning,27,e.mp4,BDAnimateDiffLightning/27/e.mp4,https://huggingface.co/datasets/faridlab/deepaction_v1/resolve/main/BDAnimateDiffLightning/27/e.mp4
BDAnimateDiffLightning__28__a,ai_generated,1,BDAnimateDiffLightning,28,a.mp4,BDAnimateDiffLightning/28/a.mp4,https://huggingface.co/datasets/faridlab/deepaction_v1/resolve/main/BDAnimateDiffLightning/28/a.mp4
BDAnimateDiffLightning__28__b,ai_generated,1,BDAnimateDiffLightning,28,b.mp4,BDAnimateDiffLightning/28/b.mp4,https://huggingface.co/datasets/faridlab/deepaction_v1/resolve/main/BDAnimateDiffLightning/28/b.mp4
BDAnimateDiffLightning__28__c,ai_generated,1,BDAnimateDiffLightning,28,c.mp4,BDAnimateDiffLightning/28/c.mp4,https://huggingface.co/datasets/faridlab/deepaction_v1/resolve/main/BDAnimateDiffLightning/28/c.mp4
BDAnimateDiffLightning__28__d,ai_generated,1,BDAnimateDiffLightning,28,d.mp4,BDAnimateDiffLightning/28/d.mp4,https://huggingface.co/datasets/faridlab/deepaction_v1/resolve/main/BDAnimateDiffLightning/28/d.mp4
BDAnimateDiffLightning__28__e,ai_generated,1,BDAnimateDiffLightning,28,e.mp4,BDAnimateDiffLightning/28/e.mp4,https://huggingface.co/datasets/faridlab/deepaction_v1/resolve/main/BDAnimateDiffLightning/28/e.mp4
BDAnimateDiffLightning__29__a,ai_generated,1,BDAnimateDiffLightning,29,a.mp4,BDAnimateDiffLightning/29/a.mp4,https://huggingface.co/datasets/faridlab/deepaction_v1/resolve/main/BDAnimateDiffLightning/29/a.mp4
BDAnimateDiffLightning__29__b,ai_generated,1,BDAnimateDiffLightning,29,b.mp4,BDAnimateDiffLightning/29/b.mp4,https://huggingface.co/datasets/faridlab/deepaction_v1/resolve/main/BDAnimateDiffLightning/29/b.mp4
BDAnimateDiffLightning__29__c,ai_generated,1,BDAnimateDiffLightning,29,c.mp4,BDAnimateDiffLightning/29/c.mp4,https://huggingface.co/datasets/faridlab/deepaction_v1/resolve/main/BDAnimateDiffLightning/29/c.mp4
BDAnimateDiffLightning__29__d,ai_generated,1,BDAnimateDiffLightning,29,d.mp4,BDAnimateDiffLightning/29/d.mp4,https://huggingface.co/datasets/faridlab/deepaction_v1/resolve/main/BDAnimateDiffLightning/29/d.mp4
BDAnimateDiffLightning__29__e,ai_generated,1,BDAnimateDiffLightning,29,e.mp4,BDAnimateDiffLightning/29/e.mp4,https://huggingface.co/datasets/faridlab/deepaction_v1/resolve/main/BDAnimateDiffLightning/29/e.mp4
BDAnimateDiffLightning__3__a,ai_generated,1,BDAnimateDiffLightning,3,a.mp4,BDAnimateDiffLightning/3/a.mp4,https://huggingface.co/datasets/faridlab/deepaction_v1/resolve/main/BDAnimateDiffLightning/3/a.mp4
BDAnimateDiffLightning__3__b,ai_generated,1,BDAnimateDiffLightning,3,b.mp4,BDAnimateDiffLightning/3/b.mp4,https://huggingface.co/datasets/faridlab/deepaction_v1/resolve/main/BDAnimateDiffLightning/3/b.mp4
BDAnimateDiffLightning__3__c,ai_generated,1,BDAnimateDiffLightning,3,c.mp4,BDAnimateDiffLightning/3/c.mp4,https://huggingface.co/datasets/faridlab/deepaction_v1/resolve/main/BDAnimateDiffLightning/3/c.mp4
BDAnimateDiffLightning__3__d,ai_generated,1,BDAnimateDiffLightning,3,d.mp4,BDAnimateDiffLightning/3/d.mp4,https://huggingface.co/datasets/faridlab/deepaction_v1/resolve/main/BDAnimateDiffLightning/3/d.mp4
BDAnimateDiffLightning__3__e,ai_generated,1,BDAnimateDiffLightning,3,e.mp4,BDAnimateDiffLightning/3/e.mp4,https://huggingface.co/datasets/faridlab/deepaction_v1/resolve/main/BDAnimateDiffLightning/3/e.mp4
BDAnimateDiffLightning__30__a,ai_generated,1,BDAnimateDiffLightning,30,a.mp4,BDAnimateDiffLightning/30/a.mp4,https://huggingface.co/datasets/faridlab/deepaction_v1/resolve/main/BDAnimateDiffLightning/30/a.mp4
BDAnimateDiffLightning__30__b,ai_generated,1,BDAnimateDiffLightning,30,b.mp4,BDAnimateDiffLightning/30/b.mp4,https://huggingface.co/datasets/faridlab/deepaction_v1/resolve/main/BDAnimateDiffLightning/30/b.mp4
BDAnimateDiffLightning__30__c,ai_generated,1,BDAnimateDiffLightning,30,c.mp4,BDAnimateDiffLightning/30/c.mp4,https://huggingface.co/datasets/faridlab/deepaction_v1/resolve/main/BDAnimateDiffLightning/30/c.mp4
BDAnimateDiffLightning__30__d,ai_generated,1,BDAnimateDiffLightning,30,d.mp4,BDAnimateDiffLightning/30/d.mp4,https://huggingface.co/datasets/faridlab/deepaction_v1/resolve/main/BDAnimateDiffLightning/30/d.mp4
BDAnimateDiffLightning__30__e,ai_generated,1,BDAnimateDiffLightning,30,e.mp4,BDAnimateDiffLightning/30/e.mp4,https://huggingface.co/datasets/faridlab/deepaction_v1/resolve/main/BDAnimateDiffLightning/30/e.mp4
BDAnimateDiffLightning__31__a,ai_generated,1,BDAnimateDiffLightning,31,a.mp4,BDAnimateDiffLightning/31/a.mp4,https://huggingface.co/datasets/faridlab/deepaction_v1/resolve/main/BDAnimateDiffLightning/31/a.mp4
BDAnimateDiffLightning__31__b,ai_generated,1,BDAnimateDiffLightning,31,b.mp4,BDAnimateDiffLightning/31/b.mp4,https://huggingface.co/datasets/faridlab/deepaction_v1/resolve/main/BDAnimateDiffLightning/31/b.mp4
BDAnimateDiffLightning__31__c,ai_generated,1,BDAnimateDiffLightning,31,c.mp4,BDAnimateDiffLightning/31/c.mp4,https://huggingface.co/datasets/faridlab/deepaction_v1/resolve/main/BDAnimateDiffLightning/31/c.mp4
BDAnimateDiffLightning__31__d,ai_generated,1,BDAnimateDiffLightning,31,d.mp4,BDAnimateDiffLightning/31/d.mp4,https://huggingface.co/datasets/faridlab/deepaction_v1/resolve/main/BDAnimateDiffLightning/31/d.mp4
BDAnimateDiffLightning__31__e,ai_generated,1,BDAnimateDiffLightning,31,e.mp4,BDAnimateDiffLightning/31/e.mp4,https://huggingface.co/datasets/faridlab/deepaction_v1/resolve/main/BDAnimateDiffLightning/31/e.mp4
BDAnimateDiffLightning__32__a,ai_generated,1,BDAnimateDiffLightning,32,a.mp4,BDAnimateDiffLightning/32/a.mp4,https://huggingface.co/datasets/faridlab/deepaction_v1/resolve/main/BDAnimateDiffLightning/32/a.mp4
BDAnimateDiffLightning__32__b,ai_generated,1,BDAnimateDiffLightning,32,b.mp4,BDAnimateDiffLightning/32/b.mp4,https://huggingface.co/datasets/faridlab/deepaction_v1/resolve/main/BDAnimateDiffLightning/32/b.mp4
BDAnimateDiffLightning__32__c,ai_generated,1,BDAnimateDiffLightning,32,c.mp4,BDAnimateDiffLightning/32/c.mp4,https://huggingface.co/datasets/faridlab/deepaction_v1/resolve/main/BDAnimateDiffLightning/32/c.mp4
BDAnimateDiffLightning__32__d,ai_generated,1,BDAnimateDiffLightning,32,d.mp4,BDAnimateDiffLightning/32/d.mp4,https://huggingface.co/datasets/faridlab/deepaction_v1/resolve/main/BDAnimateDiffLightning/32/d.mp4
BDAnimateDiffLightning__32__e,ai_generated,1,BDAnimateDiffLightning,32,e.mp4,BDAnimateDiffLightning/32/e.mp4,https://huggingface.co/datasets/faridlab/deepaction_v1/resolve/main/BDAnimateDiffLightning/32/e.mp4
BDAnimateDiffLightning__33__a,ai_generated,1,BDAnimateDiffLightning,33,a.mp4,BDAnimateDiffLightning/33/a.mp4,https://huggingface.co/datasets/faridlab/deepaction_v1/resolve/main/BDAnimateDiffLightning/33/a.mp4
BDAnimateDiffLightning__33__b,ai_generated,1,BDAnimateDiffLightning,33,b.mp4,BDAnimateDiffLightning/33/b.mp4,https://huggingface.co/datasets/faridlab/deepaction_v1/resolve/main/BDAnimateDiffLightning/33/b.mp4
BDAnimateDiffLightning__33__c,ai_generated,1,BDAnimateDiffLightning,33,c.mp4,BDAnimateDiffLightning/33/c.mp4,https://huggingface.co/datasets/faridlab/deepaction_v1/resolve/main/BDAnimateDiffLightning/33/c.mp4
BDAnimateDiffLightning__33__d,ai_generated,1,BDAnimateDiffLightning,33,d.mp4,BDAnimateDiffLightning/33/d.mp4,https://huggingface.co/datasets/faridlab/deepaction_v1/resolve/main/BDAnimateDiffLightning/33/d.mp4
BDAnimateDiffLightning__33__e,ai_generated,1,BDAnimateDiffLightning,33,e.mp4,BDAnimateDiffLightning/33/e.mp4,https://huggingface.co/datasets/faridlab/deepaction_v1/resolve/main/BDAnimateDiffLightning/33/e.mp4
BDAnimateDiffLightning__34__a,ai_generated,1,BDAnimateDiffLightning,34,a.mp4,BDAnimateDiffLightning/34/a.mp4,https://huggingface.co/datasets/faridlab/deepaction_v1/resolve/main/BDAnimateDiffLightning/34/a.mp4
BDAnimateDiffLightning__34__b,ai_generated,1,BDAnimateDiffLightning,34,b.mp4,BDAnimateDiffLightning/34/b.mp4,https://huggingface.co/datasets/faridlab/deepaction_v1/resolve/main/BDAnimateDiffLightning/34/b.mp4
BDAnimateDiffLightning__34__c,ai_generated,1,BDAnimateDiffLightning,34,c.mp4,BDAnimateDiffLightning/34/c.mp4,https://huggingface.co/datasets/faridlab/deepaction_v1/resolve/main/BDAnimateDiffLightning/34/c.mp4
BDAnimateDiffLightning__34__d,ai_generated,1,BDAnimateDiffLightning,34,d.mp4,BDAnimateDiffLightning/34/d.mp4,https://huggingface.co/datasets/faridlab/deepaction_v1/resolve/main/BDAnimateDiffLightning/34/d.mp4
BDAnimateDiffLightning__34__e,ai_generated,1,BDAnimateDiffLightning,34,e.mp4,BDAnimateDiffLightning/34/e.mp4,https://huggingface.co/datasets/faridlab/deepaction_v1/resolve/main/BDAnimateDiffLightning/34/e.mp4
BDAnimateDiffLightning__35__a,ai_generated,1,BDAnimateDiffLightning,35,a.mp4,BDAnimateDiffLightning/35/a.mp4,https://huggingface.co/datasets/faridlab/deepaction_v1/resolve/main/BDAnimateDiffLightning/35/a.mp4
BDAnimateDiffLightning__35__b,ai_generated,1,BDAnimateDiffLightning,35,b.mp4,BDAnimateDiffLightning/35/b.mp4,https://huggingface.co/datasets/faridlab/deepaction_v1/resolve/main/BDAnimateDiffLightning/35/b.mp4
BDAnimateDiffLightning__35__c,ai_generated,1,BDAnimateDiffLightning,35,c.mp4,BDAnimateDiffLightning/35/c.mp4,https://huggingface.co/datasets/faridlab/deepaction_v1/resolve/main/BDAnimateDiffLightning/35/c.mp4
BDAnimateDiffLightning__35__d,ai_generated,1,BDAnimateDiffLightning,35,d.mp4,BDAnimateDiffLightning/35/d.mp4,https://huggingface.co/datasets/faridlab/deepaction_v1/resolve/main/BDAnimateDiffLightning/35/d.mp4
BDAnimateDiffLightning__35__e,ai_generated,1,BDAnimateDiffLightning,35,e.mp4,BDAnimateDiffLightning/35/e.mp4,https://huggingface.co/datasets/faridlab/deepaction_v1/resolve/main/BDAnimateDiffLightning/35/e.mp4
BDAnimateDiffLightning__36__a,ai_generated,1,BDAnimateDiffLightning,36,a.mp4,BDAnimateDiffLightning/36/a.mp4,https://huggingface.co/datasets/faridlab/deepaction_v1/resolve/main/BDAnimateDiffLightning/36/a.mp4
BDAnimateDiffLightning__36__b,ai_generated,1,BDAnimateDiffLightning,36,b.mp4,BDAnimateDiffLightning/36/b.mp4,https://huggingface.co/datasets/faridlab/deepaction_v1/resolve/main/BDAnimateDiffLightning/36/b.mp4
BDAnimateDiffLightning__36__c,ai_generated,1,BDAnimateDiffLightning,36,c.mp4,BDAnimateDiffLightning/36/c.mp4,https://huggingface.co/datasets/faridlab/deepaction_v1/resolve/main/BDAnimateDiffLightning/36/c.mp4
BDAnimateDiffLightning__36__d,ai_generated,1,BDAnimateDiffLightning,36,d.mp4,BDAnimateDiffLightning/36/d.mp4,https://huggingface.co/datasets/faridlab/deepaction_v1/resolve/main/BDAnimateDiffLightning/36/d.mp4
BDAnimateDiffLightning__36__e,ai_generated,1,BDAnimateDiffLightning,36,e.mp4,BDAnimateDiffLightning/36/e.mp4,https://huggingface.co/datasets/faridlab/deepaction_v1/resolve/main/BDAnimateDiffLightning/36/e.mp4
BDAnimateDiffLightning__37__a,ai_generated,1,BDAnimateDiffLightning,37,a.mp4,BDAnimateDiffLightning/37/a.mp4,https://huggingface.co/datasets/faridlab/deepaction_v1/resolve/main/BDAnimateDiffLightning/37/a.mp4
BDAnimateDiffLightning__37__b,ai_generated,1,BDAnimateDiffLightning,37,b.mp4,BDAnimateDiffLightning/37/b.mp4,https://huggingface.co/datasets/faridlab/deepaction_v1/resolve/main/BDAnimateDiffLightning/37/b.mp4
BDAnimateDiffLightning__37__c,ai_generated,1,BDAnimateDiffLightning,37,c.mp4,BDAnimateDiffLightning/37/c.mp4,https://huggingface.co/datasets/faridlab/deepaction_v1/resolve/main/BDAnimateDiffLightning/37/c.mp4
BDAnimateDiffLightning__37__d,ai_generated,1,BDAnimateDiffLightning,37,d.mp4,BDAnimateDiffLightning/37/d.mp4,https://huggingface.co/datasets/faridlab/deepaction_v1/resolve/main/BDAnimateDiffLightning/37/d.mp4
BDAnimateDiffLightning__37__e,ai_generated,1,BDAnimateDiffLightning,37,e.mp4,BDAnimateDiffLightning/37/e.mp4,https://huggingface.co/datasets/faridlab/deepaction_v1/resolve/main/BDAnimateDiffLightning/37/e.mp4
BDAnimateDiffLightning__38__a,ai_generated,1,BDAnimateDiffLightning,38,a.mp4,BDAnimateDiffLightning/38/a.mp4,https://huggingface.co/datasets/faridlab/deepaction_v1/resolve/main/BDAnimateDiffLightning/38/a.mp4
BDAnimateDiffLightning__38__b,ai_generated,1,BDAnimateDiffLightning,38,b.mp4,BDAnimateDiffLightning/38/b.mp4,https://huggingface.co/datasets/faridlab/deepaction_v1/resolve/main/BDAnimateDiffLightning/38/b.mp4
BDAnimateDiffLightning__38__c,ai_generated,1,BDAnimateDiffLightning,38,c.mp4,BDAnimateDiffLightning/38/c.mp4,https://huggingface.co/datasets/faridlab/deepaction_v1/resolve/main/BDAnimateDiffLightning/38/c.mp4
BDAnimateDiffLightning__38__d,ai_generated,1,BDAnimateDiffLightning,38,d.mp4,BDAnimateDiffLightning/38/d.mp4,https://huggingface.co/datasets/faridlab/deepaction_v1/resolve/main/BDAnimateDiffLightning/38/d.mp4
BDAnimateDiffLightning__38__e,ai_generated,1,BDAnimateDiffLightning,38,e.mp4,BDAnimateDiffLightning/38/e.mp4,https://huggingface.co/datasets/faridlab/deepaction_v1/resolve/main/BDAnimateDiffLightning/38/e.mp4
BDAnimateDiffLightning__39__a,ai_generated,1,BDAnimateDiffLightning,39,a.mp4,BDAnimateDiffLightning/39/a.mp4,https://huggingface.co/datasets/faridlab/deepaction_v1/resolve/main/BDAnimateDiffLightning/39/a.mp4
BDAnimateDiffLightning__39__b,ai_generated,1,BDAnimateDiffLightning,39,b.mp4,BDAnimateDiffLightning/39/b.mp4,https://huggingface.co/datasets/faridlab/deepaction_v1/resolve/main/BDAnimateDiffLightning/39/b.mp4
BDAnimateDiffLightning__39__c,ai_generated,1,BDAnimateDiffLightning,39,c.mp4,BDAnimateDiffLightning/39/c.mp4,https://huggingface.co/datasets/faridlab/deepaction_v1/resolve/main/BDAnimateDiffLightning/39/c.mp4
BDAnimateDiffLightning__39__d,ai_generated,1,BDAnimateDiffLightning,39,d.mp4,BDAnimateDiffLightning/39/d.mp4,https://huggingface.co/datasets/faridlab/deepaction_v1/resolve/main/BDAnimateDiffLightning/39/d.mp4
BDAnimateDiffLightning__39__e,ai_generated,1,BDAnimateDiffLightning,39,e.mp4,BDAnimateDiffLightning/39/e.mp4,https://huggingface.co/datasets/faridlab/deepaction_v1/resolve/main/BDAnimateDiffLightning/39/e.mp4
BDAnimateDiffLightning__4__a,ai_generated,1,BDAnimateDiffLightning,4,a.mp4,BDAnimateDiffLightning/4/a.mp4,https://huggingface.co/datasets/faridlab/deepaction_v1/resolve/main/BDAnimateDiffLightning/4/a.mp4
BDAnimateDiffLightning__4__b,ai_generated,1,BDAnimateDiffLightning,4,b.mp4,BDAnimateDiffLightning/4/b.mp4,https://huggingface.co/datasets/faridlab/deepaction_v1/resolve/main/BDAnimateDiffLightning/4/b.mp4
BDAnimateDiffLightning__4__c,ai_generated,1,BDAnimateDiffLightning,4,c.mp4,BDAnimateDiffLightning/4/c.mp4,https://huggingface.co/datasets/faridlab/deepaction_v1/resolve/main/BDAnimateDiffLightning/4/c.mp4
BDAnimateDiffLightning__4__d,ai_generated,1,BDAnimateDiffLightning,4,d.mp4,BDAnimateDiffLightning/4/d.mp4,https://huggingface.co/datasets/faridlab/deepaction_v1/resolve/main/BDAnimateDiffLightning/4/d.mp4
BDAnimateDiffLightning__4__e,ai_generated,1,BDAnimateDiffLightning,4,e.mp4,BDAnimateDiffLightning/4/e.mp4,https://huggingface.co/datasets/faridlab/deepaction_v1/resolve/main/BDAnimateDiffLightning/4/e.mp4
BDAnimateDiffLightning__40__a,ai_generated,1,BDAnimateDiffLightning,40,a.mp4,BDAnimateDiffLightning/40/a.mp4,https://huggingface.co/datasets/faridlab/deepaction_v1/resolve/main/BDAnimateDiffLightning/40/a.mp4
BDAnimateDiffLightning__40__b,ai_generated,1,BDAnimateDiffLightning,40,b.mp4,BDAnimateDiffLightning/40/b.mp4,https://huggingface.co/datasets/faridlab/deepaction_v1/resolve/main/BDAnimateDiffLightning/40/b.mp4
BDAnimateDiffLightning__40__c,ai_generated,1,BDAnimateDiffLightning,40,c.mp4,BDAnimateDiffLightning/40/c.mp4,https://huggingface.co/datasets/faridlab/deepaction_v1/resolve/main/BDAnimateDiffLightning/40/c.mp4
BDAnimateDiffLightning__40__d,ai_generated,1,BDAnimateDiffLightning,40,d.mp4,BDAnimateDiffLightning/40/d.mp4,https://huggingface.co/datasets/faridlab/deepaction_v1/resolve/main/BDAnimateDiffLightning/40/d.mp4
BDAnimateDiffLightning__40__e,ai_generated,1,BDAnimateDiffLightning,40,e.mp4,BDAnimateDiffLightning/40/e.mp4,https://huggingface.co/datasets/faridlab/deepaction_v1/resolve/main/BDAnimateDiffLightning/40/e.mp4
BDAnimateDiffLightning__41__a,ai_generated,1,BDAnimateDiffLightning,41,a.mp4,BDAnimateDiffLightning/41/a.mp4,https://huggingface.co/datasets/faridlab/deepaction_v1/resolve/main/BDAnimateDiffLightning/41/a.mp4
BDAnimateDiffLightning__41__b,ai_generated,1,BDAnimateDiffLightning,41,b.mp4,BDAnimateDiffLightning/41/b.mp4,https://huggingface.co/datasets/faridlab/deepaction_v1/resolve/main/BDAnimateDiffLightning/41/b.mp4
BDAnimateDiffLightning__41__c,ai_generated,1,BDAnimateDiffLightning,41,c.mp4,BDAnimateDiffLightning/41/c.mp4,https://huggingface.co/datasets/faridlab/deepaction_v1/resolve/main/BDAnimateDiffLightning/41/c.mp4
BDAnimateDiffLightning__41__d,ai_generated,1,BDAnimateDiffLightning,41,d.mp4,BDAnimateDiffLightning/41/d.mp4,https://huggingface.co/datasets/faridlab/deepaction_v1/resolve/main/BDAnimateDiffLightning/41/d.mp4
BDAnimateDiffLightning__41__e,ai_generated,1,BDAnimateDiffLightning,41,e.mp4,BDAnimateDiffLightning/41/e.mp4,https://huggingface.co/datasets/faridlab/deepaction_v1/resolve/main/BDAnimateDiffLightning/41/e.mp4
BDAnimateDiffLightning__42__a,ai_generated,1,BDAnimateDiffLightning,42,a.mp4,BDAnimateDiffLightning/42/a.mp4,https://huggingface.co/datasets/faridlab/deepaction_v1/resolve/main/BDAnimateDiffLightning/42/a.mp4
BDAnimateDiffLightning__42__b,ai_generated,1,BDAnimateDiffLightning,42,b.mp4,BDAnimateDiffLightning/42/b.mp4,https://huggingface.co/datasets/faridlab/deepaction_v1/resolve/main/BDAnimateDiffLightning/42/b.mp4
BDAnimateDiffLightning__42__c,ai_generated,1,BDAnimateDiffLightning,42,c.mp4,BDAnimateDiffLightning/42/c.mp4,https://huggingface.co/datasets/faridlab/deepaction_v1/resolve/main/BDAnimateDiffLightning/42/c.mp4
BDAnimateDiffLightning__42__d,ai_generated,1,BDAnimateDiffLightning,42,d.mp4,BDAnimateDiffLightning/42/d.mp4,https://huggingface.co/datasets/faridlab/deepaction_v1/resolve/main/BDAnimateDiffLightning/42/d.mp4
BDAnimateDiffLightning__42__e,ai_generated,1,BDAnimateDiffLightning,42,e.mp4,BDAnimateDiffLightning/42/e.mp4,https://huggingface.co/datasets/faridlab/deepaction_v1/resolve/main/BDAnimateDiffLightning/42/e.mp4
BDAnimateDiffLightning__43__a,ai_generated,1,BDAnimateDiffLightning,43,a.mp4,BDAnimateDiffLightning/43/a.mp4,https://huggingface.co/datasets/faridlab/deepaction_v1/resolve/main/BDAnimateDiffLightning/43/a.mp4
BDAnimateDiffLightning__43__b,ai_generated,1,BDAnimateDiffLightning,43,b.mp4,BDAnimateDiffLightning/43/b.mp4,https://huggingface.co/datasets/faridlab/deepaction_v1/resolve/main/BDAnimateDiffLightning/43/b.mp4
BDAnimateDiffLightning__43__c,ai_generated,1,BDAnimateDiffLightning,43,c.mp4,BDAnimateDiffLightning/43/c.mp4,https://huggingface.co/datasets/faridlab/deepaction_v1/resolve/main/BDAnimateDiffLightning/43/c.mp4
BDAnimateDiffLightning__43__d,ai_generated,1,BDAnimateDiffLightning,43,d.mp4,BDAnimateDiffLightning/43/d.mp4,https://huggingface.co/datasets/faridlab/deepaction_v1/resolve/main/BDAnimateDiffLightning/43/d.mp4
BDAnimateDiffLightning__43__e,ai_generated,1,BDAnimateDiffLightning,43,e.mp4,BDAnimateDiffLightning/43/e.mp4,https://huggingface.co/datasets/faridlab/deepaction_v1/resolve/main/BDAnimateDiffLightning/43/e.mp4
BDAnimateDiffLightning__44__a,ai_generated,1,BDAnimateDiffLightning,44,a.mp4,BDAnimateDiffLightning/44/a.mp4,https://huggingface.co/datasets/faridlab/deepaction_v1/resolve/main/BDAnimateDiffLightning/44/a.mp4
BDAnimateDiffLightning__44__b,ai_generated,1,BDAnimateDiffLightning,44,b.mp4,BDAnimateDiffLightning/44/b.mp4,https://huggingface.co/datasets/faridlab/deepaction_v1/resolve/main/BDAnimateDiffLightning/44/b.mp4
BDAnimateDiffLightning__44__c,ai_generated,1,BDAnimateDiffLightning,44,c.mp4,BDAnimateDiffLightning/44/c.mp4,https://huggingface.co/datasets/faridlab/deepaction_v1/resolve/main/BDAnimateDiffLightning/44/c.mp4
BDAnimateDiffLightning__44__d,ai_generated,1,BDAnimateDiffLightning,44,d.mp4,BDAnimateDiffLightning/44/d.mp4,https://huggingface.co/datasets/faridlab/deepaction_v1/resolve/main/BDAnimateDiffLightning/44/d.mp4
BDAnimateDiffLightning__44__e,ai_generated,1,BDAnimateDiffLightning,44,e.mp4,BDAnimateDiffLightning/44/e.mp4,https://huggingface.co/datasets/faridlab/deepaction_v1/resolve/main/BDAnimateDiffLightning/44/e.mp4
BDAnimateDiffLightning__45__a,ai_generated,1,BDAnimateDiffLightning,45,a.mp4,BDAnimateDiffLightning/45/a.mp4,https://huggingface.co/datasets/faridlab/deepaction_v1/resolve/main/BDAnimateDiffLightning/45/a.mp4
BDAnimateDiffLightning__45__b,ai_generated,1,BDAnimateDiffLightning,45,b.mp4,BDAnimateDiffLightning/45/b.mp4,https://huggingface.co/datasets/faridlab/deepaction_v1/resolve/main/BDAnimateDiffLightning/45/b.mp4
BDAnimateDiffLightning__45__c,ai_generated,1,BDAnimateDiffLightning,45,c.mp4,BDAnimateDiffLightning/45/c.mp4,https://huggingface.co/datasets/faridlab/deepaction_v1/resolve/main/BDAnimateDiffLightning/45/c.mp4
BDAnimateDiffLightning__45__d,ai_generated,1,BDAnimateDiffLightning,45,d.mp4,BDAnimateDiffLightning/45/d.mp4,https://huggingface.co/datasets/faridlab/deepaction_v1/resolve/main/BDAnimateDiffLightning/45/d.mp4
BDAnimateDiffLightning__45__e,ai_generated,1,BDAnimateDiffLightning,45,e.mp4,BDAnimateDiffLightning/45/e.mp4,https://huggingface.co/datasets/faridlab/deepaction_v1/resolve/main/BDAnimateDiffLightning/45/e.mp4
BDAnimateDiffLightning__46__a,ai_generated,1,BDAnimateDiffLightning,46,a.mp4,BDAnimateDiffLightning/46/a.mp4,https://huggingface.co/datasets/faridlab/deepaction_v1/resolve/main/BDAnimateDiffLightning/46/a.mp4
BDAnimateDiffLightning__46__b,ai_generated,1,BDAnimateDiffLightning,46,b.mp4,BDAnimateDiffLightning/46/b.mp4,https://huggingface.co/datasets/faridlab/deepaction_v1/resolve/main/BDAnimateDiffLightning/46/b.mp4
BDAnimateDiffLightning__46__c,ai_generated,1,BDAnimateDiffLightning,46,c.mp4,BDAnimateDiffLightning/46/c.mp4,https://huggingface.co/datasets/faridlab/deepaction_v1/resolve/main/BDAnimateDiffLightning/46/c.mp4
BDAnimateDiffLightning__46__d,ai_generated,1,BDAnimateDiffLightning,46,d.mp4,BDAnimateDiffLightning/46/d.mp4,https://huggingface.co/datasets/faridlab/deepaction_v1/resolve/main/BDAnimateDiffLightning/46/d.mp4
BDAnimateDiffLightning__46__e,ai_generated,1,BDAnimateDiffLightning,46,e.mp4,BDAnimateDiffLightning/46/e.mp4,https://huggingface.co/datasets/faridlab/deepaction_v1/resolve/main/BDAnimateDiffLightning/46/e.mp4
BDAnimateDiffLightning__47__a,ai_generated,1,BDAnimateDiffLightning,47,a.mp4,BDAnimateDiffLightning/47/a.mp4,https://huggingface.co/datasets/faridlab/deepaction_v1/resolve/main/BDAnimateDiffLightning/47/a.mp4
BDAnimateDiffLightning__47__b,ai_generated,1,BDAnimateDiffLightning,47,b.mp4,BDAnimateDiffLightning/47/b.mp4,https://huggingface.co/datasets/faridlab/deepaction_v1/resolve/main/BDAnimateDiffLightning/47/b.mp4
BDAnimateDiffLightning__47__c,ai_generated,1,BDAnimateDiffLightning,47,c.mp4,BDAnimateDiffLightning/47/c.mp4,https://huggingface.co/datasets/faridlab/deepaction_v1/resolve/main/BDAnimateDiffLightning/47/c.mp4
BDAnimateDiffLightning__47__d,ai_generated,1,BDAnimateDiffLightning,47,d.mp4,BDAnimateDiffLightning/47/d.mp4,https://huggingface.co/datasets/faridlab/deepaction_v1/resolve/main/BDAnimateDiffLightning/47/d.mp4
BDAnimateDiffLightning__47__e,ai_generated,1,BDAnimateDiffLightning,47,e.mp4,BDAnimateDiffLightning/47/e.mp4,https://huggingface.co/datasets/faridlab/deepaction_v1/resolve/main/BDAnimateDiffLightning/47/e.mp4
BDAnimateDiffLightning__48__a,ai_generated,1,BDAnimateDiffLightning,48,a.mp4,BDAnimateDiffLightning/48/a.mp4,https://huggingface.co/datasets/faridlab/deepaction_v1/resolve/main/BDAnimateDiffLightning/48/a.mp4
BDAnimateDiffLightning__48__b,ai_generated,1,BDAnimateDiffLightning,48,b.mp4,BDAnimateDiffLightning/48/b.mp4,https://huggingface.co/datasets/faridlab/deepaction_v1/resolve/main/BDAnimateDiffLightning/48/b.mp4
BDAnimateDiffLightning__48__c,ai_generated,1,BDAnimateDiffLightning,48,c.mp4,BDAnimateDiffLightning/48/c.mp4,https://huggingface.co/datasets/faridlab/deepaction_v1/resolve/main/BDAnimateDiffLightning/48/c.mp4
BDAnimateDiffLightning__48__d,ai_generated,1,BDAnimateDiffLightning,48,d.mp4,BDAnimateDiffLightning/48/d.mp4,https://huggingface.co/datasets/faridlab/deepaction_v1/resolve/main/BDAnimateDiffLightning/48/d.mp4
BDAnimateDiffLightning__48__e,ai_generated,1,BDAnimateDiffLightning,48,e.mp4,BDAnimateDiffLightning/48/e.mp4,https://huggingface.co/datasets/faridlab/deepaction_v1/resolve/main/BDAnimateDiffLightning/48/e.mp4
BDAnimateDiffLightning__49__a,ai_generated,1,BDAnimateDiffLightning,49,a.mp4,BDAnimateDiffLightning/49/a.mp4,https://huggingface.co/datasets/faridlab/deepaction_v1/resolve/main/BDAnimateDiffLightning/49/a.mp4
BDAnimateDiffLightning__49__b,ai_generated,1,BDAnimateDiffLightning,49,b.mp4,BDAnimateDiffLightning/49/b.mp4,https://huggingface.co/datasets/faridlab/deepaction_v1/resolve/main/BDAnimateDiffLightning/49/b.mp4
BDAnimateDiffLightning__49__c,ai_generated,1,BDAnimateDiffLightning,49,c.mp4,BDAnimateDiffLightning/49/c.mp4,https://huggingface.co/datasets/faridlab/deepaction_v1/resolve/main/BDAnimateDiffLightning/49/c.mp4
BDAnimateDiffLightning__49__d,ai_generated,1,BDAnimateDiffLightning,49,d.mp4,BDAnimateDiffLightning/49/d.mp4,https://huggingface.co/datasets/faridlab/deepaction_v1/resolve/main/BDAnimateDiffLightning/49/d.mp4
BDAnimateDiffLightning__49__e,ai_generated,1,BDAnimateDiffLightning,49,e.mp4,BDAnimateDiffLightning/49/e.mp4,https://huggingface.co/datasets/faridlab/deepaction_v1/resolve/main/BDAnimateDiffLightning/49/e.mp4
BDAnimateDiffLightning__5__a,ai_generated,1,BDAnimateDiffLightning,5,a.mp4,BDAnimateDiffLightning/5/a.mp4,https://huggingface.co/datasets/faridlab/deepaction_v1/resolve/main/BDAnimateDiffLightning/5/a.mp4
BDAnimateDiffLightning__5__b,ai_generated,1,BDAnimateDiffLightning,5,b.mp4,BDAnimateDiffLightning/5/b.mp4,https://huggingface.co/datasets/faridlab/deepaction_v1/resolve/main/BDAnimateDiffLightning/5/b.mp4
BDAnimateDiffLightning__5__c,ai_generated,1,BDAnimateDiffLightning,5,c.mp4,BDAnimateDiffLightning/5/c.mp4,https://huggingface.co/datasets/faridlab/deepaction_v1/resolve/main/BDAnimateDiffLightning/5/c.mp4
BDAnimateDiffLightning__5__d,ai_generated,1,BDAnimateDiffLightning,5,d.mp4,BDAnimateDiffLightning/5/d.mp4,https://huggingface.co/datasets/faridlab/deepaction_v1/resolve/main/BDAnimateDiffLightning/5/d.mp4
BDAnimateDiffLightning__5__e,ai_generated,1,BDAnimateDiffLightning,5,e.mp4,BDAnimateDiffLightning/5/e.mp4,https://huggingface.co/datasets/faridlab/deepaction_v1/resolve/main/BDAnimateDiffLightning/5/e.mp4
BDAnimateDiffLightning__50__a,ai_generated,1,BDAnimateDiffLightning,50,a.mp4,BDAnimateDiffLightning/50/a.mp4,https://huggingface.co/datasets/faridlab/deepaction_v1/resolve/main/BDAnimateDiffLightning/50/a.mp4
BDAnimateDiffLightning__50__b,ai_generated,1,BDAnimateDiffLightning,50,b.mp4,BDAnimateDiffLightning/50/b.mp4,https://huggingface.co/datasets/faridlab/deepaction_v1/resolve/main/BDAnimateDiffLightning/50/b.mp4
BDAnimateDiffLightning__50__c,ai_generated,1,BDAnimateDiffLightning,50,c.mp4,BDAnimateDiffLightning/50/c.mp4,https://huggingface.co/datasets/faridlab/deepaction_v1/resolve/main/BDAnimateDiffLightning/50/c.mp4
BDAnimateDiffLightning__50__d,ai_generated,1,BDAnimateDiffLightning,50,d.mp4,BDAnimateDiffLightning/50/d.mp4,https://huggingface.co/datasets/faridlab/deepaction_v1/resolve/main/BDAnimateDiffLightning/50/d.mp4
BDAnimateDiffLightning__50__e,ai_generated,1,BDAnimateDiffLightning,50,e.mp4,BDAnimateDiffLightning/50/e.mp4,https://huggingface.co/datasets/faridlab/deepaction_v1/resolve/main/BDAnimateDiffLightning/50/e.mp4
BDAnimateDiffLightning__51__a,ai_generated,1,BDAnimateDiffLightning,51,a.mp4,BDAnimateDiffLightning/51/a.mp4,https://huggingface.co/datasets/faridlab/deepaction_v1/resolve/main/BDAnimateDiffLightning/51/a.mp4
BDAnimateDiffLightning__51__b,ai_generated,1,BDAnimateDiffLightning,51,b.mp4,BDAnimateDiffLightning/51/b.mp4,https://huggingface.co/datasets/faridlab/deepaction_v1/resolve/main/BDAnimateDiffLightning/51/b.mp4
BDAnimateDiffLightning__51__c,ai_generated,1,BDAnimateDiffLightning,51,c.mp4,BDAnimateDiffLightning/51/c.mp4,https://huggingface.co/datasets/faridlab/deepaction_v1/resolve/main/BDAnimateDiffLightning/51/c.mp4
BDAnimateDiffLightning__51__d,ai_generated,1,BDAnimateDiffLightning,51,d.mp4,BDAnimateDiffLightning/51/d.mp4,https://huggingface.co/datasets/faridlab/deepaction_v1/resolve/main/BDAnimateDiffLightning/51/d.mp4
BDAnimateDiffLightning__51__e,ai_generated,1,BDAnimateDiffLightning,51,e.mp4,BDAnimateDiffLightning/51/e.mp4,https://huggingface.co/datasets/faridlab/deepaction_v1/resolve/main/BDAnimateDiffLightning/51/e.mp4
BDAnimateDiffLightning__52__a,ai_generated,1,BDAnimateDiffLightning,52,a.mp4,BDAnimateDiffLightning/52/a.mp4,https://huggingface.co/datasets/faridlab/deepaction_v1/resolve/main/BDAnimateDiffLightning/52/a.mp4
BDAnimateDiffLightning__52__b,ai_generated,1,BDAnimateDiffLightning,52,b.mp4,BDAnimateDiffLightning/52/b.mp4,https://huggingface.co/datasets/faridlab/deepaction_v1/resolve/main/BDAnimateDiffLightning/52/b.mp4
BDAnimateDiffLightning__52__c,ai_generated,1,BDAnimateDiffLightning,52,c.mp4,BDAnimateDiffLightning/52/c.mp4,https://huggingface.co/datasets/faridlab/deepaction_v1/resolve/main/BDAnimateDiffLightning/52/c.mp4
BDAnimateDiffLightning__52__d,ai_generated,1,BDAnimateDiffLightning,52,d.mp4,BDAnimateDiffLightning/52/d.mp4,https://huggingface.co/datasets/faridlab/deepaction_v1/resolve/main/BDAnimateDiffLightning/52/d.mp4
BDAnimateDiffLightning__52__e,ai_generated,1,BDAnimateDiffLightning,52,e.mp4,BDAnimateDiffLightning/52/e.mp4,https://huggingface.co/datasets/faridlab/deepaction_v1/resolve/main/BDAnimateDiffLightning/52/e.mp4
BDAnimateDiffLightning__53__a,ai_generated,1,BDAnimateDiffLightning,53,a.mp4,BDAnimateDiffLightning/53/a.mp4,https://huggingface.co/datasets/faridlab/deepaction_v1/resolve/main/BDAnimateDiffLightning/53/a.mp4
BDAnimateDiffLightning__53__b,ai_generated,1,BDAnimateDiffLightning,53,b.mp4,BDAnimateDiffLightning/53/b.mp4,https://huggingface.co/datasets/faridlab/deepaction_v1/resolve/main/BDAnimateDiffLightning/53/b.mp4
BDAnimateDiffLightning__53__c,ai_generated,1,BDAnimateDiffLightning,53,c.mp4,BDAnimateDiffLightning/53/c.mp4,https://huggingface.co/datasets/faridlab/deepaction_v1/resolve/main/BDAnimateDiffLightning/53/c.mp4
BDAnimateDiffLightning__53__d,ai_generated,1,BDAnimateDiffLightning,53,d.mp4,BDAnimateDiffLightning/53/d.mp4,https://huggingface.co/datasets/faridlab/deepaction_v1/resolve/main/BDAnimateDiffLightning/53/d.mp4
BDAnimateDiffLightning__53__e,ai_generated,1,BDAnimateDiffLightning,53,e.mp4,BDAnimateDiffLightning/53/e.mp4,https://huggingface.co/datasets/faridlab/deepaction_v1/resolve/main/BDAnimateDiffLightning/53/e.mp4
BDAnimateDiffLightning__54__a,ai_generated,1,BDAnimateDiffLightning,54,a.mp4,BDAnimateDiffLightning/54/a.mp4,https://huggingface.co/datasets/faridlab/deepaction_v1/resolve/main/BDAnimateDiffLightning/54/a.mp4
BDAnimateDiffLightning__54__b,ai_generated,1,BDAnimateDiffLightning,54,b.mp4,BDAnimateDiffLightning/54/b.mp4,https://huggingface.co/datasets/faridlab/deepaction_v1/resolve/main/BDAnimateDiffLightning/54/b.mp4
BDAnimateDiffLightning__54__c,ai_generated,1,BDAnimateDiffLightning,54,c.mp4,BDAnimateDiffLightning/54/c.mp4,https://huggingface.co/datasets/faridlab/deepaction_v1/resolve/main/BDAnimateDiffLightning/54/c.mp4
BDAnimateDiffLightning__54__d,ai_generated,1,BDAnimateDiffLightning,54,d.mp4,BDAnimateDiffLightning/54/d.mp4,https://huggingface.co/datasets/faridlab/deepaction_v1/resolve/main/BDAnimateDiffLightning/54/d.mp4
BDAnimateDiffLightning__54__e,ai_generated,1,BDAnimateDiffLightning,54,e.mp4,BDAnimateDiffLightning/54/e.mp4,https://huggingface.co/datasets/faridlab/deepaction_v1/resolve/main/BDAnimateDiffLightning/54/e.mp4
BDAnimateDiffLightning__55__a,ai_generated,1,BDAnimateDiffLightning,55,a.mp4,BDAnimateDiffLightning/55/a.mp4,https://huggingface.co/datasets/faridlab/deepaction_v1/resolve/main/BDAnimateDiffLightning/55/a.mp4
BDAnimateDiffLightning__55__b,ai_generated,1,BDAnimateDiffLightning,55,b.mp4,BDAnimateDiffLightning/55/b.mp4,https://huggingface.co/datasets/faridlab/deepaction_v1/resolve/main/BDAnimateDiffLightning/55/b.mp4
BDAnimateDiffLightning__55__c,ai_generated,1,BDAnimateDiffLightning,55,c.mp4,BDAnimateDiffLightning/55/c.mp4,https://huggingface.co/datasets/faridlab/deepaction_v1/resolve/main/BDAnimateDiffLightning/55/c.mp4
BDAnimateDiffLightning__55__d,ai_generated,1,BDAnimateDiffLightning,55,d.mp4,BDAnimateDiffLightning/55/d.mp4,https://huggingface.co/datasets/faridlab/deepaction_v1/resolve/main/BDAnimateDiffLightning/55/d.mp4
BDAnimateDiffLightning__55__e,ai_generated,1,BDAnimateDiffLightning,55,e.mp4,BDAnimateDiffLightning/55/e.mp4,https://huggingface.co/datasets/faridlab/deepaction_v1/resolve/main/BDAnimateDiffLightning/55/e.mp4
BDAnimateDiffLightning__56__a,ai_generated,1,BDAnimateDiffLightning,56,a.mp4,BDAnimateDiffLightning/56/a.mp4,https://huggingface.co/datasets/faridlab/deepaction_v1/resolve/main/BDAnimateDiffLightning/56/a.mp4
BDAnimateDiffLightning__56__b,ai_generated,1,BDAnimateDiffLightning,56,b.mp4,BDAnimateDiffLightning/56/b.mp4,https://huggingface.co/datasets/faridlab/deepaction_v1/resolve/main/BDAnimateDiffLightning/56/b.mp4
BDAnimateDiffLightning__56__c,ai_generated,1,BDAnimateDiffLightning,56,c.mp4,BDAnimateDiffLightning/56/c.mp4,https://huggingface.co/datasets/faridlab/deepaction_v1/resolve/main/BDAnimateDiffLightning/56/c.mp4
BDAnimateDiffLightning__56__d,ai_generated,1,BDAnimateDiffLightning,56,d.mp4,BDAnimateDiffLightning/56/d.mp4,https://huggingface.co/datasets/faridlab/deepaction_v1/resolve/main/BDAnimateDiffLightning/56/d.mp4
BDAnimateDiffLightning__56__e,ai_generated,1,BDAnimateDiffLightning,56,e.mp4,BDAnimateDiffLightning/56/e.mp4,https://huggingface.co/datasets/faridlab/deepaction_v1/resolve/main/BDAnimateDiffLightning/56/e.mp4
BDAnimateDiffLightning__57__a,ai_generated,1,BDAnimateDiffLightning,57,a.mp4,BDAnimateDiffLightning/57/a.mp4,https://huggingface.co/datasets/faridlab/deepaction_v1/resolve/main/BDAnimateDiffLightning/57/a.mp4
BDAnimateDiffLightning__57__b,ai_generated,1,BDAnimateDiffLightning,57,b.mp4,BDAnimateDiffLightning/57/b.mp4,https://huggingface.co/datasets/faridlab/deepaction_v1/resolve/main/BDAnimateDiffLightning/57/b.mp4
BDAnimateDiffLightning__57__c,ai_generated,1,BDAnimateDiffLightning,57,c.mp4,BDAnimateDiffLightning/57/c.mp4,https://huggingface.co/datasets/faridlab/deepaction_v1/resolve/main/BDAnimateDiffLightning/57/c.mp4
BDAnimateDiffLightning__57__d,ai_generated,1,BDAnimateDiffLightning,57,d.mp4,BDAnimateDiffLightning/57/d.mp4,https://huggingface.co/datasets/faridlab/deepaction_v1/resolve/main/BDAnimateDiffLightning/57/d.mp4
BDAnimateDiffLightning__57__e,ai_generated,1,BDAnimateDiffLightning,57,e.mp4,BDAnimateDiffLightning/57/e.mp4,https://huggingface.co/datasets/faridlab/deepaction_v1/resolve/main/BDAnimateDiffLightning/57/e.mp4
BDAnimateDiffLightning__58__a,ai_generated,1,BDAnimateDiffLightning,58,a.mp4,BDAnimateDiffLightning/58/a.mp4,https://huggingface.co/datasets/faridlab/deepaction_v1/resolve/main/BDAnimateDiffLightning/58/a.mp4
BDAnimateDiffLightning__58__b,ai_generated,1,BDAnimateDiffLightning,58,b.mp4,BDAnimateDiffLightning/58/b.mp4,https://huggingface.co/datasets/faridlab/deepaction_v1/resolve/main/BDAnimateDiffLightning/58/b.mp4
BDAnimateDiffLightning__58__c,ai_generated,1,BDAnimateDiffLightning,58,c.mp4,BDAnimateDiffLightning/58/c.mp4,https://huggingface.co/datasets/faridlab/deepaction_v1/resolve/main/BDAnimateDiffLightning/58/c.mp4
BDAnimateDiffLightning__58__d,ai_generated,1,BDAnimateDiffLightning,58,d.mp4,BDAnimateDiffLightning/58/d.mp4,https://huggingface.co/datasets/faridlab/deepaction_v1/resolve/main/BDAnimateDiffLightning/58/d.mp4
BDAnimateDiffLightning__58__e,ai_generated,1,BDAnimateDiffLightning,58,e.mp4,BDAnimateDiffLightning/58/e.mp4,https://huggingface.co/datasets/faridlab/deepaction_v1/resolve/main/BDAnimateDiffLightning/58/e.mp4
BDAnimateDiffLightning__59__a,ai_generated,1,BDAnimateDiffLightning,59,a.mp4,BDAnimateDiffLightning/59/a.mp4,https://huggingface.co/datasets/faridlab/deepaction_v1/resolve/main/BDAnimateDiffLightning/59/a.mp4
BDAnimateDiffLightning__59__b,ai_generated,1,BDAnimateDiffLightning,59,b.mp4,BDAnimateDiffLightning/59/b.mp4,https://huggingface.co/datasets/faridlab/deepaction_v1/resolve/main/BDAnimateDiffLightning/59/b.mp4
BDAnimateDiffLightning__59__c,ai_generated,1,BDAnimateDiffLightning,59,c.mp4,BDAnimateDiffLightning/59/c.mp4,https://huggingface.co/datasets/faridlab/deepaction_v1/resolve/main/BDAnimateDiffLightning/59/c.mp4
BDAnimateDiffLightning__59__d,ai_generated,1,BDAnimateDiffLightning,59,d.mp4,BDAnimateDiffLightning/59/d.mp4,https://huggingface.co/datasets/faridlab/deepaction_v1/resolve/main/BDAnimateDiffLightning/59/d.mp4
BDAnimateDiffLightning__59__e,ai_generated,1,BDAnimateDiffLightning,59,e.mp4,BDAnimateDiffLightning/59/e.mp4,https://huggingface.co/datasets/faridlab/deepaction_v1/resolve/main/BDAnimateDiffLightning/59/e.mp4
BDAnimateDiffLightning__6__a,ai_generated,1,BDAnimateDiffLightning,6,a.mp4,BDAnimateDiffLightning/6/a.mp4,https://huggingface.co/datasets/faridlab/deepaction_v1/resolve/main/BDAnimateDiffLightning/6/a.mp4
BDAnimateDiffLightning__6__b,ai_generated,1,BDAnimateDiffLightning,6,b.mp4,BDAnimateDiffLightning/6/b.mp4,https://huggingface.co/datasets/faridlab/deepaction_v1/resolve/main/BDAnimateDiffLightning/6/b.mp4
BDAnimateDiffLightning__6__c,ai_generated,1,BDAnimateDiffLightning,6,c.mp4,BDAnimateDiffLightning/6/c.mp4,https://huggingface.co/datasets/faridlab/deepaction_v1/resolve/main/BDAnimateDiffLightning/6/c.mp4
BDAnimateDiffLightning__6__d,ai_generated,1,BDAnimateDiffLightning,6,d.mp4,BDAnimateDiffLightning/6/d.mp4,https://huggingface.co/datasets/faridlab/deepaction_v1/resolve/main/BDAnimateDiffLightning/6/d.mp4
BDAnimateDiffLightning__6__e,ai_generated,1,BDAnimateDiffLightning,6,e.mp4,BDAnimateDiffLightning/6/e.mp4,https://huggingface.co/datasets/faridlab/deepaction_v1/resolve/main/BDAnimateDiffLightning/6/e.mp4
BDAnimateDiffLightning__60__a,ai_generated,1,BDAnimateDiffLightning,60,a.mp4,BDAnimateDiffLightning/60/a.mp4,https://huggingface.co/datasets/faridlab/deepaction_v1/resolve/main/BDAnimateDiffLightning/60/a.mp4
BDAnimateDiffLightning__60__b,ai_generated,1,BDAnimateDiffLightning,60,b.mp4,BDAnimateDiffLightning/60/b.mp4,https://huggingface.co/datasets/faridlab/deepaction_v1/resolve/main/BDAnimateDiffLightning/60/b.mp4
BDAnimateDiffLightning__60__c,ai_generated,1,BDAnimateDiffLightning,60,c.mp4,BDAnimateDiffLightning/60/c.mp4,https://huggingface.co/datasets/faridlab/deepaction_v1/resolve/main/BDAnimateDiffLightning/60/c.mp4
BDAnimateDiffLightning__60__d,ai_generated,1,BDAnimateDiffLightning,60,d.mp4,BDAnimateDiffLightning/60/d.mp4,https://huggingface.co/datasets/faridlab/deepaction_v1/resolve/main/BDAnimateDiffLightning/60/d.mp4
BDAnimateDiffLightning__60__e,ai_generated,1,BDAnimateDiffLightning,60,e.mp4,BDAnimateDiffLightning/60/e.mp4,https://huggingface.co/datasets/faridlab/deepaction_v1/resolve/main/BDAnimateDiffLightning/60/e.mp4
BDAnimateDiffLightning__61__a,ai_generated,1,BDAnimateDiffLightning,61,a.mp4,BDAnimateDiffLightning/61/a.mp4,https://huggingface.co/datasets/faridlab/deepaction_v1/resolve/main/BDAnimateDiffLightning/61/a.mp4
BDAnimateDiffLightning__61__b,ai_generated,1,BDAnimateDiffLightning,61,b.mp4,BDAnimateDiffLightning/61/b.mp4,https://huggingface.co/datasets/faridlab/deepaction_v1/resolve/main/BDAnimateDiffLightning/61/b.mp4
BDAnimateDiffLightning__61__c,ai_generated,1,BDAnimateDiffLightning,61,c.mp4,BDAnimateDiffLightning/61/c.mp4,https://huggingface.co/datasets/faridlab/deepaction_v1/resolve/main/BDAnimateDiffLightning/61/c.mp4
BDAnimateDiffLightning__61__d,ai_generated,1,BDAnimateDiffLightning,61,d.mp4,BDAnimateDiffLightning/61/d.mp4,https://huggingface.co/datasets/faridlab/deepaction_v1/resolve/main/BDAnimateDiffLightning/61/d.mp4
BDAnimateDiffLightning__61__e,ai_generated,1,BDAnimateDiffLightning,61,e.mp4,BDAnimateDiffLightning/61/e.mp4,https://huggingface.co/datasets/faridlab/deepaction_v1/resolve/main/BDAnimateDiffLightning/61/e.mp4
BDAnimateDiffLightning__62__a,ai_generated,1,BDAnimateDiffLightning,62,a.mp4,BDAnimateDiffLightning/62/a.mp4,https://huggingface.co/datasets/faridlab/deepaction_v1/resolve/main/BDAnimateDiffLightning/62/a.mp4
BDAnimateDiffLightning__62__b,ai_generated,1,BDAnimateDiffLightning,62,b.mp4,BDAnimateDiffLightning/62/b.mp4,https://huggingface.co/datasets/faridlab/deepaction_v1/resolve/main/BDAnimateDiffLightning/62/b.mp4
BDAnimateDiffLightning__62__c,ai_generated,1,BDAnimateDiffLightning,62,c.mp4,BDAnimateDiffLightning/62/c.mp4,https://huggingface.co/datasets/faridlab/deepaction_v1/resolve/main/BDAnimateDiffLightning/62/c.mp4
BDAnimateDiffLightning__62__d,ai_generated,1,BDAnimateDiffLightning,62,d.mp4,BDAnimateDiffLightning/62/d.mp4,https://huggingface.co/datasets/faridlab/deepaction_v1/resolve/main/BDAnimateDiffLightning/62/d.mp4
BDAnimateDiffLightning__62__e,ai_generated,1,BDAnimateDiffLightning,62,e.mp4,BDAnimateDiffLightning/62/e.mp4,https://huggingface.co/datasets/faridlab/deepaction_v1/resolve/main/BDAnimateDiffLightning/62/e.mp4
BDAnimateDiffLightning__63__a,ai_generated,1,BDAnimateDiffLightning,63,a.mp4,BDAnimateDiffLightning/63/a.mp4,https://huggingface.co/datasets/faridlab/deepaction_v1/resolve/main/BDAnimateDiffLightning/63/a.mp4
BDAnimateDiffLightning__63__b,ai_generated,1,BDAnimateDiffLightning,63,b.mp4,BDAnimateDiffLightning/63/b.mp4,https://huggingface.co/datasets/faridlab/deepaction_v1/resolve/main/BDAnimateDiffLightning/63/b.mp4
BDAnimateDiffLightning__63__c,ai_generated,1,BDAnimateDiffLightning,63,c.mp4,BDAnimateDiffLightning/63/c.mp4,https://huggingface.co/datasets/faridlab/deepaction_v1/resolve/main/BDAnimateDiffLightning/63/c.mp4
BDAnimateDiffLightning__63__d,ai_generated,1,BDAnimateDiffLightning,63,d.mp4,BDAnimateDiffLightning/63/d.mp4,https://huggingface.co/datasets/faridlab/deepaction_v1/resolve/main/BDAnimateDiffLightning/63/d.mp4
BDAnimateDiffLightning__63__e,ai_generated,1,BDAnimateDiffLightning,63,e.mp4,BDAnimateDiffLightning/63/e.mp4,https://huggingface.co/datasets/faridlab/deepaction_v1/resolve/main/BDAnimateDiffLightning/63/e.mp4
BDAnimateDiffLightning__64__a,ai_generated,1,BDAnimateDiffLightning,64,a.mp4,BDAnimateDiffLightning/64/a.mp4,https://huggingface.co/datasets/faridlab/deepaction_v1/resolve/main/BDAnimateDiffLightning/64/a.mp4
BDAnimateDiffLightning__64__b,ai_generated,1,BDAnimateDiffLightning,64,b.mp4,BDAnimateDiffLightning/64/b.mp4,https://huggingface.co/datasets/faridlab/deepaction_v1/resolve/main/BDAnimateDiffLightning/64/b.mp4
BDAnimateDiffLightning__64__c,ai_generated,1,BDAnimateDiffLightning,64,c.mp4,BDAnimateDiffLightning/64/c.mp4,https://huggingface.co/datasets/faridlab/deepaction_v1/resolve/main/BDAnimateDiffLightning/64/c.mp4
BDAnimateDiffLightning__64__d,ai_generated,1,BDAnimateDiffLightning,64,d.mp4,BDAnimateDiffLightning/64/d.mp4,https://huggingface.co/datasets/faridlab/deepaction_v1/resolve/main/BDAnimateDiffLightning/64/d.mp4
BDAnimateDiffLightning__64__e,ai_generated,1,BDAnimateDiffLightning,64,e.mp4,BDAnimateDiffLightning/64/e.mp4,https://huggingface.co/datasets/faridlab/deepaction_v1/resolve/main/BDAnimateDiffLightning/64/e.mp4
BDAnimateDiffLightning__65__a,ai_generated,1,BDAnimateDiffLightning,65,a.mp4,BDAnimateDiffLightning/65/a.mp4,https://huggingface.co/datasets/faridlab/deepaction_v1/resolve/main/BDAnimateDiffLightning/65/a.mp4
BDAnimateDiffLightning__65__b,ai_generated,1,BDAnimateDiffLightning,65,b.mp4,BDAnimateDiffLightning/65/b.mp4,https://huggingface.co/datasets/faridlab/deepaction_v1/resolve/main/BDAnimateDiffLightning/65/b.mp4
BDAnimateDiffLightning__65__c,ai_generated,1,BDAnimateDiffLightning,65,c.mp4,BDAnimateDiffLightning/65/c.mp4,https://huggingface.co/datasets/faridlab/deepaction_v1/resolve/main/BDAnimateDiffLightning/65/c.mp4
BDAnimateDiffLightning__65__d,ai_generated,1,BDAnimateDiffLightning,65,d.mp4,BDAnimateDiffLightning/65/d.mp4,https://huggingface.co/datasets/faridlab/deepaction_v1/resolve/main/BDAnimateDiffLightning/65/d.mp4
BDAnimateDiffLightning__65__e,ai_generated,1,BDAnimateDiffLightning,65,e.mp4,BDAnimateDiffLightning/65/e.mp4,https://huggingface.co/datasets/faridlab/deepaction_v1/resolve/main/BDAnimateDiffLightning/65/e.mp4
BDAnimateDiffLightning__66__a,ai_generated,1,BDAnimateDiffLightning,66,a.mp4,BDAnimateDiffLightning/66/a.mp4,https://huggingface.co/datasets/faridlab/deepaction_v1/resolve/main/BDAnimateDiffLightning/66/a.mp4
BDAnimateDiffLightning__66__b,ai_generated,1,BDAnimateDiffLightning,66,b.mp4,BDAnimateDiffLightning/66/b.mp4,https://huggingface.co/datasets/faridlab/deepaction_v1/resolve/main/BDAnimateDiffLightning/66/b.mp4
BDAnimateDiffLightning__66__c,ai_generated,1,BDAnimateDiffLightning,66,c.mp4,BDAnimateDiffLightning/66/c.mp4,https://huggingface.co/datasets/faridlab/deepaction_v1/resolve/main/BDAnimateDiffLightning/66/c.mp4
BDAnimateDiffLightning__66__d,ai_generated,1,BDAnimateDiffLightning,66,d.mp4,BDAnimateDiffLightning/66/d.mp4,https://huggingface.co/datasets/faridlab/deepaction_v1/resolve/main/BDAnimateDiffLightning/66/d.mp4
BDAnimateDiffLightning__66__e,ai_generated,1,BDAnimateDiffLightning,66,e.mp4,BDAnimateDiffLightning/66/e.mp4,https://huggingface.co/datasets/faridlab/deepaction_v1/resolve/main/BDAnimateDiffLightning/66/e.mp4
BDAnimateDiffLightning__67__a,ai_generated,1,BDAnimateDiffLightning,67,a.mp4,BDAnimateDiffLightning/67/a.mp4,https://huggingface.co/datasets/faridlab/deepaction_v1/resolve/main/BDAnimateDiffLightning/67/a.mp4
BDAnimateDiffLightning__67__b,ai_generated,1,BDAnimateDiffLightning,67,b.mp4,BDAnimateDiffLightning/67/b.mp4,https://huggingface.co/datasets/faridlab/deepaction_v1/resolve/main/BDAnimateDiffLightning/67/b.mp4
BDAnimateDiffLightning__67__c,ai_generated,1,BDAnimateDiffLightning,67,c.mp4,BDAnimateDiffLightning/67/c.mp4,https://huggingface.co/datasets/faridlab/deepaction_v1/resolve/main/BDAnimateDiffLightning/67/c.mp4
BDAnimateDiffLightning__67__d,ai_generated,1,BDAnimateDiffLightning,67,d.mp4,BDAnimateDiffLightning/67/d.mp4,https://huggingface.co/datasets/faridlab/deepaction_v1/resolve/main/BDAnimateDiffLightning/67/d.mp4
BDAnimateDiffLightning__67__e,ai_generated,1,BDAnimateDiffLightning,67,e.mp4,BDAnimateDiffLightning/67/e.mp4,https://huggingface.co/datasets/faridlab/deepaction_v1/resolve/main/BDAnimateDiffLightning/67/e.mp4
BDAnimateDiffLightning__68__a,ai_generated,1,BDAnimateDiffLightning,68,a.mp4,BDAnimateDiffLightning/68/a.mp4,https://huggingface.co/datasets/faridlab/deepaction_v1/resolve/main/BDAnimateDiffLightning/68/a.mp4
BDAnimateDiffLightning__68__b,ai_generated,1,BDAnimateDiffLightning,68,b.mp4,BDAnimateDiffLightning/68/b.mp4,https://huggingface.co/datasets/faridlab/deepaction_v1/resolve/main/BDAnimateDiffLightning/68/b.mp4
BDAnimateDiffLightning__68__c,ai_generated,1,BDAnimateDiffLightning,68,c.mp4,BDAnimateDiffLightning/68/c.mp4,https://huggingface.co/datasets/faridlab/deepaction_v1/resolve/main/BDAnimateDiffLightning/68/c.mp4
BDAnimateDiffLightning__68__d,ai_generated,1,BDAnimateDiffLightning,68,d.mp4,BDAnimateDiffLightning/68/d.mp4,https://huggingface.co/datasets/faridlab/deepaction_v1/resolve/main/BDAnimateDiffLightning/68/d.mp4
BDAnimateDiffLightning__68__e,ai_generated,1,BDAnimateDiffLightning,68,e.mp4,BDAnimateDiffLightning/68/e.mp4,https://huggingface.co/datasets/faridlab/deepaction_v1/resolve/main/BDAnimateDiffLightning/68/e.mp4
BDAnimateDiffLightning__69__a,ai_generated,1,BDAnimateDiffLightning,69,a.mp4,BDAnimateDiffLightning/69/a.mp4,https://huggingface.co/datasets/faridlab/deepaction_v1/resolve/main/BDAnimateDiffLightning/69/a.mp4
BDAnimateDiffLightning__69__b,ai_generated,1,BDAnimateDiffLightning,69,b.mp4,BDAnimateDiffLightning/69/b.mp4,https://huggingface.co/datasets/faridlab/deepaction_v1/resolve/main/BDAnimateDiffLightning/69/b.mp4
BDAnimateDiffLightning__69__c,ai_generated,1,BDAnimateDiffLightning,69,c.mp4,BDAnimateDiffLightning/69/c.mp4,https://huggingface.co/datasets/faridlab/deepaction_v1/resolve/main/BDAnimateDiffLightning/69/c.mp4
BDAnimateDiffLightning__69__d,ai_generated,1,BDAnimateDiffLightning,69,d.mp4,BDAnimateDiffLightning/69/d.mp4,https://huggingface.co/datasets/faridlab/deepaction_v1/resolve/main/BDAnimateDiffLightning/69/d.mp4
BDAnimateDiffLightning__69__e,ai_generated,1,BDAnimateDiffLightning,69,e.mp4,BDAnimateDiffLightning/69/e.mp4,https://huggingface.co/datasets/faridlab/deepaction_v1/resolve/main/BDAnimateDiffLightning/69/e.mp4
BDAnimateDiffLightning__7__a,ai_generated,1,BDAnimateDiffLightning,7,a.mp4,BDAnimateDiffLightning/7/a.mp4,https://huggingface.co/datasets/faridlab/deepaction_v1/resolve/main/BDAnimateDiffLightning/7/a.mp4
BDAnimateDiffLightning__7__b,ai_generated,1,BDAnimateDiffLightning,7,b.mp4,BDAnimateDiffLightning/7/b.mp4,https://huggingface.co/datasets/faridlab/deepaction_v1/resolve/main/BDAnimateDiffLightning/7/b.mp4
BDAnimateDiffLightning__7__c,ai_generated,1,BDAnimateDiffLightning,7,c.mp4,BDAnimateDiffLightning/7/c.mp4,https://huggingface.co/datasets/faridlab/deepaction_v1/resolve/main/BDAnimateDiffLightning/7/c.mp4
BDAnimateDiffLightning__7__d,ai_generated,1,BDAnimateDiffLightning,7,d.mp4,BDAnimateDiffLightning/7/d.mp4,https://huggingface.co/datasets/faridlab/deepaction_v1/resolve/main/BDAnimateDiffLightning/7/d.mp4
BDAnimateDiffLightning__7__e,ai_generated,1,BDAnimateDiffLightning,7,e.mp4,BDAnimateDiffLightning/7/e.mp4,https://huggingface.co/datasets/faridlab/deepaction_v1/resolve/main/BDAnimateDiffLightning/7/e.mp4
BDAnimateDiffLightning__70__a,ai_generated,1,BDAnimateDiffLightning,70,a.mp4,BDAnimateDiffLightning/70/a.mp4,https://huggingface.co/datasets/faridlab/deepaction_v1/resolve/main/BDAnimateDiffLightning/70/a.mp4
BDAnimateDiffLightning__70__b,ai_generated,1,BDAnimateDiffLightning,70,b.mp4,BDAnimateDiffLightning/70/b.mp4,https://huggingface.co/datasets/faridlab/deepaction_v1/resolve/main/BDAnimateDiffLightning/70/b.mp4
BDAnimateDiffLightning__70__c,ai_generated,1,BDAnimateDiffLightning,70,c.mp4,BDAnimateDiffLightning/70/c.mp4,https://huggingface.co/datasets/faridlab/deepaction_v1/resolve/main/BDAnimateDiffLightning/70/c.mp4
BDAnimateDiffLightning__70__d,ai_generated,1,BDAnimateDiffLightning,70,d.mp4,BDAnimateDiffLightning/70/d.mp4,https://huggingface.co/datasets/faridlab/deepaction_v1/resolve/main/BDAnimateDiffLightning/70/d.mp4
BDAnimateDiffLightning__70__e,ai_generated,1,BDAnimateDiffLightning,70,e.mp4,BDAnimateDiffLightning/70/e.mp4,https://huggingface.co/datasets/faridlab/deepaction_v1/resolve/main/BDAnimateDiffLightning/70/e.mp4
BDAnimateDiffLightning__71__a,ai_generated,1,BDAnimateDiffLightning,71,a.mp4,BDAnimateDiffLightning/71/a.mp4,https://huggingface.co/datasets/faridlab/deepaction_v1/resolve/main/BDAnimateDiffLightning/71/a.mp4
BDAnimateDiffLightning__71__b,ai_generated,1,BDAnimateDiffLightning,71,b.mp4,BDAnimateDiffLightning/71/b.mp4,https://huggingface.co/datasets/faridlab/deepaction_v1/resolve/main/BDAnimateDiffLightning/71/b.mp4
BDAnimateDiffLightning__71__c,ai_generated,1,BDAnimateDiffLightning,71,c.mp4,BDAnimateDiffLightning/71/c.mp4,https://huggingface.co/datasets/faridlab/deepaction_v1/resolve/main/BDAnimateDiffLightning/71/c.mp4
BDAnimateDiffLightning__71__d,ai_generated,1,BDAnimateDiffLightning,71,d.mp4,BDAnimateDiffLightning/71/d.mp4,https://huggingface.co/datasets/faridlab/deepaction_v1/resolve/main/BDAnimateDiffLightning/71/d.mp4
BDAnimateDiffLightning__71__e,ai_generated,1,BDAnimateDiffLightning,71,e.mp4,BDAnimateDiffLightning/71/e.mp4,https://huggingface.co/datasets/faridlab/deepaction_v1/resolve/main/BDAnimateDiffLightning/71/e.mp4
BDAnimateDiffLightning__72__a,ai_generated,1,BDAnimateDiffLightning,72,a.mp4,BDAnimateDiffLightning/72/a.mp4,https://huggingface.co/datasets/faridlab/deepaction_v1/resolve/main/BDAnimateDiffLightning/72/a.mp4
BDAnimateDiffLightning__72__b,ai_generated,1,BDAnimateDiffLightning,72,b.mp4,BDAnimateDiffLightning/72/b.mp4,https://huggingface.co/datasets/faridlab/deepaction_v1/resolve/main/BDAnimateDiffLightning/72/b.mp4
BDAnimateDiffLightning__72__c,ai_generated,1,BDAnimateDiffLightning,72,c.mp4,BDAnimateDiffLightning/72/c.mp4,https://huggingface.co/datasets/faridlab/deepaction_v1/resolve/main/BDAnimateDiffLightning/72/c.mp4
BDAnimateDiffLightning__72__d,ai_generated,1,BDAnimateDiffLightning,72,d.mp4,BDAnimateDiffLightning/72/d.mp4,https://huggingface.co/datasets/faridlab/deepaction_v1/resolve/main/BDAnimateDiffLightning/72/d.mp4
BDAnimateDiffLightning__72__e,ai_generated,1,BDAnimateDiffLightning,72,e.mp4,BDAnimateDiffLightning/72/e.mp4,https://huggingface.co/datasets/faridlab/deepaction_v1/resolve/main/BDAnimateDiffLightning/72/e.mp4
BDAnimateDiffLightning__73__a,ai_generated,1,BDAnimateDiffLightning,73,a.mp4,BDAnimateDiffLightning/73/a.mp4,https://huggingface.co/datasets/faridlab/deepaction_v1/resolve/main/BDAnimateDiffLightning/73/a.mp4
BDAnimateDiffLightning__73__b,ai_generated,1,BDAnimateDiffLightning,73,b.mp4,BDAnimateDiffLightning/73/b.mp4,https://huggingface.co/datasets/faridlab/deepaction_v1/resolve/main/BDAnimateDiffLightning/73/b.mp4
BDAnimateDiffLightning__73__c,ai_generated,1,BDAnimateDiffLightning,73,c.mp4,BDAnimateDiffLightning/73/c.mp4,https://huggingface.co/datasets/faridlab/deepaction_v1/resolve/main/BDAnimateDiffLightning/73/c.mp4
BDAnimateDiffLightning__73__d,ai_generated,1,BDAnimateDiffLightning,73,d.mp4,BDAnimateDiffLightning/73/d.mp4,https://huggingface.co/datasets/faridlab/deepaction_v1/resolve/main/BDAnimateDiffLightning/73/d.mp4
BDAnimateDiffLightning__73__e,ai_generated,1,BDAnimateDiffLightning,73,e.mp4,BDAnimateDiffLightning/73/e.mp4,https://huggingface.co/datasets/faridlab/deepaction_v1/resolve/main/BDAnimateDiffLightning/73/e.mp4
BDAnimateDiffLightning__74__a,ai_generated,1,BDAnimateDiffLightning,74,a.mp4,BDAnimateDiffLightning/74/a.mp4,https://huggingface.co/datasets/faridlab/deepaction_v1/resolve/main/BDAnimateDiffLightning/74/a.mp4
BDAnimateDiffLightning__74__b,ai_generated,1,BDAnimateDiffLightning,74,b.mp4,BDAnimateDiffLightning/74/b.mp4,https://huggingface.co/datasets/faridlab/deepaction_v1/resolve/main/BDAnimateDiffLightning/74/b.mp4
BDAnimateDiffLightning__74__c,ai_generated,1,BDAnimateDiffLightning,74,c.mp4,BDAnimateDiffLightning/74/c.mp4,https://huggingface.co/datasets/faridlab/deepaction_v1/resolve/main/BDAnimateDiffLightning/74/c.mp4
BDAnimateDiffLightning__74__d,ai_generated,1,BDAnimateDiffLightning,74,d.mp4,BDAnimateDiffLightning/74/d.mp4,https://huggingface.co/datasets/faridlab/deepaction_v1/resolve/main/BDAnimateDiffLightning/74/d.mp4
BDAnimateDiffLightning__74__e,ai_generated,1,BDAnimateDiffLightning,74,e.mp4,BDAnimateDiffLightning/74/e.mp4,https://huggingface.co/datasets/faridlab/deepaction_v1/resolve/main/BDAnimateDiffLightning/74/e.mp4
BDAnimateDiffLightning__75__a,ai_generated,1,BDAnimateDiffLightning,75,a.mp4,BDAnimateDiffLightning/75/a.mp4,https://huggingface.co/datasets/faridlab/deepaction_v1/resolve/main/BDAnimateDiffLightning/75/a.mp4
BDAnimateDiffLightning__75__b,ai_generated,1,BDAnimateDiffLightning,75,b.mp4,BDAnimateDiffLightning/75/b.mp4,https://huggingface.co/datasets/faridlab/deepaction_v1/resolve/main/BDAnimateDiffLightning/75/b.mp4
BDAnimateDiffLightning__75__c,ai_generated,1,BDAnimateDiffLightning,75,c.mp4,BDAnimateDiffLightning/75/c.mp4,https://huggingface.co/datasets/faridlab/deepaction_v1/resolve/main/BDAnimateDiffLightning/75/c.mp4
BDAnimateDiffLightning__75__d,ai_generated,1,BDAnimateDiffLightning,75,d.mp4,BDAnimateDiffLightning/75/d.mp4,https://huggingface.co/datasets/faridlab/deepaction_v1/resolve/main/BDAnimateDiffLightning/75/d.mp4
BDAnimateDiffLightning__75__e,ai_generated,1,BDAnimateDiffLightning,75,e.mp4,BDAnimateDiffLightning/75/e.mp4,https://huggingface.co/datasets/faridlab/deepaction_v1/resolve/main/BDAnimateDiffLightning/75/e.mp4
BDAnimateDiffLightning__76__a,ai_generated,1,BDAnimateDiffLightning,76,a.mp4,BDAnimateDiffLightning/76/a.mp4,https://huggingface.co/datasets/faridlab/deepaction_v1/resolve/main/BDAnimateDiffLightning/76/a.mp4
BDAnimateDiffLightning__76__b,ai_generated,1,BDAnimateDiffLightning,76,b.mp4,BDAnimateDiffLightning/76/b.mp4,https://huggingface.co/datasets/faridlab/deepaction_v1/resolve/main/BDAnimateDiffLightning/76/b.mp4
BDAnimateDiffLightning__76__c,ai_generated,1,BDAnimateDiffLightning,76,c.mp4,BDAnimateDiffLightning/76/c.mp4,https://huggingface.co/datasets/faridlab/deepaction_v1/resolve/main/BDAnimateDiffLightning/76/c.mp4
BDAnimateDiffLightning__76__d,ai_generated,1,BDAnimateDiffLightning,76,d.mp4,BDAnimateDiffLightning/76/d.mp4,https://huggingface.co/datasets/faridlab/deepaction_v1/resolve/main/BDAnimateDiffLightning/76/d.mp4
BDAnimateDiffLightning__76__e,ai_generated,1,BDAnimateDiffLightning,76,e.mp4,BDAnimateDiffLightning/76/e.mp4,https://huggingface.co/datasets/faridlab/deepaction_v1/resolve/main/BDAnimateDiffLightning/76/e.mp4
BDAnimateDiffLightning__77__a,ai_generated,1,BDAnimateDiffLightning,77,a.mp4,BDAnimateDiffLightning/77/a.mp4,https://huggingface.co/datasets/faridlab/deepaction_v1/resolve/main/BDAnimateDiffLightning/77/a.mp4
BDAnimateDiffLightning__77__b,ai_generated,1,BDAnimateDiffLightning,77,b.mp4,BDAnimateDiffLightning/77/b.mp4,https://huggingface.co/datasets/faridlab/deepaction_v1/resolve/main/BDAnimateDiffLightning/77/b.mp4
BDAnimateDiffLightning__77__c,ai_generated,1,BDAnimateDiffLightning,77,c.mp4,BDAnimateDiffLightning/77/c.mp4,https://huggingface.co/datasets/faridlab/deepaction_v1/resolve/main/BDAnimateDiffLightning/77/c.mp4
BDAnimateDiffLightning__77__d,ai_generated,1,BDAnimateDiffLightning,77,d.mp4,BDAnimateDiffLightning/77/d.mp4,https://huggingface.co/datasets/faridlab/deepaction_v1/resolve/main/BDAnimateDiffLightning/77/d.mp4
BDAnimateDiffLightning__77__e,ai_generated,1,BDAnimateDiffLightning,77,e.mp4,BDAnimateDiffLightning/77/e.mp4,https://huggingface.co/datasets/faridlab/deepaction_v1/resolve/main/BDAnimateDiffLightning/77/e.mp4
BDAnimateDiffLightning__78__a,ai_generated,1,BDAnimateDiffLightning,78,a.mp4,BDAnimateDiffLightning/78/a.mp4,https://huggingface.co/datasets/faridlab/deepaction_v1/resolve/main/BDAnimateDiffLightning/78/a.mp4
BDAnimateDiffLightning__78__b,ai_generated,1,BDAnimateDiffLightning,78,b.mp4,BDAnimateDiffLightning/78/b.mp4,https://huggingface.co/datasets/faridlab/deepaction_v1/resolve/main/BDAnimateDiffLightning/78/b.mp4
BDAnimateDiffLightning__78__c,ai_generated,1,BDAnimateDiffLightning,78,c.mp4,BDAnimateDiffLightning/78/c.mp4,https://huggingface.co/datasets/faridlab/deepaction_v1/resolve/main/BDAnimateDiffLightning/78/c.mp4
BDAnimateDiffLightning__78__d,ai_generated,1,BDAnimateDiffLightning,78,d.mp4,BDAnimateDiffLightning/78/d.mp4,https://huggingface.co/datasets/faridlab/deepaction_v1/resolve/main/BDAnimateDiffLightning/78/d.mp4
BDAnimateDiffLightning__78__e,ai_generated,1,BDAnimateDiffLightning,78,e.mp4,BDAnimateDiffLightning/78/e.mp4,https://huggingface.co/datasets/faridlab/deepaction_v1/resolve/main/BDAnimateDiffLightning/78/e.mp4
BDAnimateDiffLightning__79__a,ai_generated,1,BDAnimateDiffLightning,79,a.mp4,BDAnimateDiffLightning/79/a.mp4,https://huggingface.co/datasets/faridlab/deepaction_v1/resolve/main/BDAnimateDiffLightning/79/a.mp4
BDAnimateDiffLightning__79__b,ai_generated,1,BDAnimateDiffLightning,79,b.mp4,BDAnimateDiffLightning/79/b.mp4,https://huggingface.co/datasets/faridlab/deepaction_v1/resolve/main/BDAnimateDiffLightning/79/b.mp4
BDAnimateDiffLightning__79__c,ai_generated,1,BDAnimateDiffLightning,79,c.mp4,BDAnimateDiffLightning/79/c.mp4,https://huggingface.co/datasets/faridlab/deepaction_v1/resolve/main/BDAnimateDiffLightning/79/c.mp4
BDAnimateDiffLightning__79__d,ai_generated,1,BDAnimateDiffLightning,79,d.mp4,BDAnimateDiffLightning/79/d.mp4,https://huggingface.co/datasets/faridlab/deepaction_v1/resolve/main/BDAnimateDiffLightning/79/d.mp4
BDAnimateDiffLightning__79__e,ai_generated,1,BDAnimateDiffLightning,79,e.mp4,BDAnimateDiffLightning/79/e.mp4,https://huggingface.co/datasets/faridlab/deepaction_v1/resolve/main/BDAnimateDiffLightning/79/e.mp4
BDAnimateDiffLightning__8__a,ai_generated,1,BDAnimateDiffLightning,8,a.mp4,BDAnimateDiffLightning/8/a.mp4,https://huggingface.co/datasets/faridlab/deepaction_v1/resolve/main/BDAnimateDiffLightning/8/a.mp4
BDAnimateDiffLightning__8__b,ai_generated,1,BDAnimateDiffLightning,8,b.mp4,BDAnimateDiffLightning/8/b.mp4,https://huggingface.co/datasets/faridlab/deepaction_v1/resolve/main/BDAnimateDiffLightning/8/b.mp4
BDAnimateDiffLightning__8__c,ai_generated,1,BDAnimateDiffLightning,8,c.mp4,BDAnimateDiffLightning/8/c.mp4,https://huggingface.co/datasets/faridlab/deepaction_v1/resolve/main/BDAnimateDiffLightning/8/c.mp4
BDAnimateDiffLightning__8__d,ai_generated,1,BDAnimateDiffLightning,8,d.mp4,BDAnimateDiffLightning/8/d.mp4,https://huggingface.co/datasets/faridlab/deepaction_v1/resolve/main/BDAnimateDiffLightning/8/d.mp4
BDAnimateDiffLightning__8__e,ai_generated,1,BDAnimateDiffLightning,8,e.mp4,BDAnimateDiffLightning/8/e.mp4,https://huggingface.co/datasets/faridlab/deepaction_v1/resolve/main/BDAnimateDiffLightning/8/e.mp4
BDAnimateDiffLightning__80__a,ai_generated,1,BDAnimateDiffLightning,80,a.mp4,BDAnimateDiffLightning/80/a.mp4,https://huggingface.co/datasets/faridlab/deepaction_v1/resolve/main/BDAnimateDiffLightning/80/a.mp4
BDAnimateDiffLightning__80__b,ai_generated,1,BDAnimateDiffLightning,80,b.mp4,BDAnimateDiffLightning/80/b.mp4,https://huggingface.co/datasets/faridlab/deepaction_v1/resolve/main/BDAnimateDiffLightning/80/b.mp4
BDAnimateDiffLightning__80__c,ai_generated,1,BDAnimateDiffLightning,80,c.mp4,BDAnimateDiffLightning/80/c.mp4,https://huggingface.co/datasets/faridlab/deepaction_v1/resolve/main/BDAnimateDiffLightning/80/c.mp4
BDAnimateDiffLightning__80__d,ai_generated,1,BDAnimateDiffLightning,80,d.mp4,BDAnimateDiffLightning/80/d.mp4,https://huggingface.co/datasets/faridlab/deepaction_v1/resolve/main/BDAnimateDiffLightning/80/d.mp4
BDAnimateDiffLightning__80__e,ai_generated,1,BDAnimateDiffLightning,80,e.mp4,BDAnimateDiffLightning/80/e.mp4,https://huggingface.co/datasets/faridlab/deepaction_v1/resolve/main/BDAnimateDiffLightning/80/e.mp4
BDAnimateDiffLightning__81__a,ai_generated,1,BDAnimateDiffLightning,81,a.mp4,BDAnimateDiffLightning/81/a.mp4,https://huggingface.co/datasets/faridlab/deepaction_v1/resolve/main/BDAnimateDiffLightning/81/a.mp4
BDAnimateDiffLightning__81__b,ai_generated,1,BDAnimateDiffLightning,81,b.mp4,BDAnimateDiffLightning/81/b.mp4,https://huggingface.co/datasets/faridlab/deepaction_v1/resolve/main/BDAnimateDiffLightning/81/b.mp4
BDAnimateDiffLightning__81__c,ai_generated,1,BDAnimateDiffLightning,81,c.mp4,BDAnimateDiffLightning/81/c.mp4,https://huggingface.co/datasets/faridlab/deepaction_v1/resolve/main/BDAnimateDiffLightning/81/c.mp4
BDAnimateDiffLightning__81__d,ai_generated,1,BDAnimateDiffLightning,81,d.mp4,BDAnimateDiffLightning/81/d.mp4,https://huggingface.co/datasets/faridlab/deepaction_v1/resolve/main/BDAnimateDiffLightning/81/d.mp4
BDAnimateDiffLightning__81__e,ai_generated,1,BDAnimateDiffLightning,81,e.mp4,BDAnimateDiffLightning/81/e.mp4,https://huggingface.co/datasets/faridlab/deepaction_v1/resolve/main/BDAnimateDiffLightning/81/e.mp4
BDAnimateDiffLightning__82__a,ai_generated,1,BDAnimateDiffLightning,82,a.mp4,BDAnimateDiffLightning/82/a.mp4,https://huggingface.co/datasets/faridlab/deepaction_v1/resolve/main/BDAnimateDiffLightning/82/a.mp4
BDAnimateDiffLightning__82__b,ai_generated,1,BDAnimateDiffLightning,82,b.mp4,BDAnimateDiffLightning/82/b.mp4,https://huggingface.co/datasets/faridlab/deepaction_v1/resolve/main/BDAnimateDiffLightning/82/b.mp4
BDAnimateDiffLightning__82__c,ai_generated,1,BDAnimateDiffLightning,82,c.mp4,BDAnimateDiffLightning/82/c.mp4,https://huggingface.co/datasets/faridlab/deepaction_v1/resolve/main/BDAnimateDiffLightning/82/c.mp4
BDAnimateDiffLightning__82__d,ai_generated,1,BDAnimateDiffLightning,82,d.mp4,BDAnimateDiffLightning/82/d.mp4,https://huggingface.co/datasets/faridlab/deepaction_v1/resolve/main/BDAnimateDiffLightning/82/d.mp4
BDAnimateDiffLightning__82__e,ai_generated,1,BDAnimateDiffLightning,82,e.mp4,BDAnimateDiffLightning/82/e.mp4,https://huggingface.co/datasets/faridlab/deepaction_v1/resolve/main/BDAnimateDiffLightning/82/e.mp4
BDAnimateDiffLightning__83__a,ai_generated,1,BDAnimateDiffLightning,83,a.mp4,BDAnimateDiffLightning/83/a.mp4,https://huggingface.co/datasets/faridlab/deepaction_v1/resolve/main/BDAnimateDiffLightning/83/a.mp4
BDAnimateDiffLightning__83__b,ai_generated,1,BDAnimateDiffLightning,83,b.mp4,BDAnimateDiffLightning/83/b.mp4,https://huggingface.co/datasets/faridlab/deepaction_v1/resolve/main/BDAnimateDiffLightning/83/b.mp4
BDAnimateDiffLightning__83__c,ai_generated,1,BDAnimateDiffLightning,83,c.mp4,BDAnimateDiffLightning/83/c.mp4,https://huggingface.co/datasets/faridlab/deepaction_v1/resolve/main/BDAnimateDiffLightning/83/c.mp4
BDAnimateDiffLightning__83__d,ai_generated,1,BDAnimateDiffLightning,83,d.mp4,BDAnimateDiffLightning/83/d.mp4,https://huggingface.co/datasets/faridlab/deepaction_v1/resolve/main/BDAnimateDiffLightning/83/d.mp4
BDAnimateDiffLightning__83__e,ai_generated,1,BDAnimateDiffLightning,83,e.mp4,BDAnimateDiffLightning/83/e.mp4,https://huggingface.co/datasets/faridlab/deepaction_v1/resolve/main/BDAnimateDiffLightning/83/e.mp4
BDAnimateDiffLightning__84__a,ai_generated,1,BDAnimateDiffLightning,84,a.mp4,BDAnimateDiffLightning/84/a.mp4,https://huggingface.co/datasets/faridlab/deepaction_v1/resolve/main/BDAnimateDiffLightning/84/a.mp4
BDAnimateDiffLightning__84__b,ai_generated,1,BDAnimateDiffLightning,84,b.mp4,BDAnimateDiffLightning/84/b.mp4,https://huggingface.co/datasets/faridlab/deepaction_v1/resolve/main/BDAnimateDiffLightning/84/b.mp4
BDAnimateDiffLightning__84__c,ai_generated,1,BDAnimateDiffLightning,84,c.mp4,BDAnimateDiffLightning/84/c.mp4,https://huggingface.co/datasets/faridlab/deepaction_v1/resolve/main/BDAnimateDiffLightning/84/c.mp4
BDAnimateDiffLightning__84__d,ai_generated,1,BDAnimateDiffLightning,84,d.mp4,BDAnimateDiffLightning/84/d.mp4,https://huggingface.co/datasets/faridlab/deepaction_v1/resolve/main/BDAnimateDiffLightning/84/d.mp4
BDAnimateDiffLightning__84__e,ai_generated,1,BDAnimateDiffLightning,84,e.mp4,BDAnimateDiffLightning/84/e.mp4,https://huggingface.co/datasets/faridlab/deepaction_v1/resolve/main/BDAnimateDiffLightning/84/e.mp4
BDAnimateDiffLightning__85__a,ai_generated,1,BDAnimateDiffLightning,85,a.mp4,BDAnimateDiffLightning/85/a.mp4,https://huggingface.co/datasets/faridlab/deepaction_v1/resolve/main/BDAnimateDiffLightning/85/a.mp4
BDAnimateDiffLightning__85__b,ai_generated,1,BDAnimateDiffLightning,85,b.mp4,BDAnimateDiffLightning/85/b.mp4,https://huggingface.co/datasets/faridlab/deepaction_v1/resolve/main/BDAnimateDiffLightning/85/b.mp4
BDAnimateDiffLightning__85__c,ai_generated,1,BDAnimateDiffLightning,85,c.mp4,BDAnimateDiffLightning/85/c.mp4,https://huggingface.co/datasets/faridlab/deepaction_v1/resolve/main/BDAnimateDiffLightning/85/c.mp4
BDAnimateDiffLightning__85__d,ai_generated,1,BDAnimateDiffLightning,85,d.mp4,BDAnimateDiffLightning/85/d.mp4,https://huggingface.co/datasets/faridlab/deepaction_v1/resolve/main/BDAnimateDiffLightning/85/d.mp4
BDAnimateDiffLightning__85__e,ai_generated,1,BDAnimateDiffLightning,85,e.mp4,BDAnimateDiffLightning/85/e.mp4,https://huggingface.co/datasets/faridlab/deepaction_v1/resolve/main/BDAnimateDiffLightning/85/e.mp4
BDAnimateDiffLightning__86__a,ai_generated,1,BDAnimateDiffLightning,86,a.mp4,BDAnimateDiffLightning/86/a.mp4,https://huggingface.co/datasets/faridlab/deepaction_v1/resolve/main/BDAnimateDiffLightning/86/a.mp4
BDAnimateDiffLightning__86__b,ai_generated,1,BDAnimateDiffLightning,86,b.mp4,BDAnimateDiffLightning/86/b.mp4,https://huggingface.co/datasets/faridlab/deepaction_v1/resolve/main/BDAnimateDiffLightning/86/b.mp4
BDAnimateDiffLightning__86__c,ai_generated,1,BDAnimateDiffLightning,86,c.mp4,BDAnimateDiffLightning/86/c.mp4,https://huggingface.co/datasets/faridlab/deepaction_v1/resolve/main/BDAnimateDiffLightning/86/c.mp4
BDAnimateDiffLightning__86__d,ai_generated,1,BDAnimateDiffLightning,86,d.mp4,BDAnimateDiffLightning/86/d.mp4,https://huggingface.co/datasets/faridlab/deepaction_v1/resolve/main/BDAnimateDiffLightning/86/d.mp4
BDAnimateDiffLightning__86__e,ai_generated,1,BDAnimateDiffLightning,86,e.mp4,BDAnimateDiffLightning/86/e.mp4,https://huggingface.co/datasets/faridlab/deepaction_v1/resolve/main/BDAnimateDiffLightning/86/e.mp4
BDAnimateDiffLightning__87__a,ai_generated,1,BDAnimateDiffLightning,87,a.mp4,BDAnimateDiffLightning/87/a.mp4,https://huggingface.co/datasets/faridlab/deepaction_v1/resolve/main/BDAnimateDiffLightning/87/a.mp4
BDAnimateDiffLightning__87__b,ai_generated,1,BDAnimateDiffLightning,87,b.mp4,BDAnimateDiffLightning/87/b.mp4,https://huggingface.co/datasets/faridlab/deepaction_v1/resolve/main/BDAnimateDiffLightning/87/b.mp4
BDAnimateDiffLightning__87__c,ai_generated,1,BDAnimateDiffLightning,87,c.mp4,BDAnimateDiffLightning/87/c.mp4,https://huggingface.co/datasets/faridlab/deepaction_v1/resolve/main/BDAnimateDiffLightning/87/c.mp4
BDAnimateDiffLightning__87__d,ai_generated,1,BDAnimateDiffLightning,87,d.mp4,BDAnimateDiffLightning/87/d.mp4,https://huggingface.co/datasets/faridlab/deepaction_v1/resolve/main/BDAnimateDiffLightning/87/d.mp4
BDAnimateDiffLightning__87__e,ai_generated,1,BDAnimateDiffLightning,87,e.mp4,BDAnimateDiffLightning/87/e.mp4,https://huggingface.co/datasets/faridlab/deepaction_v1/resolve/main/BDAnimateDiffLightning/87/e.mp4
BDAnimateDiffLightning__88__a,ai_generated,1,BDAnimateDiffLightning,88,a.mp4,BDAnimateDiffLightning/88/a.mp4,https://huggingface.co/datasets/faridlab/deepaction_v1/resolve/main/BDAnimateDiffLightning/88/a.mp4
BDAnimateDiffLightning__88__b,ai_generated,1,BDAnimateDiffLightning,88,b.mp4,BDAnimateDiffLightning/88/b.mp4,https://huggingface.co/datasets/faridlab/deepaction_v1/resolve/main/BDAnimateDiffLightning/88/b.mp4
BDAnimateDiffLightning__88__c,ai_generated,1,BDAnimateDiffLightning,88,c.mp4,BDAnimateDiffLightning/88/c.mp4,https://huggingface.co/datasets/faridlab/deepaction_v1/resolve/main/BDAnimateDiffLightning/88/c.mp4
BDAnimateDiffLightning__88__d,ai_generated,1,BDAnimateDiffLightning,88,d.mp4,BDAnimateDiffLightning/88/d.mp4,https://huggingface.co/datasets/faridlab/deepaction_v1/resolve/main/BDAnimateDiffLightning/88/d.mp4
BDAnimateDiffLightning__88__e,ai_generated,1,BDAnimateDiffLightning,88,e.mp4,BDAnimateDiffLightning/88/e.mp4,https://huggingface.co/datasets/faridlab/deepaction_v1/resolve/main/BDAnimateDiffLightning/88/e.mp4
BDAnimateDiffLightning__89__a,ai_generated,1,BDAnimateDiffLightning,89,a.mp4,BDAnimateDiffLightning/89/a.mp4,https://huggingface.co/datasets/faridlab/deepaction_v1/resolve/main/BDAnimateDiffLightning/89/a.mp4
BDAnimateDiffLightning__89__b,ai_generated,1,BDAnimateDiffLightning,89,b.mp4,BDAnimateDiffLightning/89/b.mp4,https://huggingface.co/datasets/faridlab/deepaction_v1/resolve/main/BDAnimateDiffLightning/89/b.mp4
BDAnimateDiffLightning__89__c,ai_generated,1,BDAnimateDiffLightning,89,c.mp4,BDAnimateDiffLightning/89/c.mp4,https://huggingface.co/datasets/faridlab/deepaction_v1/resolve/main/BDAnimateDiffLightning/89/c.mp4
BDAnimateDiffLightning__89__d,ai_generated,1,BDAnimateDiffLightning,89,d.mp4,BDAnimateDiffLightning/89/d.mp4,https://huggingface.co/datasets/faridlab/deepaction_v1/resolve/main/BDAnimateDiffLightning/89/d.mp4
BDAnimateDiffLightning__89__e,ai_generated,1,BDAnimateDiffLightning,89,e.mp4,BDAnimateDiffLightning/89/e.mp4,https://huggingface.co/datasets/faridlab/deepaction_v1/resolve/main/BDAnimateDiffLightning/89/e.mp4
BDAnimateDiffLightning__9__a,ai_generated,1,BDAnimateDiffLightning,9,a.mp4,BDAnimateDiffLightning/9/a.mp4,https://huggingface.co/datasets/faridlab/deepaction_v1/resolve/main/BDAnimateDiffLightning/9/a.mp4
BDAnimateDiffLightning__9__b,ai_generated,1,BDAnimateDiffLightning,9,b.mp4,BDAnimateDiffLightning/9/b.mp4,https://huggingface.co/datasets/faridlab/deepaction_v1/resolve/main/BDAnimateDiffLightning/9/b.mp4
BDAnimateDiffLightning__9__c,ai_generated,1,BDAnimateDiffLightning,9,c.mp4,BDAnimateDiffLightning/9/c.mp4,https://huggingface.co/datasets/faridlab/deepaction_v1/resolve/main/BDAnimateDiffLightning/9/c.mp4
BDAnimateDiffLightning__9__d,ai_generated,1,BDAnimateDiffLightning,9,d.mp4,BDAnimateDiffLightning/9/d.mp4,https://huggingface.co/datasets/faridlab/deepaction_v1/resolve/main/BDAnimateDiffLightning/9/d.mp4
BDAnimateDiffLightning__9__e,ai_generated,1,BDAnimateDiffLightning,9,e.mp4,BDAnimateDiffLightning/9/e.mp4,https://huggingface.co/datasets/faridlab/deepaction_v1/resolve/main/BDAnimateDiffLightning/9/e.mp4
BDAnimateDiffLightning__90__a,ai_generated,1,BDAnimateDiffLightning,90,a.mp4,BDAnimateDiffLightning/90/a.mp4,https://huggingface.co/datasets/faridlab/deepaction_v1/resolve/main/BDAnimateDiffLightning/90/a.mp4
BDAnimateDiffLightning__90__b,ai_generated,1,BDAnimateDiffLightning,90,b.mp4,BDAnimateDiffLightning/90/b.mp4,https://huggingface.co/datasets/faridlab/deepaction_v1/resolve/main/BDAnimateDiffLightning/90/b.mp4
BDAnimateDiffLightning__90__c,ai_generated,1,BDAnimateDiffLightning,90,c.mp4,BDAnimateDiffLightning/90/c.mp4,https://huggingface.co/datasets/faridlab/deepaction_v1/resolve/main/BDAnimateDiffLightning/90/c.mp4
BDAnimateDiffLightning__90__d,ai_generated,1,BDAnimateDiffLightning,90,d.mp4,BDAnimateDiffLightning/90/d.mp4,https://huggingface.co/datasets/faridlab/deepaction_v1/resolve/main/BDAnimateDiffLightning/90/d.mp4
BDAnimateDiffLightning__90__e,ai_generated,1,BDAnimateDiffLightning,90,e.mp4,BDAnimateDiffLightning/90/e.mp4,https://huggingface.co/datasets/faridlab/deepaction_v1/resolve/main/BDAnimateDiffLightning/90/e.mp4
BDAnimateDiffLightning__91__a,ai_generated,1,BDAnimateDiffLightning,91,a.mp4,BDAnimateDiffLightning/91/a.mp4,https://huggingface.co/datasets/faridlab/deepaction_v1/resolve/main/BDAnimateDiffLightning/91/a.mp4
BDAnimateDiffLightning__91__b,ai_generated,1,BDAnimateDiffLightning,91,b.mp4,BDAnimateDiffLightning/91/b.mp4,https://huggingface.co/datasets/faridlab/deepaction_v1/resolve/main/BDAnimateDiffLightning/91/b.mp4
BDAnimateDiffLightning__91__c,ai_generated,1,BDAnimateDiffLightning,91,c.mp4,BDAnimateDiffLightning/91/c.mp4,https://huggingface.co/datasets/faridlab/deepaction_v1/resolve/main/BDAnimateDiffLightning/91/c.mp4
BDAnimateDiffLightning__91__d,ai_generated,1,BDAnimateDiffLightning,91,d.mp4,BDAnimateDiffLightning/91/d.mp4,https://huggingface.co/datasets/faridlab/deepaction_v1/resolve/main/BDAnimateDiffLightning/91/d.mp4
BDAnimateDiffLightning__91__e,ai_generated,1,BDAnimateDiffLightning,91,e.mp4,BDAnimateDiffLightning/91/e.mp4,https://huggingface.co/datasets/faridlab/deepaction_v1/resolve/main/BDAnimateDiffLightning/91/e.mp4
BDAnimateDiffLightning__92__a,ai_generated,1,BDAnimateDiffLightning,92,a.mp4,BDAnimateDiffLightning/92/a.mp4,https://huggingface.co/datasets/faridlab/deepaction_v1/resolve/main/BDAnimateDiffLightning/92/a.mp4
BDAnimateDiffLightning__92__b,ai_generated,1,BDAnimateDiffLightning,92,b.mp4,BDAnimateDiffLightning/92/b.mp4,https://huggingface.co/datasets/faridlab/deepaction_v1/resolve/main/BDAnimateDiffLightning/92/b.mp4
BDAnimateDiffLightning__92__c,ai_generated,1,BDAnimateDiffLightning,92,c.mp4,BDAnimateDiffLightning/92/c.mp4,https://huggingface.co/datasets/faridlab/deepaction_v1/resolve/main/BDAnimateDiffLightning/92/c.mp4
BDAnimateDiffLightning__92__d,ai_generated,1,BDAnimateDiffLightning,92,d.mp4,BDAnimateDiffLightning/92/d.mp4,https://huggingface.co/datasets/faridlab/deepaction_v1/resolve/main/BDAnimateDiffLightning/92/d.mp4
BDAnimateDiffLightning__92__e,ai_generated,1,BDAnimateDiffLightning,92,e.mp4,BDAnimateDiffLightning/92/e.mp4,https://huggingface.co/datasets/faridlab/deepaction_v1/resolve/main/BDAnimateDiffLightning/92/e.mp4
BDAnimateDiffLightning__93__a,ai_generated,1,BDAnimateDiffLightning,93,a.mp4,BDAnimateDiffLightning/93/a.mp4,https://huggingface.co/datasets/faridlab/deepaction_v1/resolve/main/BDAnimateDiffLightning/93/a.mp4
BDAnimateDiffLightning__93__b,ai_generated,1,BDAnimateDiffLightning,93,b.mp4,BDAnimateDiffLightning/93/b.mp4,https://huggingface.co/datasets/faridlab/deepaction_v1/resolve/main/BDAnimateDiffLightning/93/b.mp4
BDAnimateDiffLightning__93__c,ai_generated,1,BDAnimateDiffLightning,93,c.mp4,BDAnimateDiffLightning/93/c.mp4,https://huggingface.co/datasets/faridlab/deepaction_v1/resolve/main/BDAnimateDiffLightning/93/c.mp4
BDAnimateDiffLightning__93__d,ai_generated,1,BDAnimateDiffLightning,93,d.mp4,BDAnimateDiffLightning/93/d.mp4,https://huggingface.co/datasets/faridlab/deepaction_v1/resolve/main/BDAnimateDiffLightning/93/d.mp4
BDAnimateDiffLightning__93__e,ai_generated,1,BDAnimateDiffLightning,93,e.mp4,BDAnimateDiffLightning/93/e.mp4,https://huggingface.co/datasets/faridlab/deepaction_v1/resolve/main/BDAnimateDiffLightning/93/e.mp4
BDAnimateDiffLightning__94__a,ai_generated,1,BDAnimateDiffLightning,94,a.mp4,BDAnimateDiffLightning/94/a.mp4,https://huggingface.co/datasets/faridlab/deepaction_v1/resolve/main/BDAnimateDiffLightning/94/a.mp4
BDAnimateDiffLightning__94__b,ai_generated,1,BDAnimateDiffLightning,94,b.mp4,BDAnimateDiffLightning/94/b.mp4,https://huggingface.co/datasets/faridlab/deepaction_v1/resolve/main/BDAnimateDiffLightning/94/b.mp4
BDAnimateDiffLightning__94__c,ai_generated,1,BDAnimateDiffLightning,94,c.mp4,BDAnimateDiffLightning/94/c.mp4,https://huggingface.co/datasets/faridlab/deepaction_v1/resolve/main/BDAnimateDiffLightning/94/c.mp4
BDAnimateDiffLightning__94__d,ai_generated,1,BDAnimateDiffLightning,94,d.mp4,BDAnimateDiffLightning/94/d.mp4,https://huggingface.co/datasets/faridlab/deepaction_v1/resolve/main/BDAnimateDiffLightning/94/d.mp4
BDAnimateDiffLightning__94__e,ai_generated,1,BDAnimateDiffLightning,94,e.mp4,BDAnimateDiffLightning/94/e.mp4,https://huggingface.co/datasets/faridlab/deepaction_v1/resolve/main/BDAnimateDiffLightning/94/e.mp4
BDAnimateDiffLightning__99__a,ai_generated,1,BDAnimateDiffLightning,99,a.mp4,BDAnimateDiffLightning/99/a.mp4,https://huggingface.co/datasets/faridlab/deepaction_v1/resolve/main/BDAnimateDiffLightning/99/a.mp4
BDAnimateDiffLightning__99__b,ai_generated,1,BDAnimateDiffLightning,99,b.mp4,BDAnimateDiffLightning/99/b.mp4,https://huggingface.co/datasets/faridlab/deepaction_v1/resolve/main/BDAnimateDiffLightning/99/b.mp4
BDAnimateDiffLightning__99__c,ai_generated,1,BDAnimateDiffLightning,99,c.mp4,BDAnimateDiffLightning/99/c.mp4,https://huggingface.co/datasets/faridlab/deepaction_v1/resolve/main/BDAnimateDiffLightning/99/c.mp4
BDAnimateDiffLightning__99__d,ai_generated,1,BDAnimateDiffLightning,99,d.mp4,BDAnimateDiffLightning/99/d.mp4,https://huggingface.co/datasets/faridlab/deepaction_v1/resolve/main/BDAnimateDiffLightning/99/d.mp4
BDAnimateDiffLightning__99__e,ai_generated,1,BDAnimateDiffLightning,99,e.mp4,BDAnimateDiffLightning/99/e.mp4,https://huggingface.co/datasets/faridlab/deepaction_v1/resolve/main/BDAnimateDiffLightning/99/e.mp4
CogVideoX5B__0__a,ai_generated,1,CogVideoX5B,0,a.mp4,CogVideoX5B/0/a.mp4,https://huggingface.co/datasets/faridlab/deepaction_v1/resolve/main/CogVideoX5B/0/a.mp4
CogVideoX5B__0__b,ai_generated,1,CogVideoX5B,0,b.mp4,CogVideoX5B/0/b.mp4,https://huggingface.co/datasets/faridlab/deepaction_v1/resolve/main/CogVideoX5B/0/b.mp4
CogVideoX5B__0__c,ai_generated,1,CogVideoX5B,0,c.mp4,CogVideoX5B/0/c.mp4,https://huggingface.co/datasets/faridlab/deepaction_v1/resolve/main/CogVideoX5B/0/c.mp4
CogVideoX5B__0__d,ai_generated,1,CogVideoX5B,0,d.mp4,CogVideoX5B/0/d.mp4,https://huggingface.co/datasets/faridlab/deepaction_v1/resolve/main/CogVideoX5B/0/d.mp4
CogVideoX5B__0__e,ai_generated,1,CogVideoX5B,0,e.mp4,CogVideoX5B/0/e.mp4,https://huggingface.co/datasets/faridlab/deepaction_v1/resolve/main/CogVideoX5B/0/e.mp4
CogVideoX5B__1__a,ai_generated,1,CogVideoX5B,1,a.mp4,CogVideoX5B/1/a.mp4,https://huggingface.co/datasets/faridlab/deepaction_v1/resolve/main/CogVideoX5B/1/a.mp4
CogVideoX5B__1__b,ai_generated,1,CogVideoX5B,1,b.mp4,CogVideoX5B/1/b.mp4,https://huggingface.co/datasets/faridlab/deepaction_v1/resolve/main/CogVideoX5B/1/b.mp4
CogVideoX5B__1__c,ai_generated,1,CogVideoX5B,1,c.mp4,CogVideoX5B/1/c.mp4,https://huggingface.co/datasets/faridlab/deepaction_v1/resolve/main/CogVideoX5B/1/c.mp4
CogVideoX5B__1__d,ai_generated,1,CogVideoX5B,1,d.mp4,CogVideoX5B/1/d.mp4,https://huggingface.co/datasets/faridlab/deepaction_v1/resolve/main/CogVideoX5B/1/d.mp4
CogVideoX5B__1__e,ai_generated,1,CogVideoX5B,1,e.mp4,CogVideoX5B/1/e.mp4,https://huggingface.co/datasets/faridlab/deepaction_v1/resolve/main/CogVideoX5B/1/e.mp4
CogVideoX5B__10__a,ai_generated,1,CogVideoX5B,10,a.mp4,CogVideoX5B/10/a.mp4,https://huggingface.co/datasets/faridlab/deepaction_v1/resolve/main/CogVideoX5B/10/a.mp4
CogVideoX5B__10__b,ai_generated,1,CogVideoX5B,10,b.mp4,CogVideoX5B/10/b.mp4,https://huggingface.co/datasets/faridlab/deepaction_v1/resolve/main/CogVideoX5B/10/b.mp4
CogVideoX5B__10__c,ai_generated,1,CogVideoX5B,10,c.mp4,CogVideoX5B/10/c.mp4,https://huggingface.co/datasets/faridlab/deepaction_v1/resolve/main/CogVideoX5B/10/c.mp4
CogVideoX5B__10__d,ai_generated,1,CogVideoX5B,10,d.mp4,CogVideoX5B/10/d.mp4,https://huggingface.co/datasets/faridlab/deepaction_v1/resolve/main/CogVideoX5B/10/d.mp4
CogVideoX5B__10__e,ai_generated,1,CogVideoX5B,10,e.mp4,CogVideoX5B/10/e.mp4,https://huggingface.co/datasets/faridlab/deepaction_v1/resolve/main/CogVideoX5B/10/e.mp4
CogVideoX5B__100__a,ai_generated,1,CogVideoX5B,100,a.mp4,CogVideoX5B/100/a.mp4,https://huggingface.co/datasets/faridlab/deepaction_v1/resolve/main/CogVideoX5B/100/a.mp4
CogVideoX5B__100__b,ai_generated,1,CogVideoX5B,100,b.mp4,CogVideoX5B/100/b.mp4,https://huggingface.co/datasets/faridlab/deepaction_v1/resolve/main/CogVideoX5B/100/b.mp4
CogVideoX5B__100__c,ai_generated,1,CogVideoX5B,100,c.mp4,CogVideoX5B/100/c.mp4,https://huggingface.co/datasets/faridlab/deepaction_v1/resolve/main/CogVideoX5B/100/c.mp4
CogVideoX5B__100__d,ai_generated,1,CogVideoX5B,100,d.mp4,CogVideoX5B/100/d.mp4,https://huggingface.co/datasets/faridlab/deepaction_v1/resolve/main/CogVideoX5B/100/d.mp4
CogVideoX5B__100__e,ai_generated,1,CogVideoX5B,100,e.mp4,CogVideoX5B/100/e.mp4,https://huggingface.co/datasets/faridlab/deepaction_v1/resolve/main/CogVideoX5B/100/e.mp4
CogVideoX5B__101__a,ai_generated,1,CogVideoX5B,101,a.mp4,CogVideoX5B/101/a.mp4,https://huggingface.co/datasets/faridlab/deepaction_v1/resolve/main/CogVideoX5B/101/a.mp4
CogVideoX5B__101__b,ai_generated,1,CogVideoX5B,101,b.mp4,CogVideoX5B/101/b.mp4,https://huggingface.co/datasets/faridlab/deepaction_v1/resolve/main/CogVideoX5B/101/b.mp4
CogVideoX5B__101__c,ai_generated,1,CogVideoX5B,101,c.mp4,CogVideoX5B/101/c.mp4,https://huggingface.co/datasets/faridlab/deepaction_v1/resolve/main/CogVideoX5B/101/c.mp4
CogVideoX5B__101__d,ai_generated,1,CogVideoX5B,101,d.mp4,CogVideoX5B/101/d.mp4,https://huggingface.co/datasets/faridlab/deepaction_v1/resolve/main/CogVideoX5B/101/d.mp4
CogVideoX5B__101__e,ai_generated,1,CogVideoX5B,101,e.mp4,CogVideoX5B/101/e.mp4,https://huggingface.co/datasets/faridlab/deepaction_v1/resolve/main/CogVideoX5B/101/e.mp4
CogVideoX5B__102__a,ai_generated,1,CogVideoX5B,102,a.mp4,CogVideoX5B/102/a.mp4,https://huggingface.co/datasets/faridlab/deepaction_v1/resolve/main/CogVideoX5B/102/a.mp4
CogVideoX5B__102__b,ai_generated,1,CogVideoX5B,102,b.mp4,CogVideoX5B/102/b.mp4,https://huggingface.co/datasets/faridlab/deepaction_v1/resolve/main/CogVideoX5B/102/b.mp4
CogVideoX5B__102__c,ai_generated,1,CogVideoX5B,102,c.mp4,CogVideoX5B/102/c.mp4,https://huggingface.co/datasets/faridlab/deepaction_v1/resolve/main/CogVideoX5B/102/c.mp4
CogVideoX5B__102__d,ai_generated,1,CogVideoX5B,102,d.mp4,CogVideoX5B/102/d.mp4,https://huggingface.co/datasets/faridlab/deepaction_v1/resolve/main/CogVideoX5B/102/d.mp4
CogVideoX5B__102__e,ai_generated,1,CogVideoX5B,102,e.mp4,CogVideoX5B/102/e.mp4,https://huggingface.co/datasets/faridlab/deepaction_v1/resolve/main/CogVideoX5B/102/e.mp4
CogVideoX5B__103__a,ai_generated,1,CogVideoX5B,103,a.mp4,CogVideoX5B/103/a.mp4,https://huggingface.co/datasets/faridlab/deepaction_v1/resolve/main/CogVideoX5B/103/a.mp4
CogVideoX5B__103__b,ai_generated,1,CogVideoX5B,103,b.mp4,CogVideoX5B/103/b.mp4,https://huggingface.co/datasets/faridlab/deepaction_v1/resolve/main/CogVideoX5B/103/b.mp4
CogVideoX5B__103__c,ai_generated,1,CogVideoX5B,103,c.mp4,CogVideoX5B/103/c.mp4,https://huggingface.co/datasets/faridlab/deepaction_v1/resolve/main/CogVideoX5B/103/c.mp4
CogVideoX5B__103__d,ai_generated,1,CogVideoX5B,103,d.mp4,CogVideoX5B/103/d.mp4,https://huggingface.co/datasets/faridlab/deepaction_v1/resolve/main/CogVideoX5B/103/d.mp4
CogVideoX5B__103__e,ai_generated,1,CogVideoX5B,103,e.mp4,CogVideoX5B/103/e.mp4,https://huggingface.co/datasets/faridlab/deepaction_v1/resolve/main/CogVideoX5B/103/e.mp4
CogVideoX5B__11__a,ai_generated,1,CogVideoX5B,11,a.mp4,CogVideoX5B/11/a.mp4,https://huggingface.co/datasets/faridlab/deepaction_v1/resolve/main/CogVideoX5B/11/a.mp4
CogVideoX5B__11__b,ai_generated,1,CogVideoX5B,11,b.mp4,CogVideoX5B/11/b.mp4,https://huggingface.co/datasets/faridlab/deepaction_v1/resolve/main/CogVideoX5B/11/b.mp4
CogVideoX5B__11__c,ai_generated,1,CogVideoX5B,11,c.mp4,CogVideoX5B/11/c.mp4,https://huggingface.co/datasets/faridlab/deepaction_v1/resolve/main/CogVideoX5B/11/c.mp4
CogVideoX5B__11__d,ai_generated,1,CogVideoX5B,11,d.mp4,CogVideoX5B/11/d.mp4,https://huggingface.co/datasets/faridlab/deepaction_v1/resolve/main/CogVideoX5B/11/d.mp4
CogVideoX5B__11__e,ai_generated,1,CogVideoX5B,11,e.mp4,CogVideoX5B/11/e.mp4,https://huggingface.co/datasets/faridlab/deepaction_v1/resolve/main/CogVideoX5B/11/e.mp4
CogVideoX5B__12__a,ai_generated,1,CogVideoX5B,12,a.mp4,CogVideoX5B/12/a.mp4,https://huggingface.co/datasets/faridlab/deepaction_v1/resolve/main/CogVideoX5B/12/a.mp4
CogVideoX5B__12__b,ai_generated,1,CogVideoX5B,12,b.mp4,CogVideoX5B/12/b.mp4,https://huggingface.co/datasets/faridlab/deepaction_v1/resolve/main/CogVideoX5B/12/b.mp4
CogVideoX5B__12__c,ai_generated,1,CogVideoX5B,12,c.mp4,CogVideoX5B/12/c.mp4,https://huggingface.co/datasets/faridlab/deepaction_v1/resolve/main/CogVideoX5B/12/c.mp4
CogVideoX5B__12__d,ai_generated,1,CogVideoX5B,12,d.mp4,CogVideoX5B/12/d.mp4,https://huggingface.co/datasets/faridlab/deepaction_v1/resolve/main/CogVideoX5B/12/d.mp4
CogVideoX5B__12__e,ai_generated,1,CogVideoX5B,12,e.mp4,CogVideoX5B/12/e.mp4,https://huggingface.co/datasets/faridlab/deepaction_v1/resolve/main/CogVideoX5B/12/e.mp4
CogVideoX5B__13__a,ai_generated,1,CogVideoX5B,13,a.mp4,CogVideoX5B/13/a.mp4,https://huggingface.co/datasets/faridlab/deepaction_v1/resolve/main/CogVideoX5B/13/a.mp4
CogVideoX5B__13__b,ai_generated,1,CogVideoX5B,13,b.mp4,CogVideoX5B/13/b.mp4,https://huggingface.co/datasets/faridlab/deepaction_v1/resolve/main/CogVideoX5B/13/b.mp4
CogVideoX5B__13__c,ai_generated,1,CogVideoX5B,13,c.mp4,CogVideoX5B/13/c.mp4,https://huggingface.co/datasets/faridlab/deepaction_v1/resolve/main/CogVideoX5B/13/c.mp4
CogVideoX5B__13__d,ai_generated,1,CogVideoX5B,13,d.mp4,CogVideoX5B/13/d.mp4,https://huggingface.co/datasets/faridlab/deepaction_v1/resolve/main/CogVideoX5B/13/d.mp4
CogVideoX5B__13__e,ai_generated,1,CogVideoX5B,13,e.mp4,CogVideoX5B/13/e.mp4,https://huggingface.co/datasets/faridlab/deepaction_v1/resolve/main/CogVideoX5B/13/e.mp4
CogVideoX5B__14__a,ai_generated,1,CogVideoX5B,14,a.mp4,CogVideoX5B/14/a.mp4,https://huggingface.co/datasets/faridlab/deepaction_v1/resolve/main/CogVideoX5B/14/a.mp4
CogVideoX5B__14__b,ai_generated,1,CogVideoX5B,14,b.mp4,CogVideoX5B/14/b.mp4,https://huggingface.co/datasets/faridlab/deepaction_v1/resolve/main/CogVideoX5B/14/b.mp4
CogVideoX5B__14__c,ai_generated,1,CogVideoX5B,14,c.mp4,CogVideoX5B/14/c.mp4,https://huggingface.co/datasets/faridlab/deepaction_v1/resolve/main/CogVideoX5B/14/c.mp4
CogVideoX5B__14__d,ai_generated,1,CogVideoX5B,14,d.mp4,CogVideoX5B/14/d.mp4,https://huggingface.co/datasets/faridlab/deepaction_v1/resolve/main/CogVideoX5B/14/d.mp4
CogVideoX5B__14__e,ai_generated,1,CogVideoX5B,14,e.mp4,CogVideoX5B/14/e.mp4,https://huggingface.co/datasets/faridlab/deepaction_v1/resolve/main/CogVideoX5B/14/e.mp4
CogVideoX5B__15__a,ai_generated,1,CogVideoX5B,15,a.mp4,CogVideoX5B/15/a.mp4,https://huggingface.co/datasets/faridlab/deepaction_v1/resolve/main/CogVideoX5B/15/a.mp4
CogVideoX5B__15__b,ai_generated,1,CogVideoX5B,15,b.mp4,CogVideoX5B/15/b.mp4,https://huggingface.co/datasets/faridlab/deepaction_v1/resolve/main/CogVideoX5B/15/b.mp4
CogVideoX5B__15__c,ai_generated,1,CogVideoX5B,15,c.mp4,CogVideoX5B/15/c.mp4,https://huggingface.co/datasets/faridlab/deepaction_v1/resolve/main/CogVideoX5B/15/c.mp4
CogVideoX5B__15__d,ai_generated,1,CogVideoX5B,15,d.mp4,CogVideoX5B/15/d.mp4,https://huggingface.co/datasets/faridlab/deepaction_v1/resolve/main/CogVideoX5B/15/d.mp4
CogVideoX5B__15__e,ai_generated,1,CogVideoX5B,15,e.mp4,CogVideoX5B/15/e.mp4,https://huggingface.co/datasets/faridlab/deepaction_v1/resolve/main/CogVideoX5B/15/e.mp4
CogVideoX5B__16__a,ai_generated,1,CogVideoX5B,16,a.mp4,CogVideoX5B/16/a.mp4,https://huggingface.co/datasets/faridlab/deepaction_v1/resolve/main/CogVideoX5B/16/a.mp4
CogVideoX5B__16__b,ai_generated,1,CogVideoX5B,16,b.mp4,CogVideoX5B/16/b.mp4,https://huggingface.co/datasets/faridlab/deepaction_v1/resolve/main/CogVideoX5B/16/b.mp4
CogVideoX5B__16__c,ai_generated,1,CogVideoX5B,16,c.mp4,CogVideoX5B/16/c.mp4,https://huggingface.co/datasets/faridlab/deepaction_v1/resolve/main/CogVideoX5B/16/c.mp4
CogVideoX5B__16__d,ai_generated,1,CogVideoX5B,16,d.mp4,CogVideoX5B/16/d.mp4,https://huggingface.co/datasets/faridlab/deepaction_v1/resolve/main/CogVideoX5B/16/d.mp4
CogVideoX5B__16__e,ai_generated,1,CogVideoX5B,16,e.mp4,CogVideoX5B/16/e.mp4,https://huggingface.co/datasets/faridlab/deepaction_v1/resolve/main/CogVideoX5B/16/e.mp4
CogVideoX5B__17__a,ai_generated,1,CogVideoX5B,17,a.mp4,CogVideoX5B/17/a.mp4,https://huggingface.co/datasets/faridlab/deepaction_v1/resolve/main/CogVideoX5B/17/a.mp4
CogVideoX5B__17__b,ai_generated,1,CogVideoX5B,17,b.mp4,CogVideoX5B/17/b.mp4,https://huggingface.co/datasets/faridlab/deepaction_v1/resolve/main/CogVideoX5B/17/b.mp4
CogVideoX5B__17__c,ai_generated,1,CogVideoX5B,17,c.mp4,CogVideoX5B/17/c.mp4,https://huggingface.co/datasets/faridlab/deepaction_v1/resolve/main/CogVideoX5B/17/c.mp4
CogVideoX5B__17__d,ai_generated,1,CogVideoX5B,17,d.mp4,CogVideoX5B/17/d.mp4,https://huggingface.co/datasets/faridlab/deepaction_v1/resolve/main/CogVideoX5B/17/d.mp4
CogVideoX5B__17__e,ai_generated,1,CogVideoX5B,17,e.mp4,CogVideoX5B/17/e.mp4,https://huggingface.co/datasets/faridlab/deepaction_v1/resolve/main/CogVideoX5B/17/e.mp4
CogVideoX5B__18__a,ai_generated,1,CogVideoX5B,18,a.mp4,CogVideoX5B/18/a.mp4,https://huggingface.co/datasets/faridlab/deepaction_v1/resolve/main/CogVideoX5B/18/a.mp4
CogVideoX5B__18__b,ai_generated,1,CogVideoX5B,18,b.mp4,CogVideoX5B/18/b.mp4,https://huggingface.co/datasets/faridlab/deepaction_v1/resolve/main/CogVideoX5B/18/b.mp4
CogVideoX5B__18__c,ai_generated,1,CogVideoX5B,18,c.mp4,CogVideoX5B/18/c.mp4,https://huggingface.co/datasets/faridlab/deepaction_v1/resolve/main/CogVideoX5B/18/c.mp4
CogVideoX5B__18__d,ai_generated,1,CogVideoX5B,18,d.mp4,CogVideoX5B/18/d.mp4,https://huggingface.co/datasets/faridlab/deepaction_v1/resolve/main/CogVideoX5B/18/d.mp4
CogVideoX5B__18__e,ai_generated,1,CogVideoX5B,18,e.mp4,CogVideoX5B/18/e.mp4,https://huggingface.co/datasets/faridlab/deepaction_v1/resolve/main/CogVideoX5B/18/e.mp4
CogVideoX5B__19__a,ai_generated,1,CogVideoX5B,19,a.mp4,CogVideoX5B/19/a.mp4,https://huggingface.co/datasets/faridlab/deepaction_v1/resolve/main/CogVideoX5B/19/a.mp4
CogVideoX5B__19__b,ai_generated,1,CogVideoX5B,19,b.mp4,CogVideoX5B/19/b.mp4,https://huggingface.co/datasets/faridlab/deepaction_v1/resolve/main/CogVideoX5B/19/b.mp4
CogVideoX5B__19__c,ai_generated,1,CogVideoX5B,19,c.mp4,CogVideoX5B/19/c.mp4,https://huggingface.co/datasets/faridlab/deepaction_v1/resolve/main/CogVideoX5B/19/c.mp4
CogVideoX5B__19__d,ai_generated,1,CogVideoX5B,19,d.mp4,CogVideoX5B/19/d.mp4,https://huggingface.co/datasets/faridlab/deepaction_v1/resolve/main/CogVideoX5B/19/d.mp4
CogVideoX5B__19__e,ai_generated,1,CogVideoX5B,19,e.mp4,CogVideoX5B/19/e.mp4,https://huggingface.co/datasets/faridlab/deepaction_v1/resolve/main/CogVideoX5B/19/e.mp4
CogVideoX5B__2__a,ai_generated,1,CogVideoX5B,2,a.mp4,CogVideoX5B/2/a.mp4,https://huggingface.co/datasets/faridlab/deepaction_v1/resolve/main/CogVideoX5B/2/a.mp4
CogVideoX5B__2__b,ai_generated,1,CogVideoX5B,2,b.mp4,CogVideoX5B/2/b.mp4,https://huggingface.co/datasets/faridlab/deepaction_v1/resolve/main/CogVideoX5B/2/b.mp4
CogVideoX5B__2__c,ai_generated,1,CogVideoX5B,2,c.mp4,CogVideoX5B/2/c.mp4,https://huggingface.co/datasets/faridlab/deepaction_v1/resolve/main/CogVideoX5B/2/c.mp4
CogVideoX5B__2__d,ai_generated,1,CogVideoX5B,2,d.mp4,CogVideoX5B/2/d.mp4,https://huggingface.co/datasets/faridlab/deepaction_v1/resolve/main/CogVideoX5B/2/d.mp4
CogVideoX5B__2__e,ai_generated,1,CogVideoX5B,2,e.mp4,CogVideoX5B/2/e.mp4,https://huggingface.co/datasets/faridlab/deepaction_v1/resolve/main/CogVideoX5B/2/e.mp4
CogVideoX5B__20__a,ai_generated,1,CogVideoX5B,20,a.mp4,CogVideoX5B/20/a.mp4,https://huggingface.co/datasets/faridlab/deepaction_v1/resolve/main/CogVideoX5B/20/a.mp4
CogVideoX5B__20__b,ai_generated,1,CogVideoX5B,20,b.mp4,CogVideoX5B/20/b.mp4,https://huggingface.co/datasets/faridlab/deepaction_v1/resolve/main/CogVideoX5B/20/b.mp4
CogVideoX5B__20__c,ai_generated,1,CogVideoX5B,20,c.mp4,CogVideoX5B/20/c.mp4,https://huggingface.co/datasets/faridlab/deepaction_v1/resolve/main/CogVideoX5B/20/c.mp4
CogVideoX5B__20__d,ai_generated,1,CogVideoX5B,20,d.mp4,CogVideoX5B/20/d.mp4,https://huggingface.co/datasets/faridlab/deepaction_v1/resolve/main/CogVideoX5B/20/d.mp4
CogVideoX5B__20__e,ai_generated,1,CogVideoX5B,20,e.mp4,CogVideoX5B/20/e.mp4,https://huggingface.co/datasets/faridlab/deepaction_v1/resolve/main/CogVideoX5B/20/e.mp4
CogVideoX5B__21__a,ai_generated,1,CogVideoX5B,21,a.mp4,CogVideoX5B/21/a.mp4,https://huggingface.co/datasets/faridlab/deepaction_v1/resolve/main/CogVideoX5B/21/a.mp4
CogVideoX5B__21__b,ai_generated,1,CogVideoX5B,21,b.mp4,CogVideoX5B/21/b.mp4,https://huggingface.co/datasets/faridlab/deepaction_v1/resolve/main/CogVideoX5B/21/b.mp4
CogVideoX5B__21__c,ai_generated,1,CogVideoX5B,21,c.mp4,CogVideoX5B/21/c.mp4,https://huggingface.co/datasets/faridlab/deepaction_v1/resolve/main/CogVideoX5B/21/c.mp4
CogVideoX5B__21__d,ai_generated,1,CogVideoX5B,21,d.mp4,CogVideoX5B/21/d.mp4,https://huggingface.co/datasets/faridlab/deepaction_v1/resolve/main/CogVideoX5B/21/d.mp4
CogVideoX5B__21__e,ai_generated,1,CogVideoX5B,21,e.mp4,CogVideoX5B/21/e.mp4,https://huggingface.co/datasets/faridlab/deepaction_v1/resolve/main/CogVideoX5B/21/e.mp4
CogVideoX5B__22__a,ai_generated,1,CogVideoX5B,22,a.mp4,CogVideoX5B/22/a.mp4,https://huggingface.co/datasets/faridlab/deepaction_v1/resolve/main/CogVideoX5B/22/a.mp4
CogVideoX5B__22__b,ai_generated,1,CogVideoX5B,22,b.mp4,CogVideoX5B/22/b.mp4,https://huggingface.co/datasets/faridlab/deepaction_v1/resolve/main/CogVideoX5B/22/b.mp4
CogVideoX5B__22__c,ai_generated,1,CogVideoX5B,22,c.mp4,CogVideoX5B/22/c.mp4,https://huggingface.co/datasets/faridlab/deepaction_v1/resolve/main/CogVideoX5B/22/c.mp4
CogVideoX5B__22__d,ai_generated,1,CogVideoX5B,22,d.mp4,CogVideoX5B/22/d.mp4,https://huggingface.co/datasets/faridlab/deepaction_v1/resolve/main/CogVideoX5B/22/d.mp4
CogVideoX5B__22__e,ai_generated,1,CogVideoX5B,22,e.mp4,CogVideoX5B/22/e.mp4,https://huggingface.co/datasets/faridlab/deepaction_v1/resolve/main/CogVideoX5B/22/e.mp4
CogVideoX5B__23__a,ai_generated,1,CogVideoX5B,23,a.mp4,CogVideoX5B/23/a.mp4,https://huggingface.co/datasets/faridlab/deepaction_v1/resolve/main/CogVideoX5B/23/a.mp4
CogVideoX5B__23__b,ai_generated,1,CogVideoX5B,23,b.mp4,CogVideoX5B/23/b.mp4,https://huggingface.co/datasets/faridlab/deepaction_v1/resolve/main/CogVideoX5B/23/b.mp4
CogVideoX5B__23__c,ai_generated,1,CogVideoX5B,23,c.mp4,CogVideoX5B/23/c.mp4,https://huggingface.co/datasets/faridlab/deepaction_v1/resolve/main/CogVideoX5B/23/c.mp4
CogVideoX5B__23__d,ai_generated,1,CogVideoX5B,23,d.mp4,CogVideoX5B/23/d.mp4,https://huggingface.co/datasets/faridlab/deepaction_v1/resolve/main/CogVideoX5B/23/d.mp4
CogVideoX5B__23__e,ai_generated,1,CogVideoX5B,23,e.mp4,CogVideoX5B/23/e.mp4,https://huggingface.co/datasets/faridlab/deepaction_v1/resolve/main/CogVideoX5B/23/e.mp4
CogVideoX5B__24__a,ai_generated,1,CogVideoX5B,24,a.mp4,CogVideoX5B/24/a.mp4,https://huggingface.co/datasets/faridlab/deepaction_v1/resolve/main/CogVideoX5B/24/a.mp4
CogVideoX5B__24__b,ai_generated,1,CogVideoX5B,24,b.mp4,CogVideoX5B/24/b.mp4,https://huggingface.co/datasets/faridlab/deepaction_v1/resolve/main/CogVideoX5B/24/b.mp4
CogVideoX5B__24__c,ai_generated,1,CogVideoX5B,24,c.mp4,CogVideoX5B/24/c.mp4,https://huggingface.co/datasets/faridlab/deepaction_v1/resolve/main/CogVideoX5B/24/c.mp4
CogVideoX5B__24__d,ai_generated,1,CogVideoX5B,24,d.mp4,CogVideoX5B/24/d.mp4,https://huggingface.co/datasets/faridlab/deepaction_v1/resolve/main/CogVideoX5B/24/d.mp4
CogVideoX5B__24__e,ai_generated,1,CogVideoX5B,24,e.mp4,CogVideoX5B/24/e.mp4,https://huggingface.co/datasets/faridlab/deepaction_v1/resolve/main/CogVideoX5B/24/e.mp4
CogVideoX5B__25__a,ai_generated,1,CogVideoX5B,25,a.mp4,CogVideoX5B/25/a.mp4,https://huggingface.co/datasets/faridlab/deepaction_v1/resolve/main/CogVideoX5B/25/a.mp4
CogVideoX5B__25__b,ai_generated,1,CogVideoX5B,25,b.mp4,CogVideoX5B/25/b.mp4,https://huggingface.co/datasets/faridlab/deepaction_v1/resolve/main/CogVideoX5B/25/b.mp4
CogVideoX5B__25__c,ai_generated,1,CogVideoX5B,25,c.mp4,CogVideoX5B/25/c.mp4,https://huggingface.co/datasets/faridlab/deepaction_v1/resolve/main/CogVideoX5B/25/c.mp4
CogVideoX5B__25__d,ai_generated,1,CogVideoX5B,25,d.mp4,CogVideoX5B/25/d.mp4,https://huggingface.co/datasets/faridlab/deepaction_v1/resolve/main/CogVideoX5B/25/d.mp4
CogVideoX5B__25__e,ai_generated,1,CogVideoX5B,25,e.mp4,CogVideoX5B/25/e.mp4,https://huggingface.co/datasets/faridlab/deepaction_v1/resolve/main/CogVideoX5B/25/e.mp4
CogVideoX5B__26__a,ai_generated,1,CogVideoX5B,26,a.mp4,CogVideoX5B/26/a.mp4,https://huggingface.co/datasets/faridlab/deepaction_v1/resolve/main/CogVideoX5B/26/a.mp4
CogVideoX5B__26__b,ai_generated,1,CogVideoX5B,26,b.mp4,CogVideoX5B/26/b.mp4,https://huggingface.co/datasets/faridlab/deepaction_v1/resolve/main/CogVideoX5B/26/b.mp4
CogVideoX5B__26__c,ai_generated,1,CogVideoX5B,26,c.mp4,CogVideoX5B/26/c.mp4,https://huggingface.co/datasets/faridlab/deepaction_v1/resolve/main/CogVideoX5B/26/c.mp4
CogVideoX5B__26__d,ai_generated,1,CogVideoX5B,26,d.mp4,CogVideoX5B/26/d.mp4,https://huggingface.co/datasets/faridlab/deepaction_v1/resolve/main/CogVideoX5B/26/d.mp4
CogVideoX5B__26__e,ai_generated,1,CogVideoX5B,26,e.mp4,CogVideoX5B/26/e.mp4,https://huggingface.co/datasets/faridlab/deepaction_v1/resolve/main/CogVideoX5B/26/e.mp4
CogVideoX5B__27__a,ai_generated,1,CogVideoX5B,27,a.mp4,CogVideoX5B/27/a.mp4,https://huggingface.co/datasets/faridlab/deepaction_v1/resolve/main/CogVideoX5B/27/a.mp4
CogVideoX5B__27__b,ai_generated,1,CogVideoX5B,27,b.mp4,CogVideoX5B/27/b.mp4,https://huggingface.co/datasets/faridlab/deepaction_v1/resolve/main/CogVideoX5B/27/b.mp4
CogVideoX5B__27__c,ai_generated,1,CogVideoX5B,27,c.mp4,CogVideoX5B/27/c.mp4,https://huggingface.co/datasets/faridlab/deepaction_v1/resolve/main/CogVideoX5B/27/c.mp4
CogVideoX5B__27__d,ai_generated,1,CogVideoX5B,27,d.mp4,CogVideoX5B/27/d.mp4,https://huggingface.co/datasets/faridlab/deepaction_v1/resolve/main/CogVideoX5B/27/d.mp4
CogVideoX5B__27__e,ai_generated,1,CogVideoX5B,27,e.mp4,CogVideoX5B/27/e.mp4,https://huggingface.co/datasets/faridlab/deepaction_v1/resolve/main/CogVideoX5B/27/e.mp4
CogVideoX5B__28__a,ai_generated,1,CogVideoX5B,28,a.mp4,CogVideoX5B/28/a.mp4,https://huggingface.co/datasets/faridlab/deepaction_v1/resolve/main/CogVideoX5B/28/a.mp4
CogVideoX5B__28__b,ai_generated,1,CogVideoX5B,28,b.mp4,CogVideoX5B/28/b.mp4,https://huggingface.co/datasets/faridlab/deepaction_v1/resolve/main/CogVideoX5B/28/b.mp4
CogVideoX5B__28__c,ai_generated,1,CogVideoX5B,28,c.mp4,CogVideoX5B/28/c.mp4,https://huggingface.co/datasets/faridlab/deepaction_v1/resolve/main/CogVideoX5B/28/c.mp4
CogVideoX5B__28__d,ai_generated,1,CogVideoX5B,28,d.mp4,CogVideoX5B/28/d.mp4,https://huggingface.co/datasets/faridlab/deepaction_v1/resolve/main/CogVideoX5B/28/d.mp4
CogVideoX5B__28__e,ai_generated,1,CogVideoX5B,28,e.mp4,CogVideoX5B/28/e.mp4,https://huggingface.co/datasets/faridlab/deepaction_v1/resolve/main/CogVideoX5B/28/e.mp4
CogVideoX5B__29__a,ai_generated,1,CogVideoX5B,29,a.mp4,CogVideoX5B/29/a.mp4,https://huggingface.co/datasets/faridlab/deepaction_v1/resolve/main/CogVideoX5B/29/a.mp4
CogVideoX5B__29__b,ai_generated,1,CogVideoX5B,29,b.mp4,CogVideoX5B/29/b.mp4,https://huggingface.co/datasets/faridlab/deepaction_v1/resolve/main/CogVideoX5B/29/b.mp4
CogVideoX5B__29__c,ai_generated,1,CogVideoX5B,29,c.mp4,CogVideoX5B/29/c.mp4,https://huggingface.co/datasets/faridlab/deepaction_v1/resolve/main/CogVideoX5B/29/c.mp4
CogVideoX5B__29__d,ai_generated,1,CogVideoX5B,29,d.mp4,CogVideoX5B/29/d.mp4,https://huggingface.co/datasets/faridlab/deepaction_v1/resolve/main/CogVideoX5B/29/d.mp4
CogVideoX5B__29__e,ai_generated,1,CogVideoX5B,29,e.mp4,CogVideoX5B/29/e.mp4,https://huggingface.co/datasets/faridlab/deepaction_v1/resolve/main/CogVideoX5B/29/e.mp4
CogVideoX5B__3__a,ai_generated,1,CogVideoX5B,3,a.mp4,CogVideoX5B/3/a.mp4,https://huggingface.co/datasets/faridlab/deepaction_v1/resolve/main/CogVideoX5B/3/a.mp4
CogVideoX5B__3__b,ai_generated,1,CogVideoX5B,3,b.mp4,CogVideoX5B/3/b.mp4,https://huggingface.co/datasets/faridlab/deepaction_v1/resolve/main/CogVideoX5B/3/b.mp4
CogVideoX5B__3__c,ai_generated,1,CogVideoX5B,3,c.mp4,CogVideoX5B/3/c.mp4,https://huggingface.co/datasets/faridlab/deepaction_v1/resolve/main/CogVideoX5B/3/c.mp4
CogVideoX5B__3__d,ai_generated,1,CogVideoX5B,3,d.mp4,CogVideoX5B/3/d.mp4,https://huggingface.co/datasets/faridlab/deepaction_v1/resolve/main/CogVideoX5B/3/d.mp4
CogVideoX5B__3__e,ai_generated,1,CogVideoX5B,3,e.mp4,CogVideoX5B/3/e.mp4,https://huggingface.co/datasets/faridlab/deepaction_v1/resolve/main/CogVideoX5B/3/e.mp4
CogVideoX5B__30__a,ai_generated,1,CogVideoX5B,30,a.mp4,CogVideoX5B/30/a.mp4,https://huggingface.co/datasets/faridlab/deepaction_v1/resolve/main/CogVideoX5B/30/a.mp4
CogVideoX5B__30__b,ai_generated,1,CogVideoX5B,30,b.mp4,CogVideoX5B/30/b.mp4,https://huggingface.co/datasets/faridlab/deepaction_v1/resolve/main/CogVideoX5B/30/b.mp4
CogVideoX5B__30__c,ai_generated,1,CogVideoX5B,30,c.mp4,CogVideoX5B/30/c.mp4,https://huggingface.co/datasets/faridlab/deepaction_v1/resolve/main/CogVideoX5B/30/c.mp4
CogVideoX5B__30__d,ai_generated,1,CogVideoX5B,30,d.mp4,CogVideoX5B/30/d.mp4,https://huggingface.co/datasets/faridlab/deepaction_v1/resolve/main/CogVideoX5B/30/d.mp4
CogVideoX5B__30__e,ai_generated,1,CogVideoX5B,30,e.mp4,CogVideoX5B/30/e.mp4,https://huggingface.co/datasets/faridlab/deepaction_v1/resolve/main/CogVideoX5B/30/e.mp4
CogVideoX5B__31__a,ai_generated,1,CogVideoX5B,31,a.mp4,CogVideoX5B/31/a.mp4,https://huggingface.co/datasets/faridlab/deepaction_v1/resolve/main/CogVideoX5B/31/a.mp4
CogVideoX5B__31__b,ai_generated,1,CogVideoX5B,31,b.mp4,CogVideoX5B/31/b.mp4,https://huggingface.co/datasets/faridlab/deepaction_v1/resolve/main/CogVideoX5B/31/b.mp4
CogVideoX5B__31__c,ai_generated,1,CogVideoX5B,31,c.mp4,CogVideoX5B/31/c.mp4,https://huggingface.co/datasets/faridlab/deepaction_v1/resolve/main/CogVideoX5B/31/c.mp4
CogVideoX5B__31__d,ai_generated,1,CogVideoX5B,31,d.mp4,CogVideoX5B/31/d.mp4,https://huggingface.co/datasets/faridlab/deepaction_v1/resolve/main/CogVideoX5B/31/d.mp4
CogVideoX5B__31__e,ai_generated,1,CogVideoX5B,31,e.mp4,CogVideoX5B/31/e.mp4,https://huggingface.co/datasets/faridlab/deepaction_v1/resolve/main/CogVideoX5B/31/e.mp4
CogVideoX5B__32__a,ai_generated,1,CogVideoX5B,32,a.mp4,CogVideoX5B/32/a.mp4,https://huggingface.co/datasets/faridlab/deepaction_v1/resolve/main/CogVideoX5B/32/a.mp4
CogVideoX5B__32__b,ai_generated,1,CogVideoX5B,32,b.mp4,CogVideoX5B/32/b.mp4,https://huggingface.co/datasets/faridlab/deepaction_v1/resolve/main/CogVideoX5B/32/b.mp4
CogVideoX5B__32__c,ai_generated,1,CogVideoX5B,32,c.mp4,CogVideoX5B/32/c.mp4,https://huggingface.co/datasets/faridlab/deepaction_v1/resolve/main/CogVideoX5B/32/c.mp4
CogVideoX5B__32__d,ai_generated,1,CogVideoX5B,32,d.mp4,CogVideoX5B/32/d.mp4,https://huggingface.co/datasets/faridlab/deepaction_v1/resolve/main/CogVideoX5B/32/d.mp4
CogVideoX5B__32__e,ai_generated,1,CogVideoX5B,32,e.mp4,CogVideoX5B/32/e.mp4,https://huggingface.co/datasets/faridlab/deepaction_v1/resolve/main/CogVideoX5B/32/e.mp4
CogVideoX5B__33__a,ai_generated,1,CogVideoX5B,33,a.mp4,CogVideoX5B/33/a.mp4,https://huggingface.co/datasets/faridlab/deepaction_v1/resolve/main/CogVideoX5B/33/a.mp4
CogVideoX5B__33__b,ai_generated,1,CogVideoX5B,33,b.mp4,CogVideoX5B/33/b.mp4,https://huggingface.co/datasets/faridlab/deepaction_v1/resolve/main/CogVideoX5B/33/b.mp4
CogVideoX5B__33__c,ai_generated,1,CogVideoX5B,33,c.mp4,CogVideoX5B/33/c.mp4,https://huggingface.co/datasets/faridlab/deepaction_v1/resolve/main/CogVideoX5B/33/c.mp4
CogVideoX5B__33__d,ai_generated,1,CogVideoX5B,33,d.mp4,CogVideoX5B/33/d.mp4,https://huggingface.co/datasets/faridlab/deepaction_v1/resolve/main/CogVideoX5B/33/d.mp4
CogVideoX5B__33__e,ai_generated,1,CogVideoX5B,33,e.mp4,CogVideoX5B/33/e.mp4,https://huggingface.co/datasets/faridlab/deepaction_v1/resolve/main/CogVideoX5B/33/e.mp4
CogVideoX5B__34__a,ai_generated,1,CogVideoX5B,34,a.mp4,CogVideoX5B/34/a.mp4,https://huggingface.co/datasets/faridlab/deepaction_v1/resolve/main/CogVideoX5B/34/a.mp4
CogVideoX5B__34__b,ai_generated,1,CogVideoX5B,34,b.mp4,CogVideoX5B/34/b.mp4,https://huggingface.co/datasets/faridlab/deepaction_v1/resolve/main/CogVideoX5B/34/b.mp4
CogVideoX5B__34__c,ai_generated,1,CogVideoX5B,34,c.mp4,CogVideoX5B/34/c.mp4,https://huggingface.co/datasets/faridlab/deepaction_v1/resolve/main/CogVideoX5B/34/c.mp4
CogVideoX5B__34__d,ai_generated,1,CogVideoX5B,34,d.mp4,CogVideoX5B/34/d.mp4,https://huggingface.co/datasets/faridlab/deepaction_v1/resolve/main/CogVideoX5B/34/d.mp4
CogVideoX5B__34__e,ai_generated,1,CogVideoX5B,34,e.mp4,CogVideoX5B/34/e.mp4,https://huggingface.co/datasets/faridlab/deepaction_v1/resolve/main/CogVideoX5B/34/e.mp4
CogVideoX5B__35__a,ai_generated,1,CogVideoX5B,35,a.mp4,CogVideoX5B/35/a.mp4,https://huggingface.co/datasets/faridlab/deepaction_v1/resolve/main/CogVideoX5B/35/a.mp4
CogVideoX5B__35__b,ai_generated,1,CogVideoX5B,35,b.mp4,CogVideoX5B/35/b.mp4,https://huggingface.co/datasets/faridlab/deepaction_v1/resolve/main/CogVideoX5B/35/b.mp4
CogVideoX5B__35__c,ai_generated,1,CogVideoX5B,35,c.mp4,CogVideoX5B/35/c.mp4,https://huggingface.co/datasets/faridlab/deepaction_v1/resolve/main/CogVideoX5B/35/c.mp4
CogVideoX5B__35__d,ai_generated,1,CogVideoX5B,35,d.mp4,CogVideoX5B/35/d.mp4,https://huggingface.co/datasets/faridlab/deepaction_v1/resolve/main/CogVideoX5B/35/d.mp4
CogVideoX5B__35__e,ai_generated,1,CogVideoX5B,35,e.mp4,CogVideoX5B/35/e.mp4,https://huggingface.co/datasets/faridlab/deepaction_v1/resolve/main/CogVideoX5B/35/e.mp4
CogVideoX5B__36__a,ai_generated,1,CogVideoX5B,36,a.mp4,CogVideoX5B/36/a.mp4,https://huggingface.co/datasets/faridlab/deepaction_v1/resolve/main/CogVideoX5B/36/a.mp4
CogVideoX5B__36__b,ai_generated,1,CogVideoX5B,36,b.mp4,CogVideoX5B/36/b.mp4,https://huggingface.co/datasets/faridlab/deepaction_v1/resolve/main/CogVideoX5B/36/b.mp4
CogVideoX5B__36__c,ai_generated,1,CogVideoX5B,36,c.mp4,CogVideoX5B/36/c.mp4,https://huggingface.co/datasets/faridlab/deepaction_v1/resolve/main/CogVideoX5B/36/c.mp4
CogVideoX5B__36__d,ai_generated,1,CogVideoX5B,36,d.mp4,CogVideoX5B/36/d.mp4,https://huggingface.co/datasets/faridlab/deepaction_v1/resolve/main/CogVideoX5B/36/d.mp4
CogVideoX5B__36__e,ai_generated,1,CogVideoX5B,36,e.mp4,CogVideoX5B/36/e.mp4,https://huggingface.co/datasets/faridlab/deepaction_v1/resolve/main/CogVideoX5B/36/e.mp4
CogVideoX5B__37__a,ai_generated,1,CogVideoX5B,37,a.mp4,CogVideoX5B/37/a.mp4,https://huggingface.co/datasets/faridlab/deepaction_v1/resolve/main/CogVideoX5B/37/a.mp4
CogVideoX5B__37__b,ai_generated,1,CogVideoX5B,37,b.mp4,CogVideoX5B/37/b.mp4,https://huggingface.co/datasets/faridlab/deepaction_v1/resolve/main/CogVideoX5B/37/b.mp4
CogVideoX5B__37__c,ai_generated,1,CogVideoX5B,37,c.mp4,CogVideoX5B/37/c.mp4,https://huggingface.co/datasets/faridlab/deepaction_v1/resolve/main/CogVideoX5B/37/c.mp4
CogVideoX5B__37__d,ai_generated,1,CogVideoX5B,37,d.mp4,CogVideoX5B/37/d.mp4,https://huggingface.co/datasets/faridlab/deepaction_v1/resolve/main/CogVideoX5B/37/d.mp4
CogVideoX5B__37__e,ai_generated,1,CogVideoX5B,37,e.mp4,CogVideoX5B/37/e.mp4,https://huggingface.co/datasets/faridlab/deepaction_v1/resolve/main/CogVideoX5B/37/e.mp4
CogVideoX5B__38__a,ai_generated,1,CogVideoX5B,38,a.mp4,CogVideoX5B/38/a.mp4,https://huggingface.co/datasets/faridlab/deepaction_v1/resolve/main/CogVideoX5B/38/a.mp4
CogVideoX5B__38__b,ai_generated,1,CogVideoX5B,38,b.mp4,CogVideoX5B/38/b.mp4,https://huggingface.co/datasets/faridlab/deepaction_v1/resolve/main/CogVideoX5B/38/b.mp4
CogVideoX5B__38__c,ai_generated,1,CogVideoX5B,38,c.mp4,CogVideoX5B/38/c.mp4,https://huggingface.co/datasets/faridlab/deepaction_v1/resolve/main/CogVideoX5B/38/c.mp4
CogVideoX5B__38__d,ai_generated,1,CogVideoX5B,38,d.mp4,CogVideoX5B/38/d.mp4,https://huggingface.co/datasets/faridlab/deepaction_v1/resolve/main/CogVideoX5B/38/d.mp4
CogVideoX5B__38__e,ai_generated,1,CogVideoX5B,38,e.mp4,CogVideoX5B/38/e.mp4,https://huggingface.co/datasets/faridlab/deepaction_v1/resolve/main/CogVideoX5B/38/e.mp4
CogVideoX5B__39__a,ai_generated,1,CogVideoX5B,39,a.mp4,CogVideoX5B/39/a.mp4,https://huggingface.co/datasets/faridlab/deepaction_v1/resolve/main/CogVideoX5B/39/a.mp4
CogVideoX5B__39__b,ai_generated,1,CogVideoX5B,39,b.mp4,CogVideoX5B/39/b.mp4,https://huggingface.co/datasets/faridlab/deepaction_v1/resolve/main/CogVideoX5B/39/b.mp4
CogVideoX5B__39__c,ai_generated,1,CogVideoX5B,39,c.mp4,CogVideoX5B/39/c.mp4,https://huggingface.co/datasets/faridlab/deepaction_v1/resolve/main/CogVideoX5B/39/c.mp4
CogVideoX5B__39__d,ai_generated,1,CogVideoX5B,39,d.mp4,CogVideoX5B/39/d.mp4,https://huggingface.co/datasets/faridlab/deepaction_v1/resolve/main/CogVideoX5B/39/d.mp4
CogVideoX5B__39__e,ai_generated,1,CogVideoX5B,39,e.mp4,CogVideoX5B/39/e.mp4,https://huggingface.co/datasets/faridlab/deepaction_v1/resolve/main/CogVideoX5B/39/e.mp4
CogVideoX5B__4__a,ai_generated,1,CogVideoX5B,4,a.mp4,CogVideoX5B/4/a.mp4,https://huggingface.co/datasets/faridlab/deepaction_v1/resolve/main/CogVideoX5B/4/a.mp4
CogVideoX5B__4__b,ai_generated,1,CogVideoX5B,4,b.mp4,CogVideoX5B/4/b.mp4,https://huggingface.co/datasets/faridlab/deepaction_v1/resolve/main/CogVideoX5B/4/b.mp4
CogVideoX5B__4__c,ai_generated,1,CogVideoX5B,4,c.mp4,CogVideoX5B/4/c.mp4,https://huggingface.co/datasets/faridlab/deepaction_v1/resolve/main/CogVideoX5B/4/c.mp4
CogVideoX5B__4__d,ai_generated,1,CogVideoX5B,4,d.mp4,CogVideoX5B/4/d.mp4,https://huggingface.co/datasets/faridlab/deepaction_v1/resolve/main/CogVideoX5B/4/d.mp4
CogVideoX5B__4__e,ai_generated,1,CogVideoX5B,4,e.mp4,CogVideoX5B/4/e.mp4,https://huggingface.co/datasets/faridlab/deepaction_v1/resolve/main/CogVideoX5B/4/e.mp4
CogVideoX5B__40__a,ai_generated,1,CogVideoX5B,40,a.mp4,CogVideoX5B/40/a.mp4,https://huggingface.co/datasets/faridlab/deepaction_v1/resolve/main/CogVideoX5B/40/a.mp4
CogVideoX5B__40__b,ai_generated,1,CogVideoX5B,40,b.mp4,CogVideoX5B/40/b.mp4,https://huggingface.co/datasets/faridlab/deepaction_v1/resolve/main/CogVideoX5B/40/b.mp4
CogVideoX5B__40__c,ai_generated,1,CogVideoX5B,40,c.mp4,CogVideoX5B/40/c.mp4,https://huggingface.co/datasets/faridlab/deepaction_v1/resolve/main/CogVideoX5B/40/c.mp4
CogVideoX5B__40__d,ai_generated,1,CogVideoX5B,40,d.mp4,CogVideoX5B/40/d.mp4,https://huggingface.co/datasets/faridlab/deepaction_v1/resolve/main/CogVideoX5B/40/d.mp4
CogVideoX5B__40__e,ai_generated,1,CogVideoX5B,40,e.mp4,CogVideoX5B/40/e.mp4,https://huggingface.co/datasets/faridlab/deepaction_v1/resolve/main/CogVideoX5B/40/e.mp4
CogVideoX5B__41__a,ai_generated,1,CogVideoX5B,41,a.mp4,CogVideoX5B/41/a.mp4,https://huggingface.co/datasets/faridlab/deepaction_v1/resolve/main/CogVideoX5B/41/a.mp4
CogVideoX5B__41__b,ai_generated,1,CogVideoX5B,41,b.mp4,CogVideoX5B/41/b.mp4,https://huggingface.co/datasets/faridlab/deepaction_v1/resolve/main/CogVideoX5B/41/b.mp4
CogVideoX5B__41__c,ai_generated,1,CogVideoX5B,41,c.mp4,CogVideoX5B/41/c.mp4,https://huggingface.co/datasets/faridlab/deepaction_v1/resolve/main/CogVideoX5B/41/c.mp4
CogVideoX5B__41__d,ai_generated,1,CogVideoX5B,41,d.mp4,CogVideoX5B/41/d.mp4,https://huggingface.co/datasets/faridlab/deepaction_v1/resolve/main/CogVideoX5B/41/d.mp4
CogVideoX5B__41__e,ai_generated,1,CogVideoX5B,41,e.mp4,CogVideoX5B/41/e.mp4,https://huggingface.co/datasets/faridlab/deepaction_v1/resolve/main/CogVideoX5B/41/e.mp4
CogVideoX5B__42__a,ai_generated,1,CogVideoX5B,42,a.mp4,CogVideoX5B/42/a.mp4,https://huggingface.co/datasets/faridlab/deepaction_v1/resolve/main/CogVideoX5B/42/a.mp4
CogVideoX5B__42__b,ai_generated,1,CogVideoX5B,42,b.mp4,CogVideoX5B/42/b.mp4,https://huggingface.co/datasets/faridlab/deepaction_v1/resolve/main/CogVideoX5B/42/b.mp4
CogVideoX5B__42__c,ai_generated,1,CogVideoX5B,42,c.mp4,CogVideoX5B/42/c.mp4,https://huggingface.co/datasets/faridlab/deepaction_v1/resolve/main/CogVideoX5B/42/c.mp4
CogVideoX5B__42__d,ai_generated,1,CogVideoX5B,42,d.mp4,CogVideoX5B/42/d.mp4,https://huggingface.co/datasets/faridlab/deepaction_v1/resolve/main/CogVideoX5B/42/d.mp4
CogVideoX5B__42__e,ai_generated,1,CogVideoX5B,42,e.mp4,CogVideoX5B/42/e.mp4,https://huggingface.co/datasets/faridlab/deepaction_v1/resolve/main/CogVideoX5B/42/e.mp4
CogVideoX5B__43__a,ai_generated,1,CogVideoX5B,43,a.mp4,CogVideoX5B/43/a.mp4,https://huggingface.co/datasets/faridlab/deepaction_v1/resolve/main/CogVideoX5B/43/a.mp4
CogVideoX5B__43__b,ai_generated,1,CogVideoX5B,43,b.mp4,CogVideoX5B/43/b.mp4,https://huggingface.co/datasets/faridlab/deepaction_v1/resolve/main/CogVideoX5B/43/b.mp4
CogVideoX5B__43__c,ai_generated,1,CogVideoX5B,43,c.mp4,CogVideoX5B/43/c.mp4,https://huggingface.co/datasets/faridlab/deepaction_v1/resolve/main/CogVideoX5B/43/c.mp4
CogVideoX5B__43__d,ai_generated,1,CogVideoX5B,43,d.mp4,CogVideoX5B/43/d.mp4,https://huggingface.co/datasets/faridlab/deepaction_v1/resolve/main/CogVideoX5B/43/d.mp4
CogVideoX5B__43__e,ai_generated,1,CogVideoX5B,43,e.mp4,CogVideoX5B/43/e.mp4,https://huggingface.co/datasets/faridlab/deepaction_v1/resolve/main/CogVideoX5B/43/e.mp4
CogVideoX5B__44__a,ai_generated,1,CogVideoX5B,44,a.mp4,CogVideoX5B/44/a.mp4,https://huggingface.co/datasets/faridlab/deepaction_v1/resolve/main/CogVideoX5B/44/a.mp4
CogVideoX5B__44__b,ai_generated,1,CogVideoX5B,44,b.mp4,CogVideoX5B/44/b.mp4,https://huggingface.co/datasets/faridlab/deepaction_v1/resolve/main/CogVideoX5B/44/b.mp4
CogVideoX5B__44__c,ai_generated,1,CogVideoX5B,44,c.mp4,CogVideoX5B/44/c.mp4,https://huggingface.co/datasets/faridlab/deepaction_v1/resolve/main/CogVideoX5B/44/c.mp4
CogVideoX5B__44__d,ai_generated,1,CogVideoX5B,44,d.mp4,CogVideoX5B/44/d.mp4,https://huggingface.co/datasets/faridlab/deepaction_v1/resolve/main/CogVideoX5B/44/d.mp4
CogVideoX5B__44__e,ai_generated,1,CogVideoX5B,44,e.mp4,CogVideoX5B/44/e.mp4,https://huggingface.co/datasets/faridlab/deepaction_v1/resolve/main/CogVideoX5B/44/e.mp4
CogVideoX5B__45__a,ai_generated,1,CogVideoX5B,45,a.mp4,CogVideoX5B/45/a.mp4,https://huggingface.co/datasets/faridlab/deepaction_v1/resolve/main/CogVideoX5B/45/a.mp4
CogVideoX5B__45__b,ai_generated,1,CogVideoX5B,45,b.mp4,CogVideoX5B/45/b.mp4,https://huggingface.co/datasets/faridlab/deepaction_v1/resolve/main/CogVideoX5B/45/b.mp4
CogVideoX5B__45__c,ai_generated,1,CogVideoX5B,45,c.mp4,CogVideoX5B/45/c.mp4,https://huggingface.co/datasets/faridlab/deepaction_v1/resolve/main/CogVideoX5B/45/c.mp4
CogVideoX5B__45__d,ai_generated,1,CogVideoX5B,45,d.mp4,CogVideoX5B/45/d.mp4,https://huggingface.co/datasets/faridlab/deepaction_v1/resolve/main/CogVideoX5B/45/d.mp4
CogVideoX5B__45__e,ai_generated,1,CogVideoX5B,45,e.mp4,CogVideoX5B/45/e.mp4,https://huggingface.co/datasets/faridlab/deepaction_v1/resolve/main/CogVideoX5B/45/e.mp4
CogVideoX5B__46__a,ai_generated,1,CogVideoX5B,46,a.mp4,CogVideoX5B/46/a.mp4,https://huggingface.co/datasets/faridlab/deepaction_v1/resolve/main/CogVideoX5B/46/a.mp4
CogVideoX5B__46__b,ai_generated,1,CogVideoX5B,46,b.mp4,CogVideoX5B/46/b.mp4,https://huggingface.co/datasets/faridlab/deepaction_v1/resolve/main/CogVideoX5B/46/b.mp4
CogVideoX5B__46__c,ai_generated,1,CogVideoX5B,46,c.mp4,CogVideoX5B/46/c.mp4,https://huggingface.co/datasets/faridlab/deepaction_v1/resolve/main/CogVideoX5B/46/c.mp4
CogVideoX5B__46__d,ai_generated,1,CogVideoX5B,46,d.mp4,CogVideoX5B/46/d.mp4,https://huggingface.co/datasets/faridlab/deepaction_v1/resolve/main/CogVideoX5B/46/d.mp4
CogVideoX5B__46__e,ai_generated,1,CogVideoX5B,46,e.mp4,CogVideoX5B/46/e.mp4,https://huggingface.co/datasets/faridlab/deepaction_v1/resolve/main/CogVideoX5B/46/e.mp4
CogVideoX5B__47__a,ai_generated,1,CogVideoX5B,47,a.mp4,CogVideoX5B/47/a.mp4,https://huggingface.co/datasets/faridlab/deepaction_v1/resolve/main/CogVideoX5B/47/a.mp4
CogVideoX5B__47__b,ai_generated,1,CogVideoX5B,47,b.mp4,CogVideoX5B/47/b.mp4,https://huggingface.co/datasets/faridlab/deepaction_v1/resolve/main/CogVideoX5B/47/b.mp4
CogVideoX5B__47__c,ai_generated,1,CogVideoX5B,47,c.mp4,CogVideoX5B/47/c.mp4,https://huggingface.co/datasets/faridlab/deepaction_v1/resolve/main/CogVideoX5B/47/c.mp4
CogVideoX5B__47__d,ai_generated,1,CogVideoX5B,47,d.mp4,CogVideoX5B/47/d.mp4,https://huggingface.co/datasets/faridlab/deepaction_v1/resolve/main/CogVideoX5B/47/d.mp4
CogVideoX5B__47__e,ai_generated,1,CogVideoX5B,47,e.mp4,CogVideoX5B/47/e.mp4,https://huggingface.co/datasets/faridlab/deepaction_v1/resolve/main/CogVideoX5B/47/e.mp4
CogVideoX5B__48__a,ai_generated,1,CogVideoX5B,48,a.mp4,CogVideoX5B/48/a.mp4,https://huggingface.co/datasets/faridlab/deepaction_v1/resolve/main/CogVideoX5B/48/a.mp4
CogVideoX5B__48__b,ai_generated,1,CogVideoX5B,48,b.mp4,CogVideoX5B/48/b.mp4,https://huggingface.co/datasets/faridlab/deepaction_v1/resolve/main/CogVideoX5B/48/b.mp4
CogVideoX5B__48__c,ai_generated,1,CogVideoX5B,48,c.mp4,CogVideoX5B/48/c.mp4,https://huggingface.co/datasets/faridlab/deepaction_v1/resolve/main/CogVideoX5B/48/c.mp4
CogVideoX5B__48__d,ai_generated,1,CogVideoX5B,48,d.mp4,CogVideoX5B/48/d.mp4,https://huggingface.co/datasets/faridlab/deepaction_v1/resolve/main/CogVideoX5B/48/d.mp4
CogVideoX5B__48__e,ai_generated,1,CogVideoX5B,48,e.mp4,CogVideoX5B/48/e.mp4,https://huggingface.co/datasets/faridlab/deepaction_v1/resolve/main/CogVideoX5B/48/e.mp4
CogVideoX5B__49__a,ai_generated,1,CogVideoX5B,49,a.mp4,CogVideoX5B/49/a.mp4,https://huggingface.co/datasets/faridlab/deepaction_v1/resolve/main/CogVideoX5B/49/a.mp4
CogVideoX5B__49__b,ai_generated,1,CogVideoX5B,49,b.mp4,CogVideoX5B/49/b.mp4,https://huggingface.co/datasets/faridlab/deepaction_v1/resolve/main/CogVideoX5B/49/b.mp4
CogVideoX5B__49__c,ai_generated,1,CogVideoX5B,49,c.mp4,CogVideoX5B/49/c.mp4,https://huggingface.co/datasets/faridlab/deepaction_v1/resolve/main/CogVideoX5B/49/c.mp4
CogVideoX5B__49__d,ai_generated,1,CogVideoX5B,49,d.mp4,CogVideoX5B/49/d.mp4,https://huggingface.co/datasets/faridlab/deepaction_v1/resolve/main/CogVideoX5B/49/d.mp4
CogVideoX5B__49__e,ai_generated,1,CogVideoX5B,49,e.mp4,CogVideoX5B/49/e.mp4,https://huggingface.co/datasets/faridlab/deepaction_v1/resolve/main/CogVideoX5B/49/e.mp4
CogVideoX5B__5__a,ai_generated,1,CogVideoX5B,5,a.mp4,CogVideoX5B/5/a.mp4,https://huggingface.co/datasets/faridlab/deepaction_v1/resolve/main/CogVideoX5B/5/a.mp4
CogVideoX5B__5__b,ai_generated,1,CogVideoX5B,5,b.mp4,CogVideoX5B/5/b.mp4,https://huggingface.co/datasets/faridlab/deepaction_v1/resolve/main/CogVideoX5B/5/b.mp4
CogVideoX5B__5__c,ai_generated,1,CogVideoX5B,5,c.mp4,CogVideoX5B/5/c.mp4,https://huggingface.co/datasets/faridlab/deepaction_v1/resolve/main/CogVideoX5B/5/c.mp4
CogVideoX5B__5__d,ai_generated,1,CogVideoX5B,5,d.mp4,CogVideoX5B/5/d.mp4,https://huggingface.co/datasets/faridlab/deepaction_v1/resolve/main/CogVideoX5B/5/d.mp4
CogVideoX5B__5__e,ai_generated,1,CogVideoX5B,5,e.mp4,CogVideoX5B/5/e.mp4,https://huggingface.co/datasets/faridlab/deepaction_v1/resolve/main/CogVideoX5B/5/e.mp4
CogVideoX5B__50__a,ai_generated,1,CogVideoX5B,50,a.mp4,CogVideoX5B/50/a.mp4,https://huggingface.co/datasets/faridlab/deepaction_v1/resolve/main/CogVideoX5B/50/a.mp4
CogVideoX5B__50__b,ai_generated,1,CogVideoX5B,50,b.mp4,CogVideoX5B/50/b.mp4,https://huggingface.co/datasets/faridlab/deepaction_v1/resolve/main/CogVideoX5B/50/b.mp4
CogVideoX5B__50__c,ai_generated,1,CogVideoX5B,50,c.mp4,CogVideoX5B/50/c.mp4,https://huggingface.co/datasets/faridlab/deepaction_v1/resolve/main/CogVideoX5B/50/c.mp4
CogVideoX5B__50__d,ai_generated,1,CogVideoX5B,50,d.mp4,CogVideoX5B/50/d.mp4,https://huggingface.co/datasets/faridlab/deepaction_v1/resolve/main/CogVideoX5B/50/d.mp4
CogVideoX5B__50__e,ai_generated,1,CogVideoX5B,50,e.mp4,CogVideoX5B/50/e.mp4,https://huggingface.co/datasets/faridlab/deepaction_v1/resolve/main/CogVideoX5B/50/e.mp4
CogVideoX5B__51__a,ai_generated,1,CogVideoX5B,51,a.mp4,CogVideoX5B/51/a.mp4,https://huggingface.co/datasets/faridlab/deepaction_v1/resolve/main/CogVideoX5B/51/a.mp4
CogVideoX5B__51__b,ai_generated,1,CogVideoX5B,51,b.mp4,CogVideoX5B/51/b.mp4,https://huggingface.co/datasets/faridlab/deepaction_v1/resolve/main/CogVideoX5B/51/b.mp4
CogVideoX5B__51__c,ai_generated,1,CogVideoX5B,51,c.mp4,CogVideoX5B/51/c.mp4,https://huggingface.co/datasets/faridlab/deepaction_v1/resolve/main/CogVideoX5B/51/c.mp4
CogVideoX5B__51__d,ai_generated,1,CogVideoX5B,51,d.mp4,CogVideoX5B/51/d.mp4,https://huggingface.co/datasets/faridlab/deepaction_v1/resolve/main/CogVideoX5B/51/d.mp4
CogVideoX5B__51__e,ai_generated,1,CogVideoX5B,51,e.mp4,CogVideoX5B/51/e.mp4,https://huggingface.co/datasets/faridlab/deepaction_v1/resolve/main/CogVideoX5B/51/e.mp4
CogVideoX5B__52__a,ai_generated,1,CogVideoX5B,52,a.mp4,CogVideoX5B/52/a.mp4,https://huggingface.co/datasets/faridlab/deepaction_v1/resolve/main/CogVideoX5B/52/a.mp4
CogVideoX5B__52__b,ai_generated,1,CogVideoX5B,52,b.mp4,CogVideoX5B/52/b.mp4,https://huggingface.co/datasets/faridlab/deepaction_v1/resolve/main/CogVideoX5B/52/b.mp4
CogVideoX5B__52__c,ai_generated,1,CogVideoX5B,52,c.mp4,CogVideoX5B/52/c.mp4,https://huggingface.co/datasets/faridlab/deepaction_v1/resolve/main/CogVideoX5B/52/c.mp4
CogVideoX5B__52__d,ai_generated,1,CogVideoX5B,52,d.mp4,CogVideoX5B/52/d.mp4,https://huggingface.co/datasets/faridlab/deepaction_v1/resolve/main/CogVideoX5B/52/d.mp4
CogVideoX5B__52__e,ai_generated,1,CogVideoX5B,52,e.mp4,CogVideoX5B/52/e.mp4,https://huggingface.co/datasets/faridlab/deepaction_v1/resolve/main/CogVideoX5B/52/e.mp4
CogVideoX5B__53__a,ai_generated,1,CogVideoX5B,53,a.mp4,CogVideoX5B/53/a.mp4,https://huggingface.co/datasets/faridlab/deepaction_v1/resolve/main/CogVideoX5B/53/a.mp4
CogVideoX5B__53__b,ai_generated,1,CogVideoX5B,53,b.mp4,CogVideoX5B/53/b.mp4,https://huggingface.co/datasets/faridlab/deepaction_v1/resolve/main/CogVideoX5B/53/b.mp4
CogVideoX5B__53__c,ai_generated,1,CogVideoX5B,53,c.mp4,CogVideoX5B/53/c.mp4,https://huggingface.co/datasets/faridlab/deepaction_v1/resolve/main/CogVideoX5B/53/c.mp4
CogVideoX5B__53__d,ai_generated,1,CogVideoX5B,53,d.mp4,CogVideoX5B/53/d.mp4,https://huggingface.co/datasets/faridlab/deepaction_v1/resolve/main/CogVideoX5B/53/d.mp4
CogVideoX5B__53__e,ai_generated,1,CogVideoX5B,53,e.mp4,CogVideoX5B/53/e.mp4,https://huggingface.co/datasets/faridlab/deepaction_v1/resolve/main/CogVideoX5B/53/e.mp4
CogVideoX5B__54__a,ai_generated,1,CogVideoX5B,54,a.mp4,CogVideoX5B/54/a.mp4,https://huggingface.co/datasets/faridlab/deepaction_v1/resolve/main/CogVideoX5B/54/a.mp4
CogVideoX5B__54__b,ai_generated,1,CogVideoX5B,54,b.mp4,CogVideoX5B/54/b.mp4,https://huggingface.co/datasets/faridlab/deepaction_v1/resolve/main/CogVideoX5B/54/b.mp4
CogVideoX5B__54__c,ai_generated,1,CogVideoX5B,54,c.mp4,CogVideoX5B/54/c.mp4,https://huggingface.co/datasets/faridlab/deepaction_v1/resolve/main/CogVideoX5B/54/c.mp4
CogVideoX5B__54__d,ai_generated,1,CogVideoX5B,54,d.mp4,CogVideoX5B/54/d.mp4,https://huggingface.co/datasets/faridlab/deepaction_v1/resolve/main/CogVideoX5B/54/d.mp4
CogVideoX5B__54__e,ai_generated,1,CogVideoX5B,54,e.mp4,CogVideoX5B/54/e.mp4,https://huggingface.co/datasets/faridlab/deepaction_v1/resolve/main/CogVideoX5B/54/e.mp4
CogVideoX5B__55__a,ai_generated,1,CogVideoX5B,55,a.mp4,CogVideoX5B/55/a.mp4,https://huggingface.co/datasets/faridlab/deepaction_v1/resolve/main/CogVideoX5B/55/a.mp4
CogVideoX5B__55__b,ai_generated,1,CogVideoX5B,55,b.mp4,CogVideoX5B/55/b.mp4,https://huggingface.co/datasets/faridlab/deepaction_v1/resolve/main/CogVideoX5B/55/b.mp4
CogVideoX5B__55__c,ai_generated,1,CogVideoX5B,55,c.mp4,CogVideoX5B/55/c.mp4,https://huggingface.co/datasets/faridlab/deepaction_v1/resolve/main/CogVideoX5B/55/c.mp4
CogVideoX5B__55__d,ai_generated,1,CogVideoX5B,55,d.mp4,CogVideoX5B/55/d.mp4,https://huggingface.co/datasets/faridlab/deepaction_v1/resolve/main/CogVideoX5B/55/d.mp4
CogVideoX5B__55__e,ai_generated,1,CogVideoX5B,55,e.mp4,CogVideoX5B/55/e.mp4,https://huggingface.co/datasets/faridlab/deepaction_v1/resolve/main/CogVideoX5B/55/e.mp4
CogVideoX5B__56__a,ai_generated,1,CogVideoX5B,56,a.mp4,CogVideoX5B/56/a.mp4,https://huggingface.co/datasets/faridlab/deepaction_v1/resolve/main/CogVideoX5B/56/a.mp4
CogVideoX5B__56__b,ai_generated,1,CogVideoX5B,56,b.mp4,CogVideoX5B/56/b.mp4,https://huggingface.co/datasets/faridlab/deepaction_v1/resolve/main/CogVideoX5B/56/b.mp4
CogVideoX5B__56__c,ai_generated,1,CogVideoX5B,56,c.mp4,CogVideoX5B/56/c.mp4,https://huggingface.co/datasets/faridlab/deepaction_v1/resolve/main/CogVideoX5B/56/c.mp4
CogVideoX5B__56__d,ai_generated,1,CogVideoX5B,56,d.mp4,CogVideoX5B/56/d.mp4,https://huggingface.co/datasets/faridlab/deepaction_v1/resolve/main/CogVideoX5B/56/d.mp4
CogVideoX5B__56__e,ai_generated,1,CogVideoX5B,56,e.mp4,CogVideoX5B/56/e.mp4,https://huggingface.co/datasets/faridlab/deepaction_v1/resolve/main/CogVideoX5B/56/e.mp4
CogVideoX5B__57__a,ai_generated,1,CogVideoX5B,57,a.mp4,CogVideoX5B/57/a.mp4,https://huggingface.co/datasets/faridlab/deepaction_v1/resolve/main/CogVideoX5B/57/a.mp4
CogVideoX5B__57__b,ai_generated,1,CogVideoX5B,57,b.mp4,CogVideoX5B/57/b.mp4,https://huggingface.co/datasets/faridlab/deepaction_v1/resolve/main/CogVideoX5B/57/b.mp4
CogVideoX5B__57__c,ai_generated,1,CogVideoX5B,57,c.mp4,CogVideoX5B/57/c.mp4,https://huggingface.co/datasets/faridlab/deepaction_v1/resolve/main/CogVideoX5B/57/c.mp4
CogVideoX5B__57__d,ai_generated,1,CogVideoX5B,57,d.mp4,CogVideoX5B/57/d.mp4,https://huggingface.co/datasets/faridlab/deepaction_v1/resolve/main/CogVideoX5B/57/d.mp4
CogVideoX5B__57__e,ai_generated,1,CogVideoX5B,57,e.mp4,CogVideoX5B/57/e.mp4,https://huggingface.co/datasets/faridlab/deepaction_v1/resolve/main/CogVideoX5B/57/e.mp4
CogVideoX5B__58__a,ai_generated,1,CogVideoX5B,58,a.mp4,CogVideoX5B/58/a.mp4,https://huggingface.co/datasets/faridlab/deepaction_v1/resolve/main/CogVideoX5B/58/a.mp4
CogVideoX5B__58__b,ai_generated,1,CogVideoX5B,58,b.mp4,CogVideoX5B/58/b.mp4,https://huggingface.co/datasets/faridlab/deepaction_v1/resolve/main/CogVideoX5B/58/b.mp4
CogVideoX5B__58__c,ai_generated,1,CogVideoX5B,58,c.mp4,CogVideoX5B/58/c.mp4,https://huggingface.co/datasets/faridlab/deepaction_v1/resolve/main/CogVideoX5B/58/c.mp4
CogVideoX5B__58__d,ai_generated,1,CogVideoX5B,58,d.mp4,CogVideoX5B/58/d.mp4,https://huggingface.co/datasets/faridlab/deepaction_v1/resolve/main/CogVideoX5B/58/d.mp4
CogVideoX5B__58__e,ai_generated,1,CogVideoX5B,58,e.mp4,CogVideoX5B/58/e.mp4,https://huggingface.co/datasets/faridlab/deepaction_v1/resolve/main/CogVideoX5B/58/e.mp4
CogVideoX5B__59__a,ai_generated,1,CogVideoX5B,59,a.mp4,CogVideoX5B/59/a.mp4,https://huggingface.co/datasets/faridlab/deepaction_v1/resolve/main/CogVideoX5B/59/a.mp4
CogVideoX5B__59__b,ai_generated,1,CogVideoX5B,59,b.mp4,CogVideoX5B/59/b.mp4,https://huggingface.co/datasets/faridlab/deepaction_v1/resolve/main/CogVideoX5B/59/b.mp4
CogVideoX5B__59__c,ai_generated,1,CogVideoX5B,59,c.mp4,CogVideoX5B/59/c.mp4,https://huggingface.co/datasets/faridlab/deepaction_v1/resolve/main/CogVideoX5B/59/c.mp4
CogVideoX5B__59__d,ai_generated,1,CogVideoX5B,59,d.mp4,CogVideoX5B/59/d.mp4,https://huggingface.co/datasets/faridlab/deepaction_v1/resolve/main/CogVideoX5B/59/d.mp4
CogVideoX5B__59__e,ai_generated,1,CogVideoX5B,59,e.mp4,CogVideoX5B/59/e.mp4,https://huggingface.co/datasets/faridlab/deepaction_v1/resolve/main/CogVideoX5B/59/e.mp4
CogVideoX5B__6__a,ai_generated,1,CogVideoX5B,6,a.mp4,CogVideoX5B/6/a.mp4,https://huggingface.co/datasets/faridlab/deepaction_v1/resolve/main/CogVideoX5B/6/a.mp4
CogVideoX5B__6__b,ai_generated,1,CogVideoX5B,6,b.mp4,CogVideoX5B/6/b.mp4,https://huggingface.co/datasets/faridlab/deepaction_v1/resolve/main/CogVideoX5B/6/b.mp4
CogVideoX5B__6__c,ai_generated,1,CogVideoX5B,6,c.mp4,CogVideoX5B/6/c.mp4,https://huggingface.co/datasets/faridlab/deepaction_v1/resolve/main/CogVideoX5B/6/c.mp4
CogVideoX5B__6__d,ai_generated,1,CogVideoX5B,6,d.mp4,CogVideoX5B/6/d.mp4,https://huggingface.co/datasets/faridlab/deepaction_v1/resolve/main/CogVideoX5B/6/d.mp4
CogVideoX5B__6__e,ai_generated,1,CogVideoX5B,6,e.mp4,CogVideoX5B/6/e.mp4,https://huggingface.co/datasets/faridlab/deepaction_v1/resolve/main/CogVideoX5B/6/e.mp4
CogVideoX5B__60__a,ai_generated,1,CogVideoX5B,60,a.mp4,CogVideoX5B/60/a.mp4,https://huggingface.co/datasets/faridlab/deepaction_v1/resolve/main/CogVideoX5B/60/a.mp4
CogVideoX5B__60__b,ai_generated,1,CogVideoX5B,60,b.mp4,CogVideoX5B/60/b.mp4,https://huggingface.co/datasets/faridlab/deepaction_v1/resolve/main/CogVideoX5B/60/b.mp4
CogVideoX5B__60__c,ai_generated,1,CogVideoX5B,60,c.mp4,CogVideoX5B/60/c.mp4,https://huggingface.co/datasets/faridlab/deepaction_v1/resolve/main/CogVideoX5B/60/c.mp4
CogVideoX5B__60__d,ai_generated,1,CogVideoX5B,60,d.mp4,CogVideoX5B/60/d.mp4,https://huggingface.co/datasets/faridlab/deepaction_v1/resolve/main/CogVideoX5B/60/d.mp4
CogVideoX5B__60__e,ai_generated,1,CogVideoX5B,60,e.mp4,CogVideoX5B/60/e.mp4,https://huggingface.co/datasets/faridlab/deepaction_v1/resolve/main/CogVideoX5B/60/e.mp4
CogVideoX5B__61__a,ai_generated,1,CogVideoX5B,61,a.mp4,CogVideoX5B/61/a.mp4,https://huggingface.co/datasets/faridlab/deepaction_v1/resolve/main/CogVideoX5B/61/a.mp4
CogVideoX5B__61__b,ai_generated,1,CogVideoX5B,61,b.mp4,CogVideoX5B/61/b.mp4,https://huggingface.co/datasets/faridlab/deepaction_v1/resolve/main/CogVideoX5B/61/b.mp4
CogVideoX5B__61__c,ai_generated,1,CogVideoX5B,61,c.mp4,CogVideoX5B/61/c.mp4,https://huggingface.co/datasets/faridlab/deepaction_v1/resolve/main/CogVideoX5B/61/c.mp4
CogVideoX5B__61__d,ai_generated,1,CogVideoX5B,61,d.mp4,CogVideoX5B/61/d.mp4,https://huggingface.co/datasets/faridlab/deepaction_v1/resolve/main/CogVideoX5B/61/d.mp4
CogVideoX5B__61__e,ai_generated,1,CogVideoX5B,61,e.mp4,CogVideoX5B/61/e.mp4,https://huggingface.co/datasets/faridlab/deepaction_v1/resolve/main/CogVideoX5B/61/e.mp4
CogVideoX5B__62__a,ai_generated,1,CogVideoX5B,62,a.mp4,CogVideoX5B/62/a.mp4,https://huggingface.co/datasets/faridlab/deepaction_v1/resolve/main/CogVideoX5B/62/a.mp4
CogVideoX5B__62__b,ai_generated,1,CogVideoX5B,62,b.mp4,CogVideoX5B/62/b.mp4,https://huggingface.co/datasets/faridlab/deepaction_v1/resolve/main/CogVideoX5B/62/b.mp4
CogVideoX5B__62__c,ai_generated,1,CogVideoX5B,62,c.mp4,CogVideoX5B/62/c.mp4,https://huggingface.co/datasets/faridlab/deepaction_v1/resolve/main/CogVideoX5B/62/c.mp4
CogVideoX5B__62__d,ai_generated,1,CogVideoX5B,62,d.mp4,CogVideoX5B/62/d.mp4,https://huggingface.co/datasets/faridlab/deepaction_v1/resolve/main/CogVideoX5B/62/d.mp4
CogVideoX5B__62__e,ai_generated,1,CogVideoX5B,62,e.mp4,CogVideoX5B/62/e.mp4,https://huggingface.co/datasets/faridlab/deepaction_v1/resolve/main/CogVideoX5B/62/e.mp4
CogVideoX5B__63__a,ai_generated,1,CogVideoX5B,63,a.mp4,CogVideoX5B/63/a.mp4,https://huggingface.co/datasets/faridlab/deepaction_v1/resolve/main/CogVideoX5B/63/a.mp4
CogVideoX5B__63__b,ai_generated,1,CogVideoX5B,63,b.mp4,CogVideoX5B/63/b.mp4,https://huggingface.co/datasets/faridlab/deepaction_v1/resolve/main/CogVideoX5B/63/b.mp4
CogVideoX5B__63__c,ai_generated,1,CogVideoX5B,63,c.mp4,CogVideoX5B/63/c.mp4,https://huggingface.co/datasets/faridlab/deepaction_v1/resolve/main/CogVideoX5B/63/c.mp4
CogVideoX5B__63__d,ai_generated,1,CogVideoX5B,63,d.mp4,CogVideoX5B/63/d.mp4,https://huggingface.co/datasets/faridlab/deepaction_v1/resolve/main/CogVideoX5B/63/d.mp4
CogVideoX5B__63__e,ai_generated,1,CogVideoX5B,63,e.mp4,CogVideoX5B/63/e.mp4,https://huggingface.co/datasets/faridlab/deepaction_v1/resolve/main/CogVideoX5B/63/e.mp4
CogVideoX5B__64__a,ai_generated,1,CogVideoX5B,64,a.mp4,CogVideoX5B/64/a.mp4,https://huggingface.co/datasets/faridlab/deepaction_v1/resolve/main/CogVideoX5B/64/a.mp4
CogVideoX5B__64__b,ai_generated,1,CogVideoX5B,64,b.mp4,CogVideoX5B/64/b.mp4,https://huggingface.co/datasets/faridlab/deepaction_v1/resolve/main/CogVideoX5B/64/b.mp4
CogVideoX5B__64__c,ai_generated,1,CogVideoX5B,64,c.mp4,CogVideoX5B/64/c.mp4,https://huggingface.co/datasets/faridlab/deepaction_v1/resolve/main/CogVideoX5B/64/c.mp4
CogVideoX5B__64__d,ai_generated,1,CogVideoX5B,64,d.mp4,CogVideoX5B/64/d.mp4,https://huggingface.co/datasets/faridlab/deepaction_v1/resolve/main/CogVideoX5B/64/d.mp4
CogVideoX5B__64__e,ai_generated,1,CogVideoX5B,64,e.mp4,CogVideoX5B/64/e.mp4,https://huggingface.co/datasets/faridlab/deepaction_v1/resolve/main/CogVideoX5B/64/e.mp4
CogVideoX5B__65__a,ai_generated,1,CogVideoX5B,65,a.mp4,CogVideoX5B/65/a.mp4,https://huggingface.co/datasets/faridlab/deepaction_v1/resolve/main/CogVideoX5B/65/a.mp4
CogVideoX5B__65__b,ai_generated,1,CogVideoX5B,65,b.mp4,CogVideoX5B/65/b.mp4,https://huggingface.co/datasets/faridlab/deepaction_v1/resolve/main/CogVideoX5B/65/b.mp4
CogVideoX5B__65__c,ai_generated,1,CogVideoX5B,65,c.mp4,CogVideoX5B/65/c.mp4,https://huggingface.co/datasets/faridlab/deepaction_v1/resolve/main/CogVideoX5B/65/c.mp4
CogVideoX5B__65__d,ai_generated,1,CogVideoX5B,65,d.mp4,CogVideoX5B/65/d.mp4,https://huggingface.co/datasets/faridlab/deepaction_v1/resolve/main/CogVideoX5B/65/d.mp4
CogVideoX5B__65__e,ai_generated,1,CogVideoX5B,65,e.mp4,CogVideoX5B/65/e.mp4,https://huggingface.co/datasets/faridlab/deepaction_v1/resolve/main/CogVideoX5B/65/e.mp4
CogVideoX5B__66__a,ai_generated,1,CogVideoX5B,66,a.mp4,CogVideoX5B/66/a.mp4,https://huggingface.co/datasets/faridlab/deepaction_v1/resolve/main/CogVideoX5B/66/a.mp4
CogVideoX5B__66__b,ai_generated,1,CogVideoX5B,66,b.mp4,CogVideoX5B/66/b.mp4,https://huggingface.co/datasets/faridlab/deepaction_v1/resolve/main/CogVideoX5B/66/b.mp4
CogVideoX5B__66__c,ai_generated,1,CogVideoX5B,66,c.mp4,CogVideoX5B/66/c.mp4,https://huggingface.co/datasets/faridlab/deepaction_v1/resolve/main/CogVideoX5B/66/c.mp4
CogVideoX5B__66__d,ai_generated,1,CogVideoX5B,66,d.mp4,CogVideoX5B/66/d.mp4,https://huggingface.co/datasets/faridlab/deepaction_v1/resolve/main/CogVideoX5B/66/d.mp4
CogVideoX5B__66__e,ai_generated,1,CogVideoX5B,66,e.mp4,CogVideoX5B/66/e.mp4,https://huggingface.co/datasets/faridlab/deepaction_v1/resolve/main/CogVideoX5B/66/e.mp4
CogVideoX5B__67__a,ai_generated,1,CogVideoX5B,67,a.mp4,CogVideoX5B/67/a.mp4,https://huggingface.co/datasets/faridlab/deepaction_v1/resolve/main/CogVideoX5B/67/a.mp4
CogVideoX5B__67__b,ai_generated,1,CogVideoX5B,67,b.mp4,CogVideoX5B/67/b.mp4,https://huggingface.co/datasets/faridlab/deepaction_v1/resolve/main/CogVideoX5B/67/b.mp4
CogVideoX5B__67__c,ai_generated,1,CogVideoX5B,67,c.mp4,CogVideoX5B/67/c.mp4,https://huggingface.co/datasets/faridlab/deepaction_v1/resolve/main/CogVideoX5B/67/c.mp4
CogVideoX5B__67__d,ai_generated,1,CogVideoX5B,67,d.mp4,CogVideoX5B/67/d.mp4,https://huggingface.co/datasets/faridlab/deepaction_v1/resolve/main/CogVideoX5B/67/d.mp4
CogVideoX5B__67__e,ai_generated,1,CogVideoX5B,67,e.mp4,CogVideoX5B/67/e.mp4,https://huggingface.co/datasets/faridlab/deepaction_v1/resolve/main/CogVideoX5B/67/e.mp4
CogVideoX5B__68__a,ai_generated,1,CogVideoX5B,68,a.mp4,CogVideoX5B/68/a.mp4,https://huggingface.co/datasets/faridlab/deepaction_v1/resolve/main/CogVideoX5B/68/a.mp4
CogVideoX5B__68__b,ai_generated,1,CogVideoX5B,68,b.mp4,CogVideoX5B/68/b.mp4,https://huggingface.co/datasets/faridlab/deepaction_v1/resolve/main/CogVideoX5B/68/b.mp4
CogVideoX5B__68__c,ai_generated,1,CogVideoX5B,68,c.mp4,CogVideoX5B/68/c.mp4,https://huggingface.co/datasets/faridlab/deepaction_v1/resolve/main/CogVideoX5B/68/c.mp4
CogVideoX5B__68__d,ai_generated,1,CogVideoX5B,68,d.mp4,CogVideoX5B/68/d.mp4,https://huggingface.co/datasets/faridlab/deepaction_v1/resolve/main/CogVideoX5B/68/d.mp4
CogVideoX5B__68__e,ai_generated,1,CogVideoX5B,68,e.mp4,CogVideoX5B/68/e.mp4,https://huggingface.co/datasets/faridlab/deepaction_v1/resolve/main/CogVideoX5B/68/e.mp4
CogVideoX5B__69__a,ai_generated,1,CogVideoX5B,69,a.mp4,CogVideoX5B/69/a.mp4,https://huggingface.co/datasets/faridlab/deepaction_v1/resolve/main/CogVideoX5B/69/a.mp4
CogVideoX5B__69__b,ai_generated,1,CogVideoX5B,69,b.mp4,CogVideoX5B/69/b.mp4,https://huggingface.co/datasets/faridlab/deepaction_v1/resolve/main/CogVideoX5B/69/b.mp4
CogVideoX5B__69__c,ai_generated,1,CogVideoX5B,69,c.mp4,CogVideoX5B/69/c.mp4,https://huggingface.co/datasets/faridlab/deepaction_v1/resolve/main/CogVideoX5B/69/c.mp4
CogVideoX5B__69__d,ai_generated,1,CogVideoX5B,69,d.mp4,CogVideoX5B/69/d.mp4,https://huggingface.co/datasets/faridlab/deepaction_v1/resolve/main/CogVideoX5B/69/d.mp4
CogVideoX5B__69__e,ai_generated,1,CogVideoX5B,69,e.mp4,CogVideoX5B/69/e.mp4,https://huggingface.co/datasets/faridlab/deepaction_v1/resolve/main/CogVideoX5B/69/e.mp4
CogVideoX5B__7__a,ai_generated,1,CogVideoX5B,7,a.mp4,CogVideoX5B/7/a.mp4,https://huggingface.co/datasets/faridlab/deepaction_v1/resolve/main/CogVideoX5B/7/a.mp4
CogVideoX5B__7__b,ai_generated,1,CogVideoX5B,7,b.mp4,CogVideoX5B/7/b.mp4,https://huggingface.co/datasets/faridlab/deepaction_v1/resolve/main/CogVideoX5B/7/b.mp4
CogVideoX5B__7__c,ai_generated,1,CogVideoX5B,7,c.mp4,CogVideoX5B/7/c.mp4,https://huggingface.co/datasets/faridlab/deepaction_v1/resolve/main/CogVideoX5B/7/c.mp4
CogVideoX5B__7__d,ai_generated,1,CogVideoX5B,7,d.mp4,CogVideoX5B/7/d.mp4,https://huggingface.co/datasets/faridlab/deepaction_v1/resolve/main/CogVideoX5B/7/d.mp4
CogVideoX5B__7__e,ai_generated,1,CogVideoX5B,7,e.mp4,CogVideoX5B/7/e.mp4,https://huggingface.co/datasets/faridlab/deepaction_v1/resolve/main/CogVideoX5B/7/e.mp4
CogVideoX5B__70__a,ai_generated,1,CogVideoX5B,70,a.mp4,CogVideoX5B/70/a.mp4,https://huggingface.co/datasets/faridlab/deepaction_v1/resolve/main/CogVideoX5B/70/a.mp4
CogVideoX5B__70__b,ai_generated,1,CogVideoX5B,70,b.mp4,CogVideoX5B/70/b.mp4,https://huggingface.co/datasets/faridlab/deepaction_v1/resolve/main/CogVideoX5B/70/b.mp4
CogVideoX5B__70__c,ai_generated,1,CogVideoX5B,70,c.mp4,CogVideoX5B/70/c.mp4,https://huggingface.co/datasets/faridlab/deepaction_v1/resolve/main/CogVideoX5B/70/c.mp4
CogVideoX5B__70__d,ai_generated,1,CogVideoX5B,70,d.mp4,CogVideoX5B/70/d.mp4,https://huggingface.co/datasets/faridlab/deepaction_v1/resolve/main/CogVideoX5B/70/d.mp4
CogVideoX5B__70__e,ai_generated,1,CogVideoX5B,70,e.mp4,CogVideoX5B/70/e.mp4,https://huggingface.co/datasets/faridlab/deepaction_v1/resolve/main/CogVideoX5B/70/e.mp4
CogVideoX5B__71__a,ai_generated,1,CogVideoX5B,71,a.mp4,CogVideoX5B/71/a.mp4,https://huggingface.co/datasets/faridlab/deepaction_v1/resolve/main/CogVideoX5B/71/a.mp4
CogVideoX5B__71__b,ai_generated,1,CogVideoX5B,71,b.mp4,CogVideoX5B/71/b.mp4,https://huggingface.co/datasets/faridlab/deepaction_v1/resolve/main/CogVideoX5B/71/b.mp4
CogVideoX5B__71__c,ai_generated,1,CogVideoX5B,71,c.mp4,CogVideoX5B/71/c.mp4,https://huggingface.co/datasets/faridlab/deepaction_v1/resolve/main/CogVideoX5B/71/c.mp4
CogVideoX5B__71__d,ai_generated,1,CogVideoX5B,71,d.mp4,CogVideoX5B/71/d.mp4,https://huggingface.co/datasets/faridlab/deepaction_v1/resolve/main/CogVideoX5B/71/d.mp4
CogVideoX5B__71__e,ai_generated,1,CogVideoX5B,71,e.mp4,CogVideoX5B/71/e.mp4,https://huggingface.co/datasets/faridlab/deepaction_v1/resolve/main/CogVideoX5B/71/e.mp4
CogVideoX5B__72__a,ai_generated,1,CogVideoX5B,72,a.mp4,CogVideoX5B/72/a.mp4,https://huggingface.co/datasets/faridlab/deepaction_v1/resolve/main/CogVideoX5B/72/a.mp4
CogVideoX5B__72__b,ai_generated,1,CogVideoX5B,72,b.mp4,CogVideoX5B/72/b.mp4,https://huggingface.co/datasets/faridlab/deepaction_v1/resolve/main/CogVideoX5B/72/b.mp4
CogVideoX5B__72__c,ai_generated,1,CogVideoX5B,72,c.mp4,CogVideoX5B/72/c.mp4,https://huggingface.co/datasets/faridlab/deepaction_v1/resolve/main/CogVideoX5B/72/c.mp4
CogVideoX5B__72__d,ai_generated,1,CogVideoX5B,72,d.mp4,CogVideoX5B/72/d.mp4,https://huggingface.co/datasets/faridlab/deepaction_v1/resolve/main/CogVideoX5B/72/d.mp4
CogVideoX5B__72__e,ai_generated,1,CogVideoX5B,72,e.mp4,CogVideoX5B/72/e.mp4,https://huggingface.co/datasets/faridlab/deepaction_v1/resolve/main/CogVideoX5B/72/e.mp4
CogVideoX5B__73__a,ai_generated,1,CogVideoX5B,73,a.mp4,CogVideoX5B/73/a.mp4,https://huggingface.co/datasets/faridlab/deepaction_v1/resolve/main/CogVideoX5B/73/a.mp4
CogVideoX5B__73__b,ai_generated,1,CogVideoX5B,73,b.mp4,CogVideoX5B/73/b.mp4,https://huggingface.co/datasets/faridlab/deepaction_v1/resolve/main/CogVideoX5B/73/b.mp4
CogVideoX5B__73__c,ai_generated,1,CogVideoX5B,73,c.mp4,CogVideoX5B/73/c.mp4,https://huggingface.co/datasets/faridlab/deepaction_v1/resolve/main/CogVideoX5B/73/c.mp4
CogVideoX5B__73__d,ai_generated,1,CogVideoX5B,73,d.mp4,CogVideoX5B/73/d.mp4,https://huggingface.co/datasets/faridlab/deepaction_v1/resolve/main/CogVideoX5B/73/d.mp4
CogVideoX5B__73__e,ai_generated,1,CogVideoX5B,73,e.mp4,CogVideoX5B/73/e.mp4,https://huggingface.co/datasets/faridlab/deepaction_v1/resolve/main/CogVideoX5B/73/e.mp4
CogVideoX5B__74__a,ai_generated,1,CogVideoX5B,74,a.mp4,CogVideoX5B/74/a.mp4,https://huggingface.co/datasets/faridlab/deepaction_v1/resolve/main/CogVideoX5B/74/a.mp4
CogVideoX5B__74__b,ai_generated,1,CogVideoX5B,74,b.mp4,CogVideoX5B/74/b.mp4,https://huggingface.co/datasets/faridlab/deepaction_v1/resolve/main/CogVideoX5B/74/b.mp4
CogVideoX5B__74__c,ai_generated,1,CogVideoX5B,74,c.mp4,CogVideoX5B/74/c.mp4,https://huggingface.co/datasets/faridlab/deepaction_v1/resolve/main/CogVideoX5B/74/c.mp4
CogVideoX5B__74__d,ai_generated,1,CogVideoX5B,74,d.mp4,CogVideoX5B/74/d.mp4,https://huggingface.co/datasets/faridlab/deepaction_v1/resolve/main/CogVideoX5B/74/d.mp4
CogVideoX5B__74__e,ai_generated,1,CogVideoX5B,74,e.mp4,CogVideoX5B/74/e.mp4,https://huggingface.co/datasets/faridlab/deepaction_v1/resolve/main/CogVideoX5B/74/e.mp4
CogVideoX5B__75__a,ai_generated,1,CogVideoX5B,75,a.mp4,CogVideoX5B/75/a.mp4,https://huggingface.co/datasets/faridlab/deepaction_v1/resolve/main/CogVideoX5B/75/a.mp4
CogVideoX5B__75__b,ai_generated,1,CogVideoX5B,75,b.mp4,CogVideoX5B/75/b.mp4,https://huggingface.co/datasets/faridlab/deepaction_v1/resolve/main/CogVideoX5B/75/b.mp4
CogVideoX5B__75__c,ai_generated,1,CogVideoX5B,75,c.mp4,CogVideoX5B/75/c.mp4,https://huggingface.co/datasets/faridlab/deepaction_v1/resolve/main/CogVideoX5B/75/c.mp4
CogVideoX5B__75__d,ai_generated,1,CogVideoX5B,75,d.mp4,CogVideoX5B/75/d.mp4,https://huggingface.co/datasets/faridlab/deepaction_v1/resolve/main/CogVideoX5B/75/d.mp4
CogVideoX5B__75__e,ai_generated,1,CogVideoX5B,75,e.mp4,CogVideoX5B/75/e.mp4,https://huggingface.co/datasets/faridlab/deepaction_v1/resolve/main/CogVideoX5B/75/e.mp4
CogVideoX5B__76__a,ai_generated,1,CogVideoX5B,76,a.mp4,CogVideoX5B/76/a.mp4,https://huggingface.co/datasets/faridlab/deepaction_v1/resolve/main/CogVideoX5B/76/a.mp4
CogVideoX5B__76__b,ai_generated,1,CogVideoX5B,76,b.mp4,CogVideoX5B/76/b.mp4,https://huggingface.co/datasets/faridlab/deepaction_v1/resolve/main/CogVideoX5B/76/b.mp4
CogVideoX5B__76__c,ai_generated,1,CogVideoX5B,76,c.mp4,CogVideoX5B/76/c.mp4,https://huggingface.co/datasets/faridlab/deepaction_v1/resolve/main/CogVideoX5B/76/c.mp4
CogVideoX5B__76__d,ai_generated,1,CogVideoX5B,76,d.mp4,CogVideoX5B/76/d.mp4,https://huggingface.co/datasets/faridlab/deepaction_v1/resolve/main/CogVideoX5B/76/d.mp4
CogVideoX5B__76__e,ai_generated,1,CogVideoX5B,76,e.mp4,CogVideoX5B/76/e.mp4,https://huggingface.co/datasets/faridlab/deepaction_v1/resolve/main/CogVideoX5B/76/e.mp4
CogVideoX5B__77__a,ai_generated,1,CogVideoX5B,77,a.mp4,CogVideoX5B/77/a.mp4,https://huggingface.co/datasets/faridlab/deepaction_v1/resolve/main/CogVideoX5B/77/a.mp4
CogVideoX5B__77__b,ai_generated,1,CogVideoX5B,77,b.mp4,CogVideoX5B/77/b.mp4,https://huggingface.co/datasets/faridlab/deepaction_v1/resolve/main/CogVideoX5B/77/b.mp4
CogVideoX5B__77__c,ai_generated,1,CogVideoX5B,77,c.mp4,CogVideoX5B/77/c.mp4,https://huggingface.co/datasets/faridlab/deepaction_v1/resolve/main/CogVideoX5B/77/c.mp4
CogVideoX5B__77__d,ai_generated,1,CogVideoX5B,77,d.mp4,CogVideoX5B/77/d.mp4,https://huggingface.co/datasets/faridlab/deepaction_v1/resolve/main/CogVideoX5B/77/d.mp4
CogVideoX5B__77__e,ai_generated,1,CogVideoX5B,77,e.mp4,CogVideoX5B/77/e.mp4,https://huggingface.co/datasets/faridlab/deepaction_v1/resolve/main/CogVideoX5B/77/e.mp4
CogVideoX5B__78__a,ai_generated,1,CogVideoX5B,78,a.mp4,CogVideoX5B/78/a.mp4,https://huggingface.co/datasets/faridlab/deepaction_v1/resolve/main/CogVideoX5B/78/a.mp4
CogVideoX5B__78__b,ai_generated,1,CogVideoX5B,78,b.mp4,CogVideoX5B/78/b.mp4,https://huggingface.co/datasets/faridlab/deepaction_v1/resolve/main/CogVideoX5B/78/b.mp4
CogVideoX5B__78__c,ai_generated,1,CogVideoX5B,78,c.mp4,CogVideoX5B/78/c.mp4,https://huggingface.co/datasets/faridlab/deepaction_v1/resolve/main/CogVideoX5B/78/c.mp4
CogVideoX5B__78__d,ai_generated,1,CogVideoX5B,78,d.mp4,CogVideoX5B/78/d.mp4,https://huggingface.co/datasets/faridlab/deepaction_v1/resolve/main/CogVideoX5B/78/d.mp4
CogVideoX5B__78__e,ai_generated,1,CogVideoX5B,78,e.mp4,CogVideoX5B/78/e.mp4,https://huggingface.co/datasets/faridlab/deepaction_v1/resolve/main/CogVideoX5B/78/e.mp4
CogVideoX5B__79__a,ai_generated,1,CogVideoX5B,79,a.mp4,CogVideoX5B/79/a.mp4,https://huggingface.co/datasets/faridlab/deepaction_v1/resolve/main/CogVideoX5B/79/a.mp4
CogVideoX5B__79__b,ai_generated,1,CogVideoX5B,79,b.mp4,CogVideoX5B/79/b.mp4,https://huggingface.co/datasets/faridlab/deepaction_v1/resolve/main/CogVideoX5B/79/b.mp4
CogVideoX5B__79__c,ai_generated,1,CogVideoX5B,79,c.mp4,CogVideoX5B/79/c.mp4,https://huggingface.co/datasets/faridlab/deepaction_v1/resolve/main/CogVideoX5B/79/c.mp4
CogVideoX5B__79__d,ai_generated,1,CogVideoX5B,79,d.mp4,CogVideoX5B/79/d.mp4,https://huggingface.co/datasets/faridlab/deepaction_v1/resolve/main/CogVideoX5B/79/d.mp4
CogVideoX5B__79__e,ai_generated,1,CogVideoX5B,79,e.mp4,CogVideoX5B/79/e.mp4,https://huggingface.co/datasets/faridlab/deepaction_v1/resolve/main/CogVideoX5B/79/e.mp4
CogVideoX5B__8__a,ai_generated,1,CogVideoX5B,8,a.mp4,CogVideoX5B/8/a.mp4,https://huggingface.co/datasets/faridlab/deepaction_v1/resolve/main/CogVideoX5B/8/a.mp4
CogVideoX5B__8__b,ai_generated,1,CogVideoX5B,8,b.mp4,CogVideoX5B/8/b.mp4,https://huggingface.co/datasets/faridlab/deepaction_v1/resolve/main/CogVideoX5B/8/b.mp4
CogVideoX5B__8__c,ai_generated,1,CogVideoX5B,8,c.mp4,CogVideoX5B/8/c.mp4,https://huggingface.co/datasets/faridlab/deepaction_v1/resolve/main/CogVideoX5B/8/c.mp4
CogVideoX5B__8__d,ai_generated,1,CogVideoX5B,8,d.mp4,CogVideoX5B/8/d.mp4,https://huggingface.co/datasets/faridlab/deepaction_v1/resolve/main/CogVideoX5B/8/d.mp4
CogVideoX5B__8__e,ai_generated,1,CogVideoX5B,8,e.mp4,CogVideoX5B/8/e.mp4,https://huggingface.co/datasets/faridlab/deepaction_v1/resolve/main/CogVideoX5B/8/e.mp4
CogVideoX5B__80__a,ai_generated,1,CogVideoX5B,80,a.mp4,CogVideoX5B/80/a.mp4,https://huggingface.co/datasets/faridlab/deepaction_v1/resolve/main/CogVideoX5B/80/a.mp4
CogVideoX5B__80__b,ai_generated,1,CogVideoX5B,80,b.mp4,CogVideoX5B/80/b.mp4,https://huggingface.co/datasets/faridlab/deepaction_v1/resolve/main/CogVideoX5B/80/b.mp4
CogVideoX5B__80__c,ai_generated,1,CogVideoX5B,80,c.mp4,CogVideoX5B/80/c.mp4,https://huggingface.co/datasets/faridlab/deepaction_v1/resolve/main/CogVideoX5B/80/c.mp4
CogVideoX5B__80__d,ai_generated,1,CogVideoX5B,80,d.mp4,CogVideoX5B/80/d.mp4,https://huggingface.co/datasets/faridlab/deepaction_v1/resolve/main/CogVideoX5B/80/d.mp4
CogVideoX5B__80__e,ai_generated,1,CogVideoX5B,80,e.mp4,CogVideoX5B/80/e.mp4,https://huggingface.co/datasets/faridlab/deepaction_v1/resolve/main/CogVideoX5B/80/e.mp4
CogVideoX5B__81__a,ai_generated,1,CogVideoX5B,81,a.mp4,CogVideoX5B/81/a.mp4,https://huggingface.co/datasets/faridlab/deepaction_v1/resolve/main/CogVideoX5B/81/a.mp4
CogVideoX5B__81__b,ai_generated,1,CogVideoX5B,81,b.mp4,CogVideoX5B/81/b.mp4,https://huggingface.co/datasets/faridlab/deepaction_v1/resolve/main/CogVideoX5B/81/b.mp4
CogVideoX5B__81__c,ai_generated,1,CogVideoX5B,81,c.mp4,CogVideoX5B/81/c.mp4,https://huggingface.co/datasets/faridlab/deepaction_v1/resolve/main/CogVideoX5B/81/c.mp4
CogVideoX5B__81__d,ai_generated,1,CogVideoX5B,81,d.mp4,CogVideoX5B/81/d.mp4,https://huggingface.co/datasets/faridlab/deepaction_v1/resolve/main/CogVideoX5B/81/d.mp4
CogVideoX5B__81__e,ai_generated,1,CogVideoX5B,81,e.mp4,CogVideoX5B/81/e.mp4,https://huggingface.co/datasets/faridlab/deepaction_v1/resolve/main/CogVideoX5B/81/e.mp4
CogVideoX5B__82__a,ai_generated,1,CogVideoX5B,82,a.mp4,CogVideoX5B/82/a.mp4,https://huggingface.co/datasets/faridlab/deepaction_v1/resolve/main/CogVideoX5B/82/a.mp4
CogVideoX5B__82__b,ai_generated,1,CogVideoX5B,82,b.mp4,CogVideoX5B/82/b.mp4,https://huggingface.co/datasets/faridlab/deepaction_v1/resolve/main/CogVideoX5B/82/b.mp4
CogVideoX5B__82__c,ai_generated,1,CogVideoX5B,82,c.mp4,CogVideoX5B/82/c.mp4,https://huggingface.co/datasets/faridlab/deepaction_v1/resolve/main/CogVideoX5B/82/c.mp4
CogVideoX5B__82__d,ai_generated,1,CogVideoX5B,82,d.mp4,CogVideoX5B/82/d.mp4,https://huggingface.co/datasets/faridlab/deepaction_v1/resolve/main/CogVideoX5B/82/d.mp4
CogVideoX5B__82__e,ai_generated,1,CogVideoX5B,82,e.mp4,CogVideoX5B/82/e.mp4,https://huggingface.co/datasets/faridlab/deepaction_v1/resolve/main/CogVideoX5B/82/e.mp4
CogVideoX5B__83__a,ai_generated,1,CogVideoX5B,83,a.mp4,CogVideoX5B/83/a.mp4,https://huggingface.co/datasets/faridlab/deepaction_v1/resolve/main/CogVideoX5B/83/a.mp4
CogVideoX5B__83__b,ai_generated,1,CogVideoX5B,83,b.mp4,CogVideoX5B/83/b.mp4,https://huggingface.co/datasets/faridlab/deepaction_v1/resolve/main/CogVideoX5B/83/b.mp4
CogVideoX5B__83__c,ai_generated,1,CogVideoX5B,83,c.mp4,CogVideoX5B/83/c.mp4,https://huggingface.co/datasets/faridlab/deepaction_v1/resolve/main/CogVideoX5B/83/c.mp4
CogVideoX5B__83__d,ai_generated,1,CogVideoX5B,83,d.mp4,CogVideoX5B/83/d.mp4,https://huggingface.co/datasets/faridlab/deepaction_v1/resolve/main/CogVideoX5B/83/d.mp4
CogVideoX5B__83__e,ai_generated,1,CogVideoX5B,83,e.mp4,CogVideoX5B/83/e.mp4,https://huggingface.co/datasets/faridlab/deepaction_v1/resolve/main/CogVideoX5B/83/e.mp4
CogVideoX5B__84__a,ai_generated,1,CogVideoX5B,84,a.mp4,CogVideoX5B/84/a.mp4,https://huggingface.co/datasets/faridlab/deepaction_v1/resolve/main/CogVideoX5B/84/a.mp4
CogVideoX5B__84__b,ai_generated,1,CogVideoX5B,84,b.mp4,CogVideoX5B/84/b.mp4,https://huggingface.co/datasets/faridlab/deepaction_v1/resolve/main/CogVideoX5B/84/b.mp4
CogVideoX5B__84__c,ai_generated,1,CogVideoX5B,84,c.mp4,CogVideoX5B/84/c.mp4,https://huggingface.co/datasets/faridlab/deepaction_v1/resolve/main/CogVideoX5B/84/c.mp4
CogVideoX5B__84__d,ai_generated,1,CogVideoX5B,84,d.mp4,CogVideoX5B/84/d.mp4,https://huggingface.co/datasets/faridlab/deepaction_v1/resolve/main/CogVideoX5B/84/d.mp4
CogVideoX5B__84__e,ai_generated,1,CogVideoX5B,84,e.mp4,CogVideoX5B/84/e.mp4,https://huggingface.co/datasets/faridlab/deepaction_v1/resolve/main/CogVideoX5B/84/e.mp4
CogVideoX5B__85__a,ai_generated,1,CogVideoX5B,85,a.mp4,CogVideoX5B/85/a.mp4,https://huggingface.co/datasets/faridlab/deepaction_v1/resolve/main/CogVideoX5B/85/a.mp4
CogVideoX5B__85__b,ai_generated,1,CogVideoX5B,85,b.mp4,CogVideoX5B/85/b.mp4,https://huggingface.co/datasets/faridlab/deepaction_v1/resolve/main/CogVideoX5B/85/b.mp4
CogVideoX5B__85__c,ai_generated,1,CogVideoX5B,85,c.mp4,CogVideoX5B/85/c.mp4,https://huggingface.co/datasets/faridlab/deepaction_v1/resolve/main/CogVideoX5B/85/c.mp4
CogVideoX5B__85__d,ai_generated,1,CogVideoX5B,85,d.mp4,CogVideoX5B/85/d.mp4,https://huggingface.co/datasets/faridlab/deepaction_v1/resolve/main/CogVideoX5B/85/d.mp4
CogVideoX5B__85__e,ai_generated,1,CogVideoX5B,85,e.mp4,CogVideoX5B/85/e.mp4,https://huggingface.co/datasets/faridlab/deepaction_v1/resolve/main/CogVideoX5B/85/e.mp4
CogVideoX5B__86__a,ai_generated,1,CogVideoX5B,86,a.mp4,CogVideoX5B/86/a.mp4,https://huggingface.co/datasets/faridlab/deepaction_v1/resolve/main/CogVideoX5B/86/a.mp4
CogVideoX5B__86__b,ai_generated,1,CogVideoX5B,86,b.mp4,CogVideoX5B/86/b.mp4,https://huggingface.co/datasets/faridlab/deepaction_v1/resolve/main/CogVideoX5B/86/b.mp4
CogVideoX5B__86__c,ai_generated,1,CogVideoX5B,86,c.mp4,CogVideoX5B/86/c.mp4,https://huggingface.co/datasets/faridlab/deepaction_v1/resolve/main/CogVideoX5B/86/c.mp4
CogVideoX5B__86__d,ai_generated,1,CogVideoX5B,86,d.mp4,CogVideoX5B/86/d.mp4,https://huggingface.co/datasets/faridlab/deepaction_v1/resolve/main/CogVideoX5B/86/d.mp4
CogVideoX5B__86__e,ai_generated,1,CogVideoX5B,86,e.mp4,CogVideoX5B/86/e.mp4,https://huggingface.co/datasets/faridlab/deepaction_v1/resolve/main/CogVideoX5B/86/e.mp4
CogVideoX5B__87__a,ai_generated,1,CogVideoX5B,87,a.mp4,CogVideoX5B/87/a.mp4,https://huggingface.co/datasets/faridlab/deepaction_v1/resolve/main/CogVideoX5B/87/a.mp4
CogVideoX5B__87__b,ai_generated,1,CogVideoX5B,87,b.mp4,CogVideoX5B/87/b.mp4,https://huggingface.co/datasets/faridlab/deepaction_v1/resolve/main/CogVideoX5B/87/b.mp4
CogVideoX5B__87__c,ai_generated,1,CogVideoX5B,87,c.mp4,CogVideoX5B/87/c.mp4,https://huggingface.co/datasets/faridlab/deepaction_v1/resolve/main/CogVideoX5B/87/c.mp4
CogVideoX5B__87__d,ai_generated,1,CogVideoX5B,87,d.mp4,CogVideoX5B/87/d.mp4,https://huggingface.co/datasets/faridlab/deepaction_v1/resolve/main/CogVideoX5B/87/d.mp4
CogVideoX5B__87__e,ai_generated,1,CogVideoX5B,87,e.mp4,CogVideoX5B/87/e.mp4,https://huggingface.co/datasets/faridlab/deepaction_v1/resolve/main/CogVideoX5B/87/e.mp4
CogVideoX5B__88__a,ai_generated,1,CogVideoX5B,88,a.mp4,CogVideoX5B/88/a.mp4,https://huggingface.co/datasets/faridlab/deepaction_v1/resolve/main/CogVideoX5B/88/a.mp4
CogVideoX5B__88__b,ai_generated,1,CogVideoX5B,88,b.mp4,CogVideoX5B/88/b.mp4,https://huggingface.co/datasets/faridlab/deepaction_v1/resolve/main/CogVideoX5B/88/b.mp4
CogVideoX5B__88__c,ai_generated,1,CogVideoX5B,88,c.mp4,CogVideoX5B/88/c.mp4,https://huggingface.co/datasets/faridlab/deepaction_v1/resolve/main/CogVideoX5B/88/c.mp4
CogVideoX5B__88__d,ai_generated,1,CogVideoX5B,88,d.mp4,CogVideoX5B/88/d.mp4,https://huggingface.co/datasets/faridlab/deepaction_v1/resolve/main/CogVideoX5B/88/d.mp4
CogVideoX5B__88__e,ai_generated,1,CogVideoX5B,88,e.mp4,CogVideoX5B/88/e.mp4,https://huggingface.co/datasets/faridlab/deepaction_v1/resolve/main/CogVideoX5B/88/e.mp4
CogVideoX5B__89__a,ai_generated,1,CogVideoX5B,89,a.mp4,CogVideoX5B/89/a.mp4,https://huggingface.co/datasets/faridlab/deepaction_v1/resolve/main/CogVideoX5B/89/a.mp4
CogVideoX5B__89__b,ai_generated,1,CogVideoX5B,89,b.mp4,CogVideoX5B/89/b.mp4,https://huggingface.co/datasets/faridlab/deepaction_v1/resolve/main/CogVideoX5B/89/b.mp4
CogVideoX5B__89__c,ai_generated,1,CogVideoX5B,89,c.mp4,CogVideoX5B/89/c.mp4,https://huggingface.co/datasets/faridlab/deepaction_v1/resolve/main/CogVideoX5B/89/c.mp4
CogVideoX5B__89__d,ai_generated,1,CogVideoX5B,89,d.mp4,CogVideoX5B/89/d.mp4,https://huggingface.co/datasets/faridlab/deepaction_v1/resolve/main/CogVideoX5B/89/d.mp4
CogVideoX5B__89__e,ai_generated,1,CogVideoX5B,89,e.mp4,CogVideoX5B/89/e.mp4,https://huggingface.co/datasets/faridlab/deepaction_v1/resolve/main/CogVideoX5B/89/e.mp4
CogVideoX5B__9__a,ai_generated,1,CogVideoX5B,9,a.mp4,CogVideoX5B/9/a.mp4,https://huggingface.co/datasets/faridlab/deepaction_v1/resolve/main/CogVideoX5B/9/a.mp4
CogVideoX5B__9__b,ai_generated,1,CogVideoX5B,9,b.mp4,CogVideoX5B/9/b.mp4,https://huggingface.co/datasets/faridlab/deepaction_v1/resolve/main/CogVideoX5B/9/b.mp4
CogVideoX5B__9__c,ai_generated,1,CogVideoX5B,9,c.mp4,CogVideoX5B/9/c.mp4,https://huggingface.co/datasets/faridlab/deepaction_v1/resolve/main/CogVideoX5B/9/c.mp4
CogVideoX5B__9__d,ai_generated,1,CogVideoX5B,9,d.mp4,CogVideoX5B/9/d.mp4,https://huggingface.co/datasets/faridlab/deepaction_v1/resolve/main/CogVideoX5B/9/d.mp4
CogVideoX5B__9__e,ai_generated,1,CogVideoX5B,9,e.mp4,CogVideoX5B/9/e.mp4,https://huggingface.co/datasets/faridlab/deepaction_v1/resolve/main/CogVideoX5B/9/e.mp4
CogVideoX5B__90__a,ai_generated,1,CogVideoX5B,90,a.mp4,CogVideoX5B/90/a.mp4,https://huggingface.co/datasets/faridlab/deepaction_v1/resolve/main/CogVideoX5B/90/a.mp4
CogVideoX5B__90__b,ai_generated,1,CogVideoX5B,90,b.mp4,CogVideoX5B/90/b.mp4,https://huggingface.co/datasets/faridlab/deepaction_v1/resolve/main/CogVideoX5B/90/b.mp4
CogVideoX5B__90__c,ai_generated,1,CogVideoX5B,90,c.mp4,CogVideoX5B/90/c.mp4,https://huggingface.co/datasets/faridlab/deepaction_v1/resolve/main/CogVideoX5B/90/c.mp4
CogVideoX5B__90__d,ai_generated,1,CogVideoX5B,90,d.mp4,CogVideoX5B/90/d.mp4,https://huggingface.co/datasets/faridlab/deepaction_v1/resolve/main/CogVideoX5B/90/d.mp4
CogVideoX5B__90__e,ai_generated,1,CogVideoX5B,90,e.mp4,CogVideoX5B/90/e.mp4,https://huggingface.co/datasets/faridlab/deepaction_v1/resolve/main/CogVideoX5B/90/e.mp4
CogVideoX5B__91__a,ai_generated,1,CogVideoX5B,91,a.mp4,CogVideoX5B/91/a.mp4,https://huggingface.co/datasets/faridlab/deepaction_v1/resolve/main/CogVideoX5B/91/a.mp4
CogVideoX5B__91__b,ai_generated,1,CogVideoX5B,91,b.mp4,CogVideoX5B/91/b.mp4,https://huggingface.co/datasets/faridlab/deepaction_v1/resolve/main/CogVideoX5B/91/b.mp4
CogVideoX5B__91__c,ai_generated,1,CogVideoX5B,91,c.mp4,CogVideoX5B/91/c.mp4,https://huggingface.co/datasets/faridlab/deepaction_v1/resolve/main/CogVideoX5B/91/c.mp4
CogVideoX5B__91__d,ai_generated,1,CogVideoX5B,91,d.mp4,CogVideoX5B/91/d.mp4,https://huggingface.co/datasets/faridlab/deepaction_v1/resolve/main/CogVideoX5B/91/d.mp4
CogVideoX5B__91__e,ai_generated,1,CogVideoX5B,91,e.mp4,CogVideoX5B/91/e.mp4,https://huggingface.co/datasets/faridlab/deepaction_v1/resolve/main/CogVideoX5B/91/e.mp4
CogVideoX5B__92__a,ai_generated,1,CogVideoX5B,92,a.mp4,CogVideoX5B/92/a.mp4,https://huggingface.co/datasets/faridlab/deepaction_v1/resolve/main/CogVideoX5B/92/a.mp4
CogVideoX5B__92__b,ai_generated,1,CogVideoX5B,92,b.mp4,CogVideoX5B/92/b.mp4,https://huggingface.co/datasets/faridlab/deepaction_v1/resolve/main/CogVideoX5B/92/b.mp4
CogVideoX5B__92__c,ai_generated,1,CogVideoX5B,92,c.mp4,CogVideoX5B/92/c.mp4,https://huggingface.co/datasets/faridlab/deepaction_v1/resolve/main/CogVideoX5B/92/c.mp4
CogVideoX5B__92__d,ai_generated,1,CogVideoX5B,92,d.mp4,CogVideoX5B/92/d.mp4,https://huggingface.co/datasets/faridlab/deepaction_v1/resolve/main/CogVideoX5B/92/d.mp4
CogVideoX5B__92__e,ai_generated,1,CogVideoX5B,92,e.mp4,CogVideoX5B/92/e.mp4,https://huggingface.co/datasets/faridlab/deepaction_v1/resolve/main/CogVideoX5B/92/e.mp4
CogVideoX5B__93__a,ai_generated,1,CogVideoX5B,93,a.mp4,CogVideoX5B/93/a.mp4,https://huggingface.co/datasets/faridlab/deepaction_v1/resolve/main/CogVideoX5B/93/a.mp4
CogVideoX5B__93__b,ai_generated,1,CogVideoX5B,93,b.mp4,CogVideoX5B/93/b.mp4,https://huggingface.co/datasets/faridlab/deepaction_v1/resolve/main/CogVideoX5B/93/b.mp4
CogVideoX5B__93__c,ai_generated,1,CogVideoX5B,93,c.mp4,CogVideoX5B/93/c.mp4,https://huggingface.co/datasets/faridlab/deepaction_v1/resolve/main/CogVideoX5B/93/c.mp4
CogVideoX5B__93__d,ai_generated,1,CogVideoX5B,93,d.mp4,CogVideoX5B/93/d.mp4,https://huggingface.co/datasets/faridlab/deepaction_v1/resolve/main/CogVideoX5B/93/d.mp4
CogVideoX5B__93__e,ai_generated,1,CogVideoX5B,93,e.mp4,CogVideoX5B/93/e.mp4,https://huggingface.co/datasets/faridlab/deepaction_v1/resolve/main/CogVideoX5B/93/e.mp4
CogVideoX5B__94__a,ai_generated,1,CogVideoX5B,94,a.mp4,CogVideoX5B/94/a.mp4,https://huggingface.co/datasets/faridlab/deepaction_v1/resolve/main/CogVideoX5B/94/a.mp4
CogVideoX5B__94__b,ai_generated,1,CogVideoX5B,94,b.mp4,CogVideoX5B/94/b.mp4,https://huggingface.co/datasets/faridlab/deepaction_v1/resolve/main/CogVideoX5B/94/b.mp4
CogVideoX5B__94__c,ai_generated,1,CogVideoX5B,94,c.mp4,CogVideoX5B/94/c.mp4,https://huggingface.co/datasets/faridlab/deepaction_v1/resolve/main/CogVideoX5B/94/c.mp4
CogVideoX5B__94__d,ai_generated,1,CogVideoX5B,94,d.mp4,CogVideoX5B/94/d.mp4,https://huggingface.co/datasets/faridlab/deepaction_v1/resolve/main/CogVideoX5B/94/d.mp4
CogVideoX5B__94__e,ai_generated,1,CogVideoX5B,94,e.mp4,CogVideoX5B/94/e.mp4,https://huggingface.co/datasets/faridlab/deepaction_v1/resolve/main/CogVideoX5B/94/e.mp4
CogVideoX5B__99__a,ai_generated,1,CogVideoX5B,99,a.mp4,CogVideoX5B/99/a.mp4,https://huggingface.co/datasets/faridlab/deepaction_v1/resolve/main/CogVideoX5B/99/a.mp4
CogVideoX5B__99__b,ai_generated,1,CogVideoX5B,99,b.mp4,CogVideoX5B/99/b.mp4,https://huggingface.co/datasets/faridlab/deepaction_v1/resolve/main/CogVideoX5B/99/b.mp4
CogVideoX5B__99__c,ai_generated,1,CogVideoX5B,99,c.mp4,CogVideoX5B/99/c.mp4,https://huggingface.co/datasets/faridlab/deepaction_v1/resolve/main/CogVideoX5B/99/c.mp4
CogVideoX5B__99__d,ai_generated,1,CogVideoX5B,99,d.mp4,CogVideoX5B/99/d.mp4,https://huggingface.co/datasets/faridlab/deepaction_v1/resolve/main/CogVideoX5B/99/d.mp4
CogVideoX5B__99__e,ai_generated,1,CogVideoX5B,99,e.mp4,CogVideoX5B/99/e.mp4,https://huggingface.co/datasets/faridlab/deepaction_v1/resolve/main/CogVideoX5B/99/e.mp4
RunwayML__0__a,ai_generated,1,RunwayML,0,a.mp4,RunwayML/0/a.mp4,https://huggingface.co/datasets/faridlab/deepaction_v1/resolve/main/RunwayML/0/a.mp4
RunwayML__0__b,ai_generated,1,RunwayML,0,b.mp4,RunwayML/0/b.mp4,https://huggingface.co/datasets/faridlab/deepaction_v1/resolve/main/RunwayML/0/b.mp4
RunwayML__0__c,ai_generated,1,RunwayML,0,c.mp4,RunwayML/0/c.mp4,https://huggingface.co/datasets/faridlab/deepaction_v1/resolve/main/RunwayML/0/c.mp4
RunwayML__0__d,ai_generated,1,RunwayML,0,d.mp4,RunwayML/0/d.mp4,https://huggingface.co/datasets/faridlab/deepaction_v1/resolve/main/RunwayML/0/d.mp4
RunwayML__0__e,ai_generated,1,RunwayML,0,e.mp4,RunwayML/0/e.mp4,https://huggingface.co/datasets/faridlab/deepaction_v1/resolve/main/RunwayML/0/e.mp4
RunwayML__1__a,ai_generated,1,RunwayML,1,a.mp4,RunwayML/1/a.mp4,https://huggingface.co/datasets/faridlab/deepaction_v1/resolve/main/RunwayML/1/a.mp4
RunwayML__1__b,ai_generated,1,RunwayML,1,b.mp4,RunwayML/1/b.mp4,https://huggingface.co/datasets/faridlab/deepaction_v1/resolve/main/RunwayML/1/b.mp4
RunwayML__1__c,ai_generated,1,RunwayML,1,c.mp4,RunwayML/1/c.mp4,https://huggingface.co/datasets/faridlab/deepaction_v1/resolve/main/RunwayML/1/c.mp4
RunwayML__1__d,ai_generated,1,RunwayML,1,d.mp4,RunwayML/1/d.mp4,https://huggingface.co/datasets/faridlab/deepaction_v1/resolve/main/RunwayML/1/d.mp4
RunwayML__1__e,ai_generated,1,RunwayML,1,e.mp4,RunwayML/1/e.mp4,https://huggingface.co/datasets/faridlab/deepaction_v1/resolve/main/RunwayML/1/e.mp4
RunwayML__10__a,ai_generated,1,RunwayML,10,a.mp4,RunwayML/10/a.mp4,https://huggingface.co/datasets/faridlab/deepaction_v1/resolve/main/RunwayML/10/a.mp4
RunwayML__10__b,ai_generated,1,RunwayML,10,b.mp4,RunwayML/10/b.mp4,https://huggingface.co/datasets/faridlab/deepaction_v1/resolve/main/RunwayML/10/b.mp4
RunwayML__10__c,ai_generated,1,RunwayML,10,c.mp4,RunwayML/10/c.mp4,https://huggingface.co/datasets/faridlab/deepaction_v1/resolve/main/RunwayML/10/c.mp4
RunwayML__10__d,ai_generated,1,RunwayML,10,d.mp4,RunwayML/10/d.mp4,https://huggingface.co/datasets/faridlab/deepaction_v1/resolve/main/RunwayML/10/d.mp4
RunwayML__10__e,ai_generated,1,RunwayML,10,e.mp4,RunwayML/10/e.mp4,https://huggingface.co/datasets/faridlab/deepaction_v1/resolve/main/RunwayML/10/e.mp4
RunwayML__100__a,ai_generated,1,RunwayML,100,a.mp4,RunwayML/100/a.mp4,https://huggingface.co/datasets/faridlab/deepaction_v1/resolve/main/RunwayML/100/a.mp4
RunwayML__100__b,ai_generated,1,RunwayML,100,b.mp4,RunwayML/100/b.mp4,https://huggingface.co/datasets/faridlab/deepaction_v1/resolve/main/RunwayML/100/b.mp4
RunwayML__100__c,ai_generated,1,RunwayML,100,c.mp4,RunwayML/100/c.mp4,https://huggingface.co/datasets/faridlab/deepaction_v1/resolve/main/RunwayML/100/c.mp4
RunwayML__100__d,ai_generated,1,RunwayML,100,d.mp4,RunwayML/100/d.mp4,https://huggingface.co/datasets/faridlab/deepaction_v1/resolve/main/RunwayML/100/d.mp4
RunwayML__100__e,ai_generated,1,RunwayML,100,e.mp4,RunwayML/100/e.mp4,https://huggingface.co/datasets/faridlab/deepaction_v1/resolve/main/RunwayML/100/e.mp4
RunwayML__101__a,ai_generated,1,RunwayML,101,a.mp4,RunwayML/101/a.mp4,https://huggingface.co/datasets/faridlab/deepaction_v1/resolve/main/RunwayML/101/a.mp4
RunwayML__101__b,ai_generated,1,RunwayML,101,b.mp4,RunwayML/101/b.mp4,https://huggingface.co/datasets/faridlab/deepaction_v1/resolve/main/RunwayML/101/b.mp4
RunwayML__101__c,ai_generated,1,RunwayML,101,c.mp4,RunwayML/101/c.mp4,https://huggingface.co/datasets/faridlab/deepaction_v1/resolve/main/RunwayML/101/c.mp4
RunwayML__101__d,ai_generated,1,RunwayML,101,d.mp4,RunwayML/101/d.mp4,https://huggingface.co/datasets/faridlab/deepaction_v1/resolve/main/RunwayML/101/d.mp4
RunwayML__101__e,ai_generated,1,RunwayML,101,e.mp4,RunwayML/101/e.mp4,https://huggingface.co/datasets/faridlab/deepaction_v1/resolve/main/RunwayML/101/e.mp4
RunwayML__102__a,ai_generated,1,RunwayML,102,a.mp4,RunwayML/102/a.mp4,https://huggingface.co/datasets/faridlab/deepaction_v1/resolve/main/RunwayML/102/a.mp4
RunwayML__102__b,ai_generated,1,RunwayML,102,b.mp4,RunwayML/102/b.mp4,https://huggingface.co/datasets/faridlab/deepaction_v1/resolve/main/RunwayML/102/b.mp4
RunwayML__102__c,ai_generated,1,RunwayML,102,c.mp4,RunwayML/102/c.mp4,https://huggingface.co/datasets/faridlab/deepaction_v1/resolve/main/RunwayML/102/c.mp4
RunwayML__102__d,ai_generated,1,RunwayML,102,d.mp4,RunwayML/102/d.mp4,https://huggingface.co/datasets/faridlab/deepaction_v1/resolve/main/RunwayML/102/d.mp4
RunwayML__102__e,ai_generated,1,RunwayML,102,e.mp4,RunwayML/102/e.mp4,https://huggingface.co/datasets/faridlab/deepaction_v1/resolve/main/RunwayML/102/e.mp4
RunwayML__103__a,ai_generated,1,RunwayML,103,a.mp4,RunwayML/103/a.mp4,https://huggingface.co/datasets/faridlab/deepaction_v1/resolve/main/RunwayML/103/a.mp4
RunwayML__103__b,ai_generated,1,RunwayML,103,b.mp4,RunwayML/103/b.mp4,https://huggingface.co/datasets/faridlab/deepaction_v1/resolve/main/RunwayML/103/b.mp4
RunwayML__103__c,ai_generated,1,RunwayML,103,c.mp4,RunwayML/103/c.mp4,https://huggingface.co/datasets/faridlab/deepaction_v1/resolve/main/RunwayML/103/c.mp4
RunwayML__103__d,ai_generated,1,RunwayML,103,d.mp4,RunwayML/103/d.mp4,https://huggingface.co/datasets/faridlab/deepaction_v1/resolve/main/RunwayML/103/d.mp4
RunwayML__103__e,ai_generated,1,RunwayML,103,e.mp4,RunwayML/103/e.mp4,https://huggingface.co/datasets/faridlab/deepaction_v1/resolve/main/RunwayML/103/e.mp4
RunwayML__11__a,ai_generated,1,RunwayML,11,a.mp4,RunwayML/11/a.mp4,https://huggingface.co/datasets/faridlab/deepaction_v1/resolve/main/RunwayML/11/a.mp4
RunwayML__11__b,ai_generated,1,RunwayML,11,b.mp4,RunwayML/11/b.mp4,https://huggingface.co/datasets/faridlab/deepaction_v1/resolve/main/RunwayML/11/b.mp4
RunwayML__11__c,ai_generated,1,RunwayML,11,c.mp4,RunwayML/11/c.mp4,https://huggingface.co/datasets/faridlab/deepaction_v1/resolve/main/RunwayML/11/c.mp4
RunwayML__11__d,ai_generated,1,RunwayML,11,d.mp4,RunwayML/11/d.mp4,https://huggingface.co/datasets/faridlab/deepaction_v1/resolve/main/RunwayML/11/d.mp4
RunwayML__11__e,ai_generated,1,RunwayML,11,e.mp4,RunwayML/11/e.mp4,https://huggingface.co/datasets/faridlab/deepaction_v1/resolve/main/RunwayML/11/e.mp4
RunwayML__12__a,ai_generated,1,RunwayML,12,a.mp4,RunwayML/12/a.mp4,https://huggingface.co/datasets/faridlab/deepaction_v1/resolve/main/RunwayML/12/a.mp4
RunwayML__12__b,ai_generated,1,RunwayML,12,b.mp4,RunwayML/12/b.mp4,https://huggingface.co/datasets/faridlab/deepaction_v1/resolve/main/RunwayML/12/b.mp4
RunwayML__12__c,ai_generated,1,RunwayML,12,c.mp4,RunwayML/12/c.mp4,https://huggingface.co/datasets/faridlab/deepaction_v1/resolve/main/RunwayML/12/c.mp4
RunwayML__12__d,ai_generated,1,RunwayML,12,d.mp4,RunwayML/12/d.mp4,https://huggingface.co/datasets/faridlab/deepaction_v1/resolve/main/RunwayML/12/d.mp4
RunwayML__12__e,ai_generated,1,RunwayML,12,e.mp4,RunwayML/12/e.mp4,https://huggingface.co/datasets/faridlab/deepaction_v1/resolve/main/RunwayML/12/e.mp4
RunwayML__13__a,ai_generated,1,RunwayML,13,a.mp4,RunwayML/13/a.mp4,https://huggingface.co/datasets/faridlab/deepaction_v1/resolve/main/RunwayML/13/a.mp4
RunwayML__13__b,ai_generated,1,RunwayML,13,b.mp4,RunwayML/13/b.mp4,https://huggingface.co/datasets/faridlab/deepaction_v1/resolve/main/RunwayML/13/b.mp4
RunwayML__13__c,ai_generated,1,RunwayML,13,c.mp4,RunwayML/13/c.mp4,https://huggingface.co/datasets/faridlab/deepaction_v1/resolve/main/RunwayML/13/c.mp4
RunwayML__13__d,ai_generated,1,RunwayML,13,d.mp4,RunwayML/13/d.mp4,https://huggingface.co/datasets/faridlab/deepaction_v1/resolve/main/RunwayML/13/d.mp4
RunwayML__13__e,ai_generated,1,RunwayML,13,e.mp4,RunwayML/13/e.mp4,https://huggingface.co/datasets/faridlab/deepaction_v1/resolve/main/RunwayML/13/e.mp4
RunwayML__14__a,ai_generated,1,RunwayML,14,a.mp4,RunwayML/14/a.mp4,https://huggingface.co/datasets/faridlab/deepaction_v1/resolve/main/RunwayML/14/a.mp4
RunwayML__14__b,ai_generated,1,RunwayML,14,b.mp4,RunwayML/14/b.mp4,https://huggingface.co/datasets/faridlab/deepaction_v1/resolve/main/RunwayML/14/b.mp4
RunwayML__14__c,ai_generated,1,RunwayML,14,c.mp4,RunwayML/14/c.mp4,https://huggingface.co/datasets/faridlab/deepaction_v1/resolve/main/RunwayML/14/c.mp4
RunwayML__14__d,ai_generated,1,RunwayML,14,d.mp4,RunwayML/14/d.mp4,https://huggingface.co/datasets/faridlab/deepaction_v1/resolve/main/RunwayML/14/d.mp4
RunwayML__14__e,ai_generated,1,RunwayML,14,e.mp4,RunwayML/14/e.mp4,https://huggingface.co/datasets/faridlab/deepaction_v1/resolve/main/RunwayML/14/e.mp4
RunwayML__15__a,ai_generated,1,RunwayML,15,a.mp4,RunwayML/15/a.mp4,https://huggingface.co/datasets/faridlab/deepaction_v1/resolve/main/RunwayML/15/a.mp4
RunwayML__15__b,ai_generated,1,RunwayML,15,b.mp4,RunwayML/15/b.mp4,https://huggingface.co/datasets/faridlab/deepaction_v1/resolve/main/RunwayML/15/b.mp4
RunwayML__15__c,ai_generated,1,RunwayML,15,c.mp4,RunwayML/15/c.mp4,https://huggingface.co/datasets/faridlab/deepaction_v1/resolve/main/RunwayML/15/c.mp4
RunwayML__15__d,ai_generated,1,RunwayML,15,d.mp4,RunwayML/15/d.mp4,https://huggingface.co/datasets/faridlab/deepaction_v1/resolve/main/RunwayML/15/d.mp4
RunwayML__15__e,ai_generated,1,RunwayML,15,e.mp4,RunwayML/15/e.mp4,https://huggingface.co/datasets/faridlab/deepaction_v1/resolve/main/RunwayML/15/e.mp4
RunwayML__16__a,ai_generated,1,RunwayML,16,a.mp4,RunwayML/16/a.mp4,https://huggingface.co/datasets/faridlab/deepaction_v1/resolve/main/RunwayML/16/a.mp4
RunwayML__16__b,ai_generated,1,RunwayML,16,b.mp4,RunwayML/16/b.mp4,https://huggingface.co/datasets/faridlab/deepaction_v1/resolve/main/RunwayML/16/b.mp4
RunwayML__16__c,ai_generated,1,RunwayML,16,c.mp4,RunwayML/16/c.mp4,https://huggingface.co/datasets/faridlab/deepaction_v1/resolve/main/RunwayML/16/c.mp4
RunwayML__16__d,ai_generated,1,RunwayML,16,d.mp4,RunwayML/16/d.mp4,https://huggingface.co/datasets/faridlab/deepaction_v1/resolve/main/RunwayML/16/d.mp4
RunwayML__16__e,ai_generated,1,RunwayML,16,e.mp4,RunwayML/16/e.mp4,https://huggingface.co/datasets/faridlab/deepaction_v1/resolve/main/RunwayML/16/e.mp4
RunwayML__17__a,ai_generated,1,RunwayML,17,a.mp4,RunwayML/17/a.mp4,https://huggingface.co/datasets/faridlab/deepaction_v1/resolve/main/RunwayML/17/a.mp4
RunwayML__17__b,ai_generated,1,RunwayML,17,b.mp4,RunwayML/17/b.mp4,https://huggingface.co/datasets/faridlab/deepaction_v1/resolve/main/RunwayML/17/b.mp4
RunwayML__17__c,ai_generated,1,RunwayML,17,c.mp4,RunwayML/17/c.mp4,https://huggingface.co/datasets/faridlab/deepaction_v1/resolve/main/RunwayML/17/c.mp4
RunwayML__17__d,ai_generated,1,RunwayML,17,d.mp4,RunwayML/17/d.mp4,https://huggingface.co/datasets/faridlab/deepaction_v1/resolve/main/RunwayML/17/d.mp4
RunwayML__17__e,ai_generated,1,RunwayML,17,e.mp4,RunwayML/17/e.mp4,https://huggingface.co/datasets/faridlab/deepaction_v1/resolve/main/RunwayML/17/e.mp4
RunwayML__18__a,ai_generated,1,RunwayML,18,a.mp4,RunwayML/18/a.mp4,https://huggingface.co/datasets/faridlab/deepaction_v1/resolve/main/RunwayML/18/a.mp4
RunwayML__18__b,ai_generated,1,RunwayML,18,b.mp4,RunwayML/18/b.mp4,https://huggingface.co/datasets/faridlab/deepaction_v1/resolve/main/RunwayML/18/b.mp4
RunwayML__18__c,ai_generated,1,RunwayML,18,c.mp4,RunwayML/18/c.mp4,https://huggingface.co/datasets/faridlab/deepaction_v1/resolve/main/RunwayML/18/c.mp4
RunwayML__18__d,ai_generated,1,RunwayML,18,d.mp4,RunwayML/18/d.mp4,https://huggingface.co/datasets/faridlab/deepaction_v1/resolve/main/RunwayML/18/d.mp4
RunwayML__18__e,ai_generated,1,RunwayML,18,e.mp4,RunwayML/18/e.mp4,https://huggingface.co/datasets/faridlab/deepaction_v1/resolve/main/RunwayML/18/e.mp4
RunwayML__19__a,ai_generated,1,RunwayML,19,a.mp4,RunwayML/19/a.mp4,https://huggingface.co/datasets/faridlab/deepaction_v1/resolve/main/RunwayML/19/a.mp4
RunwayML__19__b,ai_generated,1,RunwayML,19,b.mp4,RunwayML/19/b.mp4,https://huggingface.co/datasets/faridlab/deepaction_v1/resolve/main/RunwayML/19/b.mp4
RunwayML__19__c,ai_generated,1,RunwayML,19,c.mp4,RunwayML/19/c.mp4,https://huggingface.co/datasets/faridlab/deepaction_v1/resolve/main/RunwayML/19/c.mp4
RunwayML__19__d,ai_generated,1,RunwayML,19,d.mp4,RunwayML/19/d.mp4,https://huggingface.co/datasets/faridlab/deepaction_v1/resolve/main/RunwayML/19/d.mp4
RunwayML__19__e,ai_generated,1,RunwayML,19,e.mp4,RunwayML/19/e.mp4,https://huggingface.co/datasets/faridlab/deepaction_v1/resolve/main/RunwayML/19/e.mp4
RunwayML__2__a,ai_generated,1,RunwayML,2,a.mp4,RunwayML/2/a.mp4,https://huggingface.co/datasets/faridlab/deepaction_v1/resolve/main/RunwayML/2/a.mp4
RunwayML__2__b,ai_generated,1,RunwayML,2,b.mp4,RunwayML/2/b.mp4,https://huggingface.co/datasets/faridlab/deepaction_v1/resolve/main/RunwayML/2/b.mp4
RunwayML__2__c,ai_generated,1,RunwayML,2,c.mp4,RunwayML/2/c.mp4,https://huggingface.co/datasets/faridlab/deepaction_v1/resolve/main/RunwayML/2/c.mp4
RunwayML__2__d,ai_generated,1,RunwayML,2,d.mp4,RunwayML/2/d.mp4,https://huggingface.co/datasets/faridlab/deepaction_v1/resolve/main/RunwayML/2/d.mp4
RunwayML__2__e,ai_generated,1,RunwayML,2,e.mp4,RunwayML/2/e.mp4,https://huggingface.co/datasets/faridlab/deepaction_v1/resolve/main/RunwayML/2/e.mp4
RunwayML__20__a,ai_generated,1,RunwayML,20,a.mp4,RunwayML/20/a.mp4,https://huggingface.co/datasets/faridlab/deepaction_v1/resolve/main/RunwayML/20/a.mp4
RunwayML__20__b,ai_generated,1,RunwayML,20,b.mp4,RunwayML/20/b.mp4,https://huggingface.co/datasets/faridlab/deepaction_v1/resolve/main/RunwayML/20/b.mp4
RunwayML__20__c,ai_generated,1,RunwayML,20,c.mp4,RunwayML/20/c.mp4,https://huggingface.co/datasets/faridlab/deepaction_v1/resolve/main/RunwayML/20/c.mp4
RunwayML__20__d,ai_generated,1,RunwayML,20,d.mp4,RunwayML/20/d.mp4,https://huggingface.co/datasets/faridlab/deepaction_v1/resolve/main/RunwayML/20/d.mp4
RunwayML__20__e,ai_generated,1,RunwayML,20,e.mp4,RunwayML/20/e.mp4,https://huggingface.co/datasets/faridlab/deepaction_v1/resolve/main/RunwayML/20/e.mp4
RunwayML__21__a,ai_generated,1,RunwayML,21,a.mp4,RunwayML/21/a.mp4,https://huggingface.co/datasets/faridlab/deepaction_v1/resolve/main/RunwayML/21/a.mp4
RunwayML__21__b,ai_generated,1,RunwayML,21,b.mp4,RunwayML/21/b.mp4,https://huggingface.co/datasets/faridlab/deepaction_v1/resolve/main/RunwayML/21/b.mp4
RunwayML__21__c,ai_generated,1,RunwayML,21,c.mp4,RunwayML/21/c.mp4,https://huggingface.co/datasets/faridlab/deepaction_v1/resolve/main/RunwayML/21/c.mp4
RunwayML__21__d,ai_generated,1,RunwayML,21,d.mp4,RunwayML/21/d.mp4,https://huggingface.co/datasets/faridlab/deepaction_v1/resolve/main/RunwayML/21/d.mp4
RunwayML__21__e,ai_generated,1,RunwayML,21,e.mp4,RunwayML/21/e.mp4,https://huggingface.co/datasets/faridlab/deepaction_v1/resolve/main/RunwayML/21/e.mp4
RunwayML__22__a,ai_generated,1,RunwayML,22,a.mp4,RunwayML/22/a.mp4,https://huggingface.co/datasets/faridlab/deepaction_v1/resolve/main/RunwayML/22/a.mp4
RunwayML__22__b,ai_generated,1,RunwayML,22,b.mp4,RunwayML/22/b.mp4,https://huggingface.co/datasets/faridlab/deepaction_v1/resolve/main/RunwayML/22/b.mp4
RunwayML__22__c,ai_generated,1,RunwayML,22,c.mp4,RunwayML/22/c.mp4,https://huggingface.co/datasets/faridlab/deepaction_v1/resolve/main/RunwayML/22/c.mp4
RunwayML__22__d,ai_generated,1,RunwayML,22,d.mp4,RunwayML/22/d.mp4,https://huggingface.co/datasets/faridlab/deepaction_v1/resolve/main/RunwayML/22/d.mp4
RunwayML__22__e,ai_generated,1,RunwayML,22,e.mp4,RunwayML/22/e.mp4,https://huggingface.co/datasets/faridlab/deepaction_v1/resolve/main/RunwayML/22/e.mp4
RunwayML__23__a,ai_generated,1,RunwayML,23,a.mp4,RunwayML/23/a.mp4,https://huggingface.co/datasets/faridlab/deepaction_v1/resolve/main/RunwayML/23/a.mp4
RunwayML__23__b,ai_generated,1,RunwayML,23,b.mp4,RunwayML/23/b.mp4,https://huggingface.co/datasets/faridlab/deepaction_v1/resolve/main/RunwayML/23/b.mp4
RunwayML__23__c,ai_generated,1,RunwayML,23,c.mp4,RunwayML/23/c.mp4,https://huggingface.co/datasets/faridlab/deepaction_v1/resolve/main/RunwayML/23/c.mp4
RunwayML__23__d,ai_generated,1,RunwayML,23,d.mp4,RunwayML/23/d.mp4,https://huggingface.co/datasets/faridlab/deepaction_v1/resolve/main/RunwayML/23/d.mp4
RunwayML__23__e,ai_generated,1,RunwayML,23,e.mp4,RunwayML/23/e.mp4,https://huggingface.co/datasets/faridlab/deepaction_v1/resolve/main/RunwayML/23/e.mp4
RunwayML__24__a,ai_generated,1,RunwayML,24,a.mp4,RunwayML/24/a.mp4,https://huggingface.co/datasets/faridlab/deepaction_v1/resolve/main/RunwayML/24/a.mp4
RunwayML__24__b,ai_generated,1,RunwayML,24,b.mp4,RunwayML/24/b.mp4,https://huggingface.co/datasets/faridlab/deepaction_v1/resolve/main/RunwayML/24/b.mp4
RunwayML__24__c,ai_generated,1,RunwayML,24,c.mp4,RunwayML/24/c.mp4,https://huggingface.co/datasets/faridlab/deepaction_v1/resolve/main/RunwayML/24/c.mp4
RunwayML__24__d,ai_generated,1,RunwayML,24,d.mp4,RunwayML/24/d.mp4,https://huggingface.co/datasets/faridlab/deepaction_v1/resolve/main/RunwayML/24/d.mp4
RunwayML__24__e,ai_generated,1,RunwayML,24,e.mp4,RunwayML/24/e.mp4,https://huggingface.co/datasets/faridlab/deepaction_v1/resolve/main/RunwayML/24/e.mp4
RunwayML__25__a,ai_generated,1,RunwayML,25,a.mp4,RunwayML/25/a.mp4,https://huggingface.co/datasets/faridlab/deepaction_v1/resolve/main/RunwayML/25/a.mp4
RunwayML__25__b,ai_generated,1,RunwayML,25,b.mp4,RunwayML/25/b.mp4,https://huggingface.co/datasets/faridlab/deepaction_v1/resolve/main/RunwayML/25/b.mp4
RunwayML__25__c,ai_generated,1,RunwayML,25,c.mp4,RunwayML/25/c.mp4,https://huggingface.co/datasets/faridlab/deepaction_v1/resolve/main/RunwayML/25/c.mp4
RunwayML__25__d,ai_generated,1,RunwayML,25,d.mp4,RunwayML/25/d.mp4,https://huggingface.co/datasets/faridlab/deepaction_v1/resolve/main/RunwayML/25/d.mp4
RunwayML__25__e,ai_generated,1,RunwayML,25,e.mp4,RunwayML/25/e.mp4,https://huggingface.co/datasets/faridlab/deepaction_v1/resolve/main/RunwayML/25/e.mp4
RunwayML__26__a,ai_generated,1,RunwayML,26,a.mp4,RunwayML/26/a.mp4,https://huggingface.co/datasets/faridlab/deepaction_v1/resolve/main/RunwayML/26/a.mp4
RunwayML__26__b,ai_generated,1,RunwayML,26,b.mp4,RunwayML/26/b.mp4,https://huggingface.co/datasets/faridlab/deepaction_v1/resolve/main/RunwayML/26/b.mp4
RunwayML__26__c,ai_generated,1,RunwayML,26,c.mp4,RunwayML/26/c.mp4,https://huggingface.co/datasets/faridlab/deepaction_v1/resolve/main/RunwayML/26/c.mp4
RunwayML__26__d,ai_generated,1,RunwayML,26,d.mp4,RunwayML/26/d.mp4,https://huggingface.co/datasets/faridlab/deepaction_v1/resolve/main/RunwayML/26/d.mp4
RunwayML__26__e,ai_generated,1,RunwayML,26,e.mp4,RunwayML/26/e.mp4,https://huggingface.co/datasets/faridlab/deepaction_v1/resolve/main/RunwayML/26/e.mp4
RunwayML__27__a,ai_generated,1,RunwayML,27,a.mp4,RunwayML/27/a.mp4,https://huggingface.co/datasets/faridlab/deepaction_v1/resolve/main/RunwayML/27/a.mp4
RunwayML__27__b,ai_generated,1,RunwayML,27,b.mp4,RunwayML/27/b.mp4,https://huggingface.co/datasets/faridlab/deepaction_v1/resolve/main/RunwayML/27/b.mp4
RunwayML__27__c,ai_generated,1,RunwayML,27,c.mp4,RunwayML/27/c.mp4,https://huggingface.co/datasets/faridlab/deepaction_v1/resolve/main/RunwayML/27/c.mp4
RunwayML__27__d,ai_generated,1,RunwayML,27,d.mp4,RunwayML/27/d.mp4,https://huggingface.co/datasets/faridlab/deepaction_v1/resolve/main/RunwayML/27/d.mp4
RunwayML__27__e,ai_generated,1,RunwayML,27,e.mp4,RunwayML/27/e.mp4,https://huggingface.co/datasets/faridlab/deepaction_v1/resolve/main/RunwayML/27/e.mp4
RunwayML__28__a,ai_generated,1,RunwayML,28,a.mp4,RunwayML/28/a.mp4,https://huggingface.co/datasets/faridlab/deepaction_v1/resolve/main/RunwayML/28/a.mp4
RunwayML__28__b,ai_generated,1,RunwayML,28,b.mp4,RunwayML/28/b.mp4,https://huggingface.co/datasets/faridlab/deepaction_v1/resolve/main/RunwayML/28/b.mp4
RunwayML__28__c,ai_generated,1,RunwayML,28,c.mp4,RunwayML/28/c.mp4,https://huggingface.co/datasets/faridlab/deepaction_v1/resolve/main/RunwayML/28/c.mp4
RunwayML__28__d,ai_generated,1,RunwayML,28,d.mp4,RunwayML/28/d.mp4,https://huggingface.co/datasets/faridlab/deepaction_v1/resolve/main/RunwayML/28/d.mp4
RunwayML__28__e,ai_generated,1,RunwayML,28,e.mp4,RunwayML/28/e.mp4,https://huggingface.co/datasets/faridlab/deepaction_v1/resolve/main/RunwayML/28/e.mp4
RunwayML__29__a,ai_generated,1,RunwayML,29,a.mp4,RunwayML/29/a.mp4,https://huggingface.co/datasets/faridlab/deepaction_v1/resolve/main/RunwayML/29/a.mp4
RunwayML__29__b,ai_generated,1,RunwayML,29,b.mp4,RunwayML/29/b.mp4,https://huggingface.co/datasets/faridlab/deepaction_v1/resolve/main/RunwayML/29/b.mp4
RunwayML__29__c,ai_generated,1,RunwayML,29,c.mp4,RunwayML/29/c.mp4,https://huggingface.co/datasets/faridlab/deepaction_v1/resolve/main/RunwayML/29/c.mp4
RunwayML__29__d,ai_generated,1,RunwayML,29,d.mp4,RunwayML/29/d.mp4,https://huggingface.co/datasets/faridlab/deepaction_v1/resolve/main/RunwayML/29/d.mp4
RunwayML__29__e,ai_generated,1,RunwayML,29,e.mp4,RunwayML/29/e.mp4,https://huggingface.co/datasets/faridlab/deepaction_v1/resolve/main/RunwayML/29/e.mp4
RunwayML__3__a,ai_generated,1,RunwayML,3,a.mp4,RunwayML/3/a.mp4,https://huggingface.co/datasets/faridlab/deepaction_v1/resolve/main/RunwayML/3/a.mp4
RunwayML__3__b,ai_generated,1,RunwayML,3,b.mp4,RunwayML/3/b.mp4,https://huggingface.co/datasets/faridlab/deepaction_v1/resolve/main/RunwayML/3/b.mp4
RunwayML__3__c,ai_generated,1,RunwayML,3,c.mp4,RunwayML/3/c.mp4,https://huggingface.co/datasets/faridlab/deepaction_v1/resolve/main/RunwayML/3/c.mp4
RunwayML__3__d,ai_generated,1,RunwayML,3,d.mp4,RunwayML/3/d.mp4,https://huggingface.co/datasets/faridlab/deepaction_v1/resolve/main/RunwayML/3/d.mp4
RunwayML__3__e,ai_generated,1,RunwayML,3,e.mp4,RunwayML/3/e.mp4,https://huggingface.co/datasets/faridlab/deepaction_v1/resolve/main/RunwayML/3/e.mp4
RunwayML__30__a,ai_generated,1,RunwayML,30,a.mp4,RunwayML/30/a.mp4,https://huggingface.co/datasets/faridlab/deepaction_v1/resolve/main/RunwayML/30/a.mp4
RunwayML__30__b,ai_generated,1,RunwayML,30,b.mp4,RunwayML/30/b.mp4,https://huggingface.co/datasets/faridlab/deepaction_v1/resolve/main/RunwayML/30/b.mp4
RunwayML__30__c,ai_generated,1,RunwayML,30,c.mp4,RunwayML/30/c.mp4,https://huggingface.co/datasets/faridlab/deepaction_v1/resolve/main/RunwayML/30/c.mp4
RunwayML__30__d,ai_generated,1,RunwayML,30,d.mp4,RunwayML/30/d.mp4,https://huggingface.co/datasets/faridlab/deepaction_v1/resolve/main/RunwayML/30/d.mp4
RunwayML__30__e,ai_generated,1,RunwayML,30,e.mp4,RunwayML/30/e.mp4,https://huggingface.co/datasets/faridlab/deepaction_v1/resolve/main/RunwayML/30/e.mp4
RunwayML__31__a,ai_generated,1,RunwayML,31,a.mp4,RunwayML/31/a.mp4,https://huggingface.co/datasets/faridlab/deepaction_v1/resolve/main/RunwayML/31/a.mp4
RunwayML__31__b,ai_generated,1,RunwayML,31,b.mp4,RunwayML/31/b.mp4,https://huggingface.co/datasets/faridlab/deepaction_v1/resolve/main/RunwayML/31/b.mp4
RunwayML__31__c,ai_generated,1,RunwayML,31,c.mp4,RunwayML/31/c.mp4,https://huggingface.co/datasets/faridlab/deepaction_v1/resolve/main/RunwayML/31/c.mp4
RunwayML__31__d,ai_generated,1,RunwayML,31,d.mp4,RunwayML/31/d.mp4,https://huggingface.co/datasets/faridlab/deepaction_v1/resolve/main/RunwayML/31/d.mp4
RunwayML__31__e,ai_generated,1,RunwayML,31,e.mp4,RunwayML/31/e.mp4,https://huggingface.co/datasets/faridlab/deepaction_v1/resolve/main/RunwayML/31/e.mp4
RunwayML__32__a,ai_generated,1,RunwayML,32,a.mp4,RunwayML/32/a.mp4,https://huggingface.co/datasets/faridlab/deepaction_v1/resolve/main/RunwayML/32/a.mp4
RunwayML__32__b,ai_generated,1,RunwayML,32,b.mp4,RunwayML/32/b.mp4,https://huggingface.co/datasets/faridlab/deepaction_v1/resolve/main/RunwayML/32/b.mp4
RunwayML__32__c,ai_generated,1,RunwayML,32,c.mp4,RunwayML/32/c.mp4,https://huggingface.co/datasets/faridlab/deepaction_v1/resolve/main/RunwayML/32/c.mp4
RunwayML__32__d,ai_generated,1,RunwayML,32,d.mp4,RunwayML/32/d.mp4,https://huggingface.co/datasets/faridlab/deepaction_v1/resolve/main/RunwayML/32/d.mp4
RunwayML__32__e,ai_generated,1,RunwayML,32,e.mp4,RunwayML/32/e.mp4,https://huggingface.co/datasets/faridlab/deepaction_v1/resolve/main/RunwayML/32/e.mp4
RunwayML__33__a,ai_generated,1,RunwayML,33,a.mp4,RunwayML/33/a.mp4,https://huggingface.co/datasets/faridlab/deepaction_v1/resolve/main/RunwayML/33/a.mp4
RunwayML__33__b,ai_generated,1,RunwayML,33,b.mp4,RunwayML/33/b.mp4,https://huggingface.co/datasets/faridlab/deepaction_v1/resolve/main/RunwayML/33/b.mp4
RunwayML__33__c,ai_generated,1,RunwayML,33,c.mp4,RunwayML/33/c.mp4,https://huggingface.co/datasets/faridlab/deepaction_v1/resolve/main/RunwayML/33/c.mp4
RunwayML__33__d,ai_generated,1,RunwayML,33,d.mp4,RunwayML/33/d.mp4,https://huggingface.co/datasets/faridlab/deepaction_v1/resolve/main/RunwayML/33/d.mp4
RunwayML__33__e,ai_generated,1,RunwayML,33,e.mp4,RunwayML/33/e.mp4,https://huggingface.co/datasets/faridlab/deepaction_v1/resolve/main/RunwayML/33/e.mp4
RunwayML__34__a,ai_generated,1,RunwayML,34,a.mp4,RunwayML/34/a.mp4,https://huggingface.co/datasets/faridlab/deepaction_v1/resolve/main/RunwayML/34/a.mp4
RunwayML__34__b,ai_generated,1,RunwayML,34,b.mp4,RunwayML/34/b.mp4,https://huggingface.co/datasets/faridlab/deepaction_v1/resolve/main/RunwayML/34/b.mp4
RunwayML__34__c,ai_generated,1,RunwayML,34,c.mp4,RunwayML/34/c.mp4,https://huggingface.co/datasets/faridlab/deepaction_v1/resolve/main/RunwayML/34/c.mp4
RunwayML__34__d,ai_generated,1,RunwayML,34,d.mp4,RunwayML/34/d.mp4,https://huggingface.co/datasets/faridlab/deepaction_v1/resolve/main/RunwayML/34/d.mp4
RunwayML__34__e,ai_generated,1,RunwayML,34,e.mp4,RunwayML/34/e.mp4,https://huggingface.co/datasets/faridlab/deepaction_v1/resolve/main/RunwayML/34/e.mp4
RunwayML__35__a,ai_generated,1,RunwayML,35,a.mp4,RunwayML/35/a.mp4,https://huggingface.co/datasets/faridlab/deepaction_v1/resolve/main/RunwayML/35/a.mp4
RunwayML__35__b,ai_generated,1,RunwayML,35,b.mp4,RunwayML/35/b.mp4,https://huggingface.co/datasets/faridlab/deepaction_v1/resolve/main/RunwayML/35/b.mp4
RunwayML__35__c,ai_generated,1,RunwayML,35,c.mp4,RunwayML/35/c.mp4,https://huggingface.co/datasets/faridlab/deepaction_v1/resolve/main/RunwayML/35/c.mp4
RunwayML__35__d,ai_generated,1,RunwayML,35,d.mp4,RunwayML/35/d.mp4,https://huggingface.co/datasets/faridlab/deepaction_v1/resolve/main/RunwayML/35/d.mp4
RunwayML__35__e,ai_generated,1,RunwayML,35,e.mp4,RunwayML/35/e.mp4,https://huggingface.co/datasets/faridlab/deepaction_v1/resolve/main/RunwayML/35/e.mp4
RunwayML__36__a,ai_generated,1,RunwayML,36,a.mp4,RunwayML/36/a.mp4,https://huggingface.co/datasets/faridlab/deepaction_v1/resolve/main/RunwayML/36/a.mp4
RunwayML__36__b,ai_generated,1,RunwayML,36,b.mp4,RunwayML/36/b.mp4,https://huggingface.co/datasets/faridlab/deepaction_v1/resolve/main/RunwayML/36/b.mp4
RunwayML__36__c,ai_generated,1,RunwayML,36,c.mp4,RunwayML/36/c.mp4,https://huggingface.co/datasets/faridlab/deepaction_v1/resolve/main/RunwayML/36/c.mp4
RunwayML__36__d,ai_generated,1,RunwayML,36,d.mp4,RunwayML/36/d.mp4,https://huggingface.co/datasets/faridlab/deepaction_v1/resolve/main/RunwayML/36/d.mp4
RunwayML__36__e,ai_generated,1,RunwayML,36,e.mp4,RunwayML/36/e.mp4,https://huggingface.co/datasets/faridlab/deepaction_v1/resolve/main/RunwayML/36/e.mp4
RunwayML__37__a,ai_generated,1,RunwayML,37,a.mp4,RunwayML/37/a.mp4,https://huggingface.co/datasets/faridlab/deepaction_v1/resolve/main/RunwayML/37/a.mp4
RunwayML__37__b,ai_generated,1,RunwayML,37,b.mp4,RunwayML/37/b.mp4,https://huggingface.co/datasets/faridlab/deepaction_v1/resolve/main/RunwayML/37/b.mp4
RunwayML__37__c,ai_generated,1,RunwayML,37,c.mp4,RunwayML/37/c.mp4,https://huggingface.co/datasets/faridlab/deepaction_v1/resolve/main/RunwayML/37/c.mp4
RunwayML__37__d,ai_generated,1,RunwayML,37,d.mp4,RunwayML/37/d.mp4,https://huggingface.co/datasets/faridlab/deepaction_v1/resolve/main/RunwayML/37/d.mp4
RunwayML__37__e,ai_generated,1,RunwayML,37,e.mp4,RunwayML/37/e.mp4,https://huggingface.co/datasets/faridlab/deepaction_v1/resolve/main/RunwayML/37/e.mp4
RunwayML__38__a,ai_generated,1,RunwayML,38,a.mp4,RunwayML/38/a.mp4,https://huggingface.co/datasets/faridlab/deepaction_v1/resolve/main/RunwayML/38/a.mp4
RunwayML__38__b,ai_generated,1,RunwayML,38,b.mp4,RunwayML/38/b.mp4,https://huggingface.co/datasets/faridlab/deepaction_v1/resolve/main/RunwayML/38/b.mp4
RunwayML__38__c,ai_generated,1,RunwayML,38,c.mp4,RunwayML/38/c.mp4,https://huggingface.co/datasets/faridlab/deepaction_v1/resolve/main/RunwayML/38/c.mp4
RunwayML__38__d,ai_generated,1,RunwayML,38,d.mp4,RunwayML/38/d.mp4,https://huggingface.co/datasets/faridlab/deepaction_v1/resolve/main/RunwayML/38/d.mp4
RunwayML__38__e,ai_generated,1,RunwayML,38,e.mp4,RunwayML/38/e.mp4,https://huggingface.co/datasets/faridlab/deepaction_v1/resolve/main/RunwayML/38/e.mp4
RunwayML__39__a,ai_generated,1,RunwayML,39,a.mp4,RunwayML/39/a.mp4,https://huggingface.co/datasets/faridlab/deepaction_v1/resolve/main/RunwayML/39/a.mp4
RunwayML__39__b,ai_generated,1,RunwayML,39,b.mp4,RunwayML/39/b.mp4,https://huggingface.co/datasets/faridlab/deepaction_v1/resolve/main/RunwayML/39/b.mp4
RunwayML__39__c,ai_generated,1,RunwayML,39,c.mp4,RunwayML/39/c.mp4,https://huggingface.co/datasets/faridlab/deepaction_v1/resolve/main/RunwayML/39/c.mp4
RunwayML__39__d,ai_generated,1,RunwayML,39,d.mp4,RunwayML/39/d.mp4,https://huggingface.co/datasets/faridlab/deepaction_v1/resolve/main/RunwayML/39/d.mp4
RunwayML__39__e,ai_generated,1,RunwayML,39,e.mp4,RunwayML/39/e.mp4,https://huggingface.co/datasets/faridlab/deepaction_v1/resolve/main/RunwayML/39/e.mp4
RunwayML__4__a,ai_generated,1,RunwayML,4,a.mp4,RunwayML/4/a.mp4,https://huggingface.co/datasets/faridlab/deepaction_v1/resolve/main/RunwayML/4/a.mp4
RunwayML__4__b,ai_generated,1,RunwayML,4,b.mp4,RunwayML/4/b.mp4,https://huggingface.co/datasets/faridlab/deepaction_v1/resolve/main/RunwayML/4/b.mp4
RunwayML__4__c,ai_generated,1,RunwayML,4,c.mp4,RunwayML/4/c.mp4,https://huggingface.co/datasets/faridlab/deepaction_v1/resolve/main/RunwayML/4/c.mp4
RunwayML__4__d,ai_generated,1,RunwayML,4,d.mp4,RunwayML/4/d.mp4,https://huggingface.co/datasets/faridlab/deepaction_v1/resolve/main/RunwayML/4/d.mp4
RunwayML__4__e,ai_generated,1,RunwayML,4,e.mp4,RunwayML/4/e.mp4,https://huggingface.co/datasets/faridlab/deepaction_v1/resolve/main/RunwayML/4/e.mp4
RunwayML__40__a,ai_generated,1,RunwayML,40,a.mp4,RunwayML/40/a.mp4,https://huggingface.co/datasets/faridlab/deepaction_v1/resolve/main/RunwayML/40/a.mp4
RunwayML__40__b,ai_generated,1,RunwayML,40,b.mp4,RunwayML/40/b.mp4,https://huggingface.co/datasets/faridlab/deepaction_v1/resolve/main/RunwayML/40/b.mp4
RunwayML__40__c,ai_generated,1,RunwayML,40,c.mp4,RunwayML/40/c.mp4,https://huggingface.co/datasets/faridlab/deepaction_v1/resolve/main/RunwayML/40/c.mp4
RunwayML__40__d,ai_generated,1,RunwayML,40,d.mp4,RunwayML/40/d.mp4,https://huggingface.co/datasets/faridlab/deepaction_v1/resolve/main/RunwayML/40/d.mp4
RunwayML__40__e,ai_generated,1,RunwayML,40,e.mp4,RunwayML/40/e.mp4,https://huggingface.co/datasets/faridlab/deepaction_v1/resolve/main/RunwayML/40/e.mp4
RunwayML__41__a,ai_generated,1,RunwayML,41,a.mp4,RunwayML/41/a.mp4,https://huggingface.co/datasets/faridlab/deepaction_v1/resolve/main/RunwayML/41/a.mp4
RunwayML__41__b,ai_generated,1,RunwayML,41,b.mp4,RunwayML/41/b.mp4,https://huggingface.co/datasets/faridlab/deepaction_v1/resolve/main/RunwayML/41/b.mp4
RunwayML__41__c,ai_generated,1,RunwayML,41,c.mp4,RunwayML/41/c.mp4,https://huggingface.co/datasets/faridlab/deepaction_v1/resolve/main/RunwayML/41/c.mp4
RunwayML__41__d,ai_generated,1,RunwayML,41,d.mp4,RunwayML/41/d.mp4,https://huggingface.co/datasets/faridlab/deepaction_v1/resolve/main/RunwayML/41/d.mp4
RunwayML__41__e,ai_generated,1,RunwayML,41,e.mp4,RunwayML/41/e.mp4,https://huggingface.co/datasets/faridlab/deepaction_v1/resolve/main/RunwayML/41/e.mp4
RunwayML__42__a,ai_generated,1,RunwayML,42,a.mp4,RunwayML/42/a.mp4,https://huggingface.co/datasets/faridlab/deepaction_v1/resolve/main/RunwayML/42/a.mp4
RunwayML__42__b,ai_generated,1,RunwayML,42,b.mp4,RunwayML/42/b.mp4,https://huggingface.co/datasets/faridlab/deepaction_v1/resolve/main/RunwayML/42/b.mp4
RunwayML__42__c,ai_generated,1,RunwayML,42,c.mp4,RunwayML/42/c.mp4,https://huggingface.co/datasets/faridlab/deepaction_v1/resolve/main/RunwayML/42/c.mp4
RunwayML__42__d,ai_generated,1,RunwayML,42,d.mp4,RunwayML/42/d.mp4,https://huggingface.co/datasets/faridlab/deepaction_v1/resolve/main/RunwayML/42/d.mp4
RunwayML__42__e,ai_generated,1,RunwayML,42,e.mp4,RunwayML/42/e.mp4,https://huggingface.co/datasets/faridlab/deepaction_v1/resolve/main/RunwayML/42/e.mp4
RunwayML__43__a,ai_generated,1,RunwayML,43,a.mp4,RunwayML/43/a.mp4,https://huggingface.co/datasets/faridlab/deepaction_v1/resolve/main/RunwayML/43/a.mp4
RunwayML__43__b,ai_generated,1,RunwayML,43,b.mp4,RunwayML/43/b.mp4,https://huggingface.co/datasets/faridlab/deepaction_v1/resolve/main/RunwayML/43/b.mp4
RunwayML__43__c,ai_generated,1,RunwayML,43,c.mp4,RunwayML/43/c.mp4,https://huggingface.co/datasets/faridlab/deepaction_v1/resolve/main/RunwayML/43/c.mp4
RunwayML__43__d,ai_generated,1,RunwayML,43,d.mp4,RunwayML/43/d.mp4,https://huggingface.co/datasets/faridlab/deepaction_v1/resolve/main/RunwayML/43/d.mp4
RunwayML__43__e,ai_generated,1,RunwayML,43,e.mp4,RunwayML/43/e.mp4,https://huggingface.co/datasets/faridlab/deepaction_v1/resolve/main/RunwayML/43/e.mp4
RunwayML__44__a,ai_generated,1,RunwayML,44,a.mp4,RunwayML/44/a.mp4,https://huggingface.co/datasets/faridlab/deepaction_v1/resolve/main/RunwayML/44/a.mp4
RunwayML__44__b,ai_generated,1,RunwayML,44,b.mp4,RunwayML/44/b.mp4,https://huggingface.co/datasets/faridlab/deepaction_v1/resolve/main/RunwayML/44/b.mp4
RunwayML__44__c,ai_generated,1,RunwayML,44,c.mp4,RunwayML/44/c.mp4,https://huggingface.co/datasets/faridlab/deepaction_v1/resolve/main/RunwayML/44/c.mp4
RunwayML__44__d,ai_generated,1,RunwayML,44,d.mp4,RunwayML/44/d.mp4,https://huggingface.co/datasets/faridlab/deepaction_v1/resolve/main/RunwayML/44/d.mp4
RunwayML__44__e,ai_generated,1,RunwayML,44,e.mp4,RunwayML/44/e.mp4,https://huggingface.co/datasets/faridlab/deepaction_v1/resolve/main/RunwayML/44/e.mp4
RunwayML__45__a,ai_generated,1,RunwayML,45,a.mp4,RunwayML/45/a.mp4,https://huggingface.co/datasets/faridlab/deepaction_v1/resolve/main/RunwayML/45/a.mp4
RunwayML__45__b,ai_generated,1,RunwayML,45,b.mp4,RunwayML/45/b.mp4,https://huggingface.co/datasets/faridlab/deepaction_v1/resolve/main/RunwayML/45/b.mp4
RunwayML__45__c,ai_generated,1,RunwayML,45,c.mp4,RunwayML/45/c.mp4,https://huggingface.co/datasets/faridlab/deepaction_v1/resolve/main/RunwayML/45/c.mp4
RunwayML__45__d,ai_generated,1,RunwayML,45,d.mp4,RunwayML/45/d.mp4,https://huggingface.co/datasets/faridlab/deepaction_v1/resolve/main/RunwayML/45/d.mp4
RunwayML__45__e,ai_generated,1,RunwayML,45,e.mp4,RunwayML/45/e.mp4,https://huggingface.co/datasets/faridlab/deepaction_v1/resolve/main/RunwayML/45/e.mp4
RunwayML__46__a,ai_generated,1,RunwayML,46,a.mp4,RunwayML/46/a.mp4,https://huggingface.co/datasets/faridlab/deepaction_v1/resolve/main/RunwayML/46/a.mp4
RunwayML__46__b,ai_generated,1,RunwayML,46,b.mp4,RunwayML/46/b.mp4,https://huggingface.co/datasets/faridlab/deepaction_v1/resolve/main/RunwayML/46/b.mp4
RunwayML__46__c,ai_generated,1,RunwayML,46,c.mp4,RunwayML/46/c.mp4,https://huggingface.co/datasets/faridlab/deepaction_v1/resolve/main/RunwayML/46/c.mp4
RunwayML__46__d,ai_generated,1,RunwayML,46,d.mp4,RunwayML/46/d.mp4,https://huggingface.co/datasets/faridlab/deepaction_v1/resolve/main/RunwayML/46/d.mp4
RunwayML__46__e,ai_generated,1,RunwayML,46,e.mp4,RunwayML/46/e.mp4,https://huggingface.co/datasets/faridlab/deepaction_v1/resolve/main/RunwayML/46/e.mp4
RunwayML__47__a,ai_generated,1,RunwayML,47,a.mp4,RunwayML/47/a.mp4,https://huggingface.co/datasets/faridlab/deepaction_v1/resolve/main/RunwayML/47/a.mp4
RunwayML__47__b,ai_generated,1,RunwayML,47,b.mp4,RunwayML/47/b.mp4,https://huggingface.co/datasets/faridlab/deepaction_v1/resolve/main/RunwayML/47/b.mp4
RunwayML__47__c,ai_generated,1,RunwayML,47,c.mp4,RunwayML/47/c.mp4,https://huggingface.co/datasets/faridlab/deepaction_v1/resolve/main/RunwayML/47/c.mp4
RunwayML__47__d,ai_generated,1,RunwayML,47,d.mp4,RunwayML/47/d.mp4,https://huggingface.co/datasets/faridlab/deepaction_v1/resolve/main/RunwayML/47/d.mp4
RunwayML__47__e,ai_generated,1,RunwayML,47,e.mp4,RunwayML/47/e.mp4,https://huggingface.co/datasets/faridlab/deepaction_v1/resolve/main/RunwayML/47/e.mp4
RunwayML__48__a,ai_generated,1,RunwayML,48,a.mp4,RunwayML/48/a.mp4,https://huggingface.co/datasets/faridlab/deepaction_v1/resolve/main/RunwayML/48/a.mp4
RunwayML__48__b,ai_generated,1,RunwayML,48,b.mp4,RunwayML/48/b.mp4,https://huggingface.co/datasets/faridlab/deepaction_v1/resolve/main/RunwayML/48/b.mp4
RunwayML__48__c,ai_generated,1,RunwayML,48,c.mp4,RunwayML/48/c.mp4,https://huggingface.co/datasets/faridlab/deepaction_v1/resolve/main/RunwayML/48/c.mp4
RunwayML__48__d,ai_generated,1,RunwayML,48,d.mp4,RunwayML/48/d.mp4,https://huggingface.co/datasets/faridlab/deepaction_v1/resolve/main/RunwayML/48/d.mp4
RunwayML__48__e,ai_generated,1,RunwayML,48,e.mp4,RunwayML/48/e.mp4,https://huggingface.co/datasets/faridlab/deepaction_v1/resolve/main/RunwayML/48/e.mp4
RunwayML__49__a,ai_generated,1,RunwayML,49,a.mp4,RunwayML/49/a.mp4,https://huggingface.co/datasets/faridlab/deepaction_v1/resolve/main/RunwayML/49/a.mp4
RunwayML__49__b,ai_generated,1,RunwayML,49,b.mp4,RunwayML/49/b.mp4,https://huggingface.co/datasets/faridlab/deepaction_v1/resolve/main/RunwayML/49/b.mp4
RunwayML__49__c,ai_generated,1,RunwayML,49,c.mp4,RunwayML/49/c.mp4,https://huggingface.co/datasets/faridlab/deepaction_v1/resolve/main/RunwayML/49/c.mp4
RunwayML__49__d,ai_generated,1,RunwayML,49,d.mp4,RunwayML/49/d.mp4,https://huggingface.co/datasets/faridlab/deepaction_v1/resolve/main/RunwayML/49/d.mp4
RunwayML__49__e,ai_generated,1,RunwayML,49,e.mp4,RunwayML/49/e.mp4,https://huggingface.co/datasets/faridlab/deepaction_v1/resolve/main/RunwayML/49/e.mp4
RunwayML__5__a,ai_generated,1,RunwayML,5,a.mp4,RunwayML/5/a.mp4,https://huggingface.co/datasets/faridlab/deepaction_v1/resolve/main/RunwayML/5/a.mp4
RunwayML__5__b,ai_generated,1,RunwayML,5,b.mp4,RunwayML/5/b.mp4,https://huggingface.co/datasets/faridlab/deepaction_v1/resolve/main/RunwayML/5/b.mp4
RunwayML__5__c,ai_generated,1,RunwayML,5,c.mp4,RunwayML/5/c.mp4,https://huggingface.co/datasets/faridlab/deepaction_v1/resolve/main/RunwayML/5/c.mp4
RunwayML__5__d,ai_generated,1,RunwayML,5,d.mp4,RunwayML/5/d.mp4,https://huggingface.co/datasets/faridlab/deepaction_v1/resolve/main/RunwayML/5/d.mp4
RunwayML__5__e,ai_generated,1,RunwayML,5,e.mp4,RunwayML/5/e.mp4,https://huggingface.co/datasets/faridlab/deepaction_v1/resolve/main/RunwayML/5/e.mp4
RunwayML__50__a,ai_generated,1,RunwayML,50,a.mp4,RunwayML/50/a.mp4,https://huggingface.co/datasets/faridlab/deepaction_v1/resolve/main/RunwayML/50/a.mp4
RunwayML__50__b,ai_generated,1,RunwayML,50,b.mp4,RunwayML/50/b.mp4,https://huggingface.co/datasets/faridlab/deepaction_v1/resolve/main/RunwayML/50/b.mp4
RunwayML__50__c,ai_generated,1,RunwayML,50,c.mp4,RunwayML/50/c.mp4,https://huggingface.co/datasets/faridlab/deepaction_v1/resolve/main/RunwayML/50/c.mp4
RunwayML__50__d,ai_generated,1,RunwayML,50,d.mp4,RunwayML/50/d.mp4,https://huggingface.co/datasets/faridlab/deepaction_v1/resolve/main/RunwayML/50/d.mp4
RunwayML__50__e,ai_generated,1,RunwayML,50,e.mp4,RunwayML/50/e.mp4,https://huggingface.co/datasets/faridlab/deepaction_v1/resolve/main/RunwayML/50/e.mp4
RunwayML__51__a,ai_generated,1,RunwayML,51,a.mp4,RunwayML/51/a.mp4,https://huggingface.co/datasets/faridlab/deepaction_v1/resolve/main/RunwayML/51/a.mp4
RunwayML__51__b,ai_generated,1,RunwayML,51,b.mp4,RunwayML/51/b.mp4,https://huggingface.co/datasets/faridlab/deepaction_v1/resolve/main/RunwayML/51/b.mp4
RunwayML__51__c,ai_generated,1,RunwayML,51,c.mp4,RunwayML/51/c.mp4,https://huggingface.co/datasets/faridlab/deepaction_v1/resolve/main/RunwayML/51/c.mp4
RunwayML__51__d,ai_generated,1,RunwayML,51,d.mp4,RunwayML/51/d.mp4,https://huggingface.co/datasets/faridlab/deepaction_v1/resolve/main/RunwayML/51/d.mp4
RunwayML__51__e,ai_generated,1,RunwayML,51,e.mp4,RunwayML/51/e.mp4,https://huggingface.co/datasets/faridlab/deepaction_v1/resolve/main/RunwayML/51/e.mp4
RunwayML__52__a,ai_generated,1,RunwayML,52,a.mp4,RunwayML/52/a.mp4,https://huggingface.co/datasets/faridlab/deepaction_v1/resolve/main/RunwayML/52/a.mp4
RunwayML__52__b,ai_generated,1,RunwayML,52,b.mp4,RunwayML/52/b.mp4,https://huggingface.co/datasets/faridlab/deepaction_v1/resolve/main/RunwayML/52/b.mp4
RunwayML__52__c,ai_generated,1,RunwayML,52,c.mp4,RunwayML/52/c.mp4,https://huggingface.co/datasets/faridlab/deepaction_v1/resolve/main/RunwayML/52/c.mp4
RunwayML__52__d,ai_generated,1,RunwayML,52,d.mp4,RunwayML/52/d.mp4,https://huggingface.co/datasets/faridlab/deepaction_v1/resolve/main/RunwayML/52/d.mp4
RunwayML__52__e,ai_generated,1,RunwayML,52,e.mp4,RunwayML/52/e.mp4,https://huggingface.co/datasets/faridlab/deepaction_v1/resolve/main/RunwayML/52/e.mp4
RunwayML__53__a,ai_generated,1,RunwayML,53,a.mp4,RunwayML/53/a.mp4,https://huggingface.co/datasets/faridlab/deepaction_v1/resolve/main/RunwayML/53/a.mp4
RunwayML__53__b,ai_generated,1,RunwayML,53,b.mp4,RunwayML/53/b.mp4,https://huggingface.co/datasets/faridlab/deepaction_v1/resolve/main/RunwayML/53/b.mp4
RunwayML__53__c,ai_generated,1,RunwayML,53,c.mp4,RunwayML/53/c.mp4,https://huggingface.co/datasets/faridlab/deepaction_v1/resolve/main/RunwayML/53/c.mp4
RunwayML__53__d,ai_generated,1,RunwayML,53,d.mp4,RunwayML/53/d.mp4,https://huggingface.co/datasets/faridlab/deepaction_v1/resolve/main/RunwayML/53/d.mp4
RunwayML__53__e,ai_generated,1,RunwayML,53,e.mp4,RunwayML/53/e.mp4,https://huggingface.co/datasets/faridlab/deepaction_v1/resolve/main/RunwayML/53/e.mp4
RunwayML__54__a,ai_generated,1,RunwayML,54,a.mp4,RunwayML/54/a.mp4,https://huggingface.co/datasets/faridlab/deepaction_v1/resolve/main/RunwayML/54/a.mp4
RunwayML__54__b,ai_generated,1,RunwayML,54,b.mp4,RunwayML/54/b.mp4,https://huggingface.co/datasets/faridlab/deepaction_v1/resolve/main/RunwayML/54/b.mp4
RunwayML__54__c,ai_generated,1,RunwayML,54,c.mp4,RunwayML/54/c.mp4,https://huggingface.co/datasets/faridlab/deepaction_v1/resolve/main/RunwayML/54/c.mp4
RunwayML__54__d,ai_generated,1,RunwayML,54,d.mp4,RunwayML/54/d.mp4,https://huggingface.co/datasets/faridlab/deepaction_v1/resolve/main/RunwayML/54/d.mp4
RunwayML__54__e,ai_generated,1,RunwayML,54,e.mp4,RunwayML/54/e.mp4,https://huggingface.co/datasets/faridlab/deepaction_v1/resolve/main/RunwayML/54/e.mp4
RunwayML__55__a,ai_generated,1,RunwayML,55,a.mp4,RunwayML/55/a.mp4,https://huggingface.co/datasets/faridlab/deepaction_v1/resolve/main/RunwayML/55/a.mp4
RunwayML__55__b,ai_generated,1,RunwayML,55,b.mp4,RunwayML/55/b.mp4,https://huggingface.co/datasets/faridlab/deepaction_v1/resolve/main/RunwayML/55/b.mp4
RunwayML__55__c,ai_generated,1,RunwayML,55,c.mp4,RunwayML/55/c.mp4,https://huggingface.co/datasets/faridlab/deepaction_v1/resolve/main/RunwayML/55/c.mp4
RunwayML__55__d,ai_generated,1,RunwayML,55,d.mp4,RunwayML/55/d.mp4,https://huggingface.co/datasets/faridlab/deepaction_v1/resolve/main/RunwayML/55/d.mp4
RunwayML__55__e,ai_generated,1,RunwayML,55,e.mp4,RunwayML/55/e.mp4,https://huggingface.co/datasets/faridlab/deepaction_v1/resolve/main/RunwayML/55/e.mp4
RunwayML__56__a,ai_generated,1,RunwayML,56,a.mp4,RunwayML/56/a.mp4,https://huggingface.co/datasets/faridlab/deepaction_v1/resolve/main/RunwayML/56/a.mp4
RunwayML__56__b,ai_generated,1,RunwayML,56,b.mp4,RunwayML/56/b.mp4,https://huggingface.co/datasets/faridlab/deepaction_v1/resolve/main/RunwayML/56/b.mp4
RunwayML__56__c,ai_generated,1,RunwayML,56,c.mp4,RunwayML/56/c.mp4,https://huggingface.co/datasets/faridlab/deepaction_v1/resolve/main/RunwayML/56/c.mp4
RunwayML__56__d,ai_generated,1,RunwayML,56,d.mp4,RunwayML/56/d.mp4,https://huggingface.co/datasets/faridlab/deepaction_v1/resolve/main/RunwayML/56/d.mp4
RunwayML__56__e,ai_generated,1,RunwayML,56,e.mp4,RunwayML/56/e.mp4,https://huggingface.co/datasets/faridlab/deepaction_v1/resolve/main/RunwayML/56/e.mp4
RunwayML__57__a,ai_generated,1,RunwayML,57,a.mp4,RunwayML/57/a.mp4,https://huggingface.co/datasets/faridlab/deepaction_v1/resolve/main/RunwayML/57/a.mp4
RunwayML__57__b,ai_generated,1,RunwayML,57,b.mp4,RunwayML/57/b.mp4,https://huggingface.co/datasets/faridlab/deepaction_v1/resolve/main/RunwayML/57/b.mp4
RunwayML__57__c,ai_generated,1,RunwayML,57,c.mp4,RunwayML/57/c.mp4,https://huggingface.co/datasets/faridlab/deepaction_v1/resolve/main/RunwayML/57/c.mp4
RunwayML__57__d,ai_generated,1,RunwayML,57,d.mp4,RunwayML/57/d.mp4,https://huggingface.co/datasets/faridlab/deepaction_v1/resolve/main/RunwayML/57/d.mp4
RunwayML__57__e,ai_generated,1,RunwayML,57,e.mp4,RunwayML/57/e.mp4,https://huggingface.co/datasets/faridlab/deepaction_v1/resolve/main/RunwayML/57/e.mp4
RunwayML__58__a,ai_generated,1,RunwayML,58,a.mp4,RunwayML/58/a.mp4,https://huggingface.co/datasets/faridlab/deepaction_v1/resolve/main/RunwayML/58/a.mp4
RunwayML__58__b,ai_generated,1,RunwayML,58,b.mp4,RunwayML/58/b.mp4,https://huggingface.co/datasets/faridlab/deepaction_v1/resolve/main/RunwayML/58/b.mp4
RunwayML__58__c,ai_generated,1,RunwayML,58,c.mp4,RunwayML/58/c.mp4,https://huggingface.co/datasets/faridlab/deepaction_v1/resolve/main/RunwayML/58/c.mp4
RunwayML__58__d,ai_generated,1,RunwayML,58,d.mp4,RunwayML/58/d.mp4,https://huggingface.co/datasets/faridlab/deepaction_v1/resolve/main/RunwayML/58/d.mp4
RunwayML__58__e,ai_generated,1,RunwayML,58,e.mp4,RunwayML/58/e.mp4,https://huggingface.co/datasets/faridlab/deepaction_v1/resolve/main/RunwayML/58/e.mp4
RunwayML__59__a,ai_generated,1,RunwayML,59,a.mp4,RunwayML/59/a.mp4,https://huggingface.co/datasets/faridlab/deepaction_v1/resolve/main/RunwayML/59/a.mp4
RunwayML__59__b,ai_generated,1,RunwayML,59,b.mp4,RunwayML/59/b.mp4,https://huggingface.co/datasets/faridlab/deepaction_v1/resolve/main/RunwayML/59/b.mp4
RunwayML__59__c,ai_generated,1,RunwayML,59,c.mp4,RunwayML/59/c.mp4,https://huggingface.co/datasets/faridlab/deepaction_v1/resolve/main/RunwayML/59/c.mp4
RunwayML__59__d,ai_generated,1,RunwayML,59,d.mp4,RunwayML/59/d.mp4,https://huggingface.co/datasets/faridlab/deepaction_v1/resolve/main/RunwayML/59/d.mp4
RunwayML__59__e,ai_generated,1,RunwayML,59,e.mp4,RunwayML/59/e.mp4,https://huggingface.co/datasets/faridlab/deepaction_v1/resolve/main/RunwayML/59/e.mp4
RunwayML__6__a,ai_generated,1,RunwayML,6,a.mp4,RunwayML/6/a.mp4,https://huggingface.co/datasets/faridlab/deepaction_v1/resolve/main/RunwayML/6/a.mp4
RunwayML__6__b,ai_generated,1,RunwayML,6,b.mp4,RunwayML/6/b.mp4,https://huggingface.co/datasets/faridlab/deepaction_v1/resolve/main/RunwayML/6/b.mp4
RunwayML__6__c,ai_generated,1,RunwayML,6,c.mp4,RunwayML/6/c.mp4,https://huggingface.co/datasets/faridlab/deepaction_v1/resolve/main/RunwayML/6/c.mp4
RunwayML__6__d,ai_generated,1,RunwayML,6,d.mp4,RunwayML/6/d.mp4,https://huggingface.co/datasets/faridlab/deepaction_v1/resolve/main/RunwayML/6/d.mp4
RunwayML__6__e,ai_generated,1,RunwayML,6,e.mp4,RunwayML/6/e.mp4,https://huggingface.co/datasets/faridlab/deepaction_v1/resolve/main/RunwayML/6/e.mp4
RunwayML__60__a,ai_generated,1,RunwayML,60,a.mp4,RunwayML/60/a.mp4,https://huggingface.co/datasets/faridlab/deepaction_v1/resolve/main/RunwayML/60/a.mp4
RunwayML__60__b,ai_generated,1,RunwayML,60,b.mp4,RunwayML/60/b.mp4,https://huggingface.co/datasets/faridlab/deepaction_v1/resolve/main/RunwayML/60/b.mp4
RunwayML__60__c,ai_generated,1,RunwayML,60,c.mp4,RunwayML/60/c.mp4,https://huggingface.co/datasets/faridlab/deepaction_v1/resolve/main/RunwayML/60/c.mp4
RunwayML__60__d,ai_generated,1,RunwayML,60,d.mp4,RunwayML/60/d.mp4,https://huggingface.co/datasets/faridlab/deepaction_v1/resolve/main/RunwayML/60/d.mp4
RunwayML__60__e,ai_generated,1,RunwayML,60,e.mp4,RunwayML/60/e.mp4,https://huggingface.co/datasets/faridlab/deepaction_v1/resolve/main/RunwayML/60/e.mp4
RunwayML__61__a,ai_generated,1,RunwayML,61,a.mp4,RunwayML/61/a.mp4,https://huggingface.co/datasets/faridlab/deepaction_v1/resolve/main/RunwayML/61/a.mp4
RunwayML__61__b,ai_generated,1,RunwayML,61,b.mp4,RunwayML/61/b.mp4,https://huggingface.co/datasets/faridlab/deepaction_v1/resolve/main/RunwayML/61/b.mp4
RunwayML__61__c,ai_generated,1,RunwayML,61,c.mp4,RunwayML/61/c.mp4,https://huggingface.co/datasets/faridlab/deepaction_v1/resolve/main/RunwayML/61/c.mp4
RunwayML__61__d,ai_generated,1,RunwayML,61,d.mp4,RunwayML/61/d.mp4,https://huggingface.co/datasets/faridlab/deepaction_v1/resolve/main/RunwayML/61/d.mp4
RunwayML__61__e,ai_generated,1,RunwayML,61,e.mp4,RunwayML/61/e.mp4,https://huggingface.co/datasets/faridlab/deepaction_v1/resolve/main/RunwayML/61/e.mp4
RunwayML__62__a,ai_generated,1,RunwayML,62,a.mp4,RunwayML/62/a.mp4,https://huggingface.co/datasets/faridlab/deepaction_v1/resolve/main/RunwayML/62/a.mp4
RunwayML__62__b,ai_generated,1,RunwayML,62,b.mp4,RunwayML/62/b.mp4,https://huggingface.co/datasets/faridlab/deepaction_v1/resolve/main/RunwayML/62/b.mp4
RunwayML__62__c,ai_generated,1,RunwayML,62,c.mp4,RunwayML/62/c.mp4,https://huggingface.co/datasets/faridlab/deepaction_v1/resolve/main/RunwayML/62/c.mp4
RunwayML__62__d,ai_generated,1,RunwayML,62,d.mp4,RunwayML/62/d.mp4,https://huggingface.co/datasets/faridlab/deepaction_v1/resolve/main/RunwayML/62/d.mp4
RunwayML__62__e,ai_generated,1,RunwayML,62,e.mp4,RunwayML/62/e.mp4,https://huggingface.co/datasets/faridlab/deepaction_v1/resolve/main/RunwayML/62/e.mp4
RunwayML__63__a,ai_generated,1,RunwayML,63,a.mp4,RunwayML/63/a.mp4,https://huggingface.co/datasets/faridlab/deepaction_v1/resolve/main/RunwayML/63/a.mp4
RunwayML__63__b,ai_generated,1,RunwayML,63,b.mp4,RunwayML/63/b.mp4,https://huggingface.co/datasets/faridlab/deepaction_v1/resolve/main/RunwayML/63/b.mp4
RunwayML__63__c,ai_generated,1,RunwayML,63,c.mp4,RunwayML/63/c.mp4,https://huggingface.co/datasets/faridlab/deepaction_v1/resolve/main/RunwayML/63/c.mp4
RunwayML__63__d,ai_generated,1,RunwayML,63,d.mp4,RunwayML/63/d.mp4,https://huggingface.co/datasets/faridlab/deepaction_v1/resolve/main/RunwayML/63/d.mp4
RunwayML__63__e,ai_generated,1,RunwayML,63,e.mp4,RunwayML/63/e.mp4,https://huggingface.co/datasets/faridlab/deepaction_v1/resolve/main/RunwayML/63/e.mp4
RunwayML__64__a,ai_generated,1,RunwayML,64,a.mp4,RunwayML/64/a.mp4,https://huggingface.co/datasets/faridlab/deepaction_v1/resolve/main/RunwayML/64/a.mp4
RunwayML__64__b,ai_generated,1,RunwayML,64,b.mp4,RunwayML/64/b.mp4,https://huggingface.co/datasets/faridlab/deepaction_v1/resolve/main/RunwayML/64/b.mp4
RunwayML__64__c,ai_generated,1,RunwayML,64,c.mp4,RunwayML/64/c.mp4,https://huggingface.co/datasets/faridlab/deepaction_v1/resolve/main/RunwayML/64/c.mp4
RunwayML__64__d,ai_generated,1,RunwayML,64,d.mp4,RunwayML/64/d.mp4,https://huggingface.co/datasets/faridlab/deepaction_v1/resolve/main/RunwayML/64/d.mp4
RunwayML__64__e,ai_generated,1,RunwayML,64,e.mp4,RunwayML/64/e.mp4,https://huggingface.co/datasets/faridlab/deepaction_v1/resolve/main/RunwayML/64/e.mp4
RunwayML__65__a,ai_generated,1,RunwayML,65,a.mp4,RunwayML/65/a.mp4,https://huggingface.co/datasets/faridlab/deepaction_v1/resolve/main/RunwayML/65/a.mp4
RunwayML__65__b,ai_generated,1,RunwayML,65,b.mp4,RunwayML/65/b.mp4,https://huggingface.co/datasets/faridlab/deepaction_v1/resolve/main/RunwayML/65/b.mp4
RunwayML__65__c,ai_generated,1,RunwayML,65,c.mp4,RunwayML/65/c.mp4,https://huggingface.co/datasets/faridlab/deepaction_v1/resolve/main/RunwayML/65/c.mp4
RunwayML__65__d,ai_generated,1,RunwayML,65,d.mp4,RunwayML/65/d.mp4,https://huggingface.co/datasets/faridlab/deepaction_v1/resolve/main/RunwayML/65/d.mp4
RunwayML__65__e,ai_generated,1,RunwayML,65,e.mp4,RunwayML/65/e.mp4,https://huggingface.co/datasets/faridlab/deepaction_v1/resolve/main/RunwayML/65/e.mp4
RunwayML__66__a,ai_generated,1,RunwayML,66,a.mp4,RunwayML/66/a.mp4,https://huggingface.co/datasets/faridlab/deepaction_v1/resolve/main/RunwayML/66/a.mp4
RunwayML__66__b,ai_generated,1,RunwayML,66,b.mp4,RunwayML/66/b.mp4,https://huggingface.co/datasets/faridlab/deepaction_v1/resolve/main/RunwayML/66/b.mp4
RunwayML__66__c,ai_generated,1,RunwayML,66,c.mp4,RunwayML/66/c.mp4,https://huggingface.co/datasets/faridlab/deepaction_v1/resolve/main/RunwayML/66/c.mp4
RunwayML__66__d,ai_generated,1,RunwayML,66,d.mp4,RunwayML/66/d.mp4,https://huggingface.co/datasets/faridlab/deepaction_v1/resolve/main/RunwayML/66/d.mp4
RunwayML__66__e,ai_generated,1,RunwayML,66,e.mp4,RunwayML/66/e.mp4,https://huggingface.co/datasets/faridlab/deepaction_v1/resolve/main/RunwayML/66/e.mp4
RunwayML__67__a,ai_generated,1,RunwayML,67,a.mp4,RunwayML/67/a.mp4,https://huggingface.co/datasets/faridlab/deepaction_v1/resolve/main/RunwayML/67/a.mp4
RunwayML__67__b,ai_generated,1,RunwayML,67,b.mp4,RunwayML/67/b.mp4,https://huggingface.co/datasets/faridlab/deepaction_v1/resolve/main/RunwayML/67/b.mp4
RunwayML__67__c,ai_generated,1,RunwayML,67,c.mp4,RunwayML/67/c.mp4,https://huggingface.co/datasets/faridlab/deepaction_v1/resolve/main/RunwayML/67/c.mp4
RunwayML__67__d,ai_generated,1,RunwayML,67,d.mp4,RunwayML/67/d.mp4,https://huggingface.co/datasets/faridlab/deepaction_v1/resolve/main/RunwayML/67/d.mp4
RunwayML__67__e,ai_generated,1,RunwayML,67,e.mp4,RunwayML/67/e.mp4,https://huggingface.co/datasets/faridlab/deepaction_v1/resolve/main/RunwayML/67/e.mp4
RunwayML__68__a,ai_generated,1,RunwayML,68,a.mp4,RunwayML/68/a.mp4,https://huggingface.co/datasets/faridlab/deepaction_v1/resolve/main/RunwayML/68/a.mp4
RunwayML__68__b,ai_generated,1,RunwayML,68,b.mp4,RunwayML/68/b.mp4,https://huggingface.co/datasets/faridlab/deepaction_v1/resolve/main/RunwayML/68/b.mp4
RunwayML__68__c,ai_generated,1,RunwayML,68,c.mp4,RunwayML/68/c.mp4,https://huggingface.co/datasets/faridlab/deepaction_v1/resolve/main/RunwayML/68/c.mp4
RunwayML__68__d,ai_generated,1,RunwayML,68,d.mp4,RunwayML/68/d.mp4,https://huggingface.co/datasets/faridlab/deepaction_v1/resolve/main/RunwayML/68/d.mp4
RunwayML__68__e,ai_generated,1,RunwayML,68,e.mp4,RunwayML/68/e.mp4,https://huggingface.co/datasets/faridlab/deepaction_v1/resolve/main/RunwayML/68/e.mp4
RunwayML__69__a,ai_generated,1,RunwayML,69,a.mp4,RunwayML/69/a.mp4,https://huggingface.co/datasets/faridlab/deepaction_v1/resolve/main/RunwayML/69/a.mp4
RunwayML__69__b,ai_generated,1,RunwayML,69,b.mp4,RunwayML/69/b.mp4,https://huggingface.co/datasets/faridlab/deepaction_v1/resolve/main/RunwayML/69/b.mp4
RunwayML__69__c,ai_generated,1,RunwayML,69,c.mp4,RunwayML/69/c.mp4,https://huggingface.co/datasets/faridlab/deepaction_v1/resolve/main/RunwayML/69/c.mp4
RunwayML__69__d,ai_generated,1,RunwayML,69,d.mp4,RunwayML/69/d.mp4,https://huggingface.co/datasets/faridlab/deepaction_v1/resolve/main/RunwayML/69/d.mp4
RunwayML__69__e,ai_generated,1,RunwayML,69,e.mp4,RunwayML/69/e.mp4,https://huggingface.co/datasets/faridlab/deepaction_v1/resolve/main/RunwayML/69/e.mp4
RunwayML__7__a,ai_generated,1,RunwayML,7,a.mp4,RunwayML/7/a.mp4,https://huggingface.co/datasets/faridlab/deepaction_v1/resolve/main/RunwayML/7/a.mp4
RunwayML__7__b,ai_generated,1,RunwayML,7,b.mp4,RunwayML/7/b.mp4,https://huggingface.co/datasets/faridlab/deepaction_v1/resolve/main/RunwayML/7/b.mp4
RunwayML__7__c,ai_generated,1,RunwayML,7,c.mp4,RunwayML/7/c.mp4,https://huggingface.co/datasets/faridlab/deepaction_v1/resolve/main/RunwayML/7/c.mp4
RunwayML__7__d,ai_generated,1,RunwayML,7,d.mp4,RunwayML/7/d.mp4,https://huggingface.co/datasets/faridlab/deepaction_v1/resolve/main/RunwayML/7/d.mp4
RunwayML__7__e,ai_generated,1,RunwayML,7,e.mp4,RunwayML/7/e.mp4,https://huggingface.co/datasets/faridlab/deepaction_v1/resolve/main/RunwayML/7/e.mp4
RunwayML__70__a,ai_generated,1,RunwayML,70,a.mp4,RunwayML/70/a.mp4,https://huggingface.co/datasets/faridlab/deepaction_v1/resolve/main/RunwayML/70/a.mp4
RunwayML__70__b,ai_generated,1,RunwayML,70,b.mp4,RunwayML/70/b.mp4,https://huggingface.co/datasets/faridlab/deepaction_v1/resolve/main/RunwayML/70/b.mp4
RunwayML__70__c,ai_generated,1,RunwayML,70,c.mp4,RunwayML/70/c.mp4,https://huggingface.co/datasets/faridlab/deepaction_v1/resolve/main/RunwayML/70/c.mp4
RunwayML__70__d,ai_generated,1,RunwayML,70,d.mp4,RunwayML/70/d.mp4,https://huggingface.co/datasets/faridlab/deepaction_v1/resolve/main/RunwayML/70/d.mp4
RunwayML__70__e,ai_generated,1,RunwayML,70,e.mp4,RunwayML/70/e.mp4,https://huggingface.co/datasets/faridlab/deepaction_v1/resolve/main/RunwayML/70/e.mp4
RunwayML__71__a,ai_generated,1,RunwayML,71,a.mp4,RunwayML/71/a.mp4,https://huggingface.co/datasets/faridlab/deepaction_v1/resolve/main/RunwayML/71/a.mp4
RunwayML__71__b,ai_generated,1,RunwayML,71,b.mp4,RunwayML/71/b.mp4,https://huggingface.co/datasets/faridlab/deepaction_v1/resolve/main/RunwayML/71/b.mp4
RunwayML__71__c,ai_generated,1,RunwayML,71,c.mp4,RunwayML/71/c.mp4,https://huggingface.co/datasets/faridlab/deepaction_v1/resolve/main/RunwayML/71/c.mp4
RunwayML__71__d,ai_generated,1,RunwayML,71,d.mp4,RunwayML/71/d.mp4,https://huggingface.co/datasets/faridlab/deepaction_v1/resolve/main/RunwayML/71/d.mp4
RunwayML__71__e,ai_generated,1,RunwayML,71,e.mp4,RunwayML/71/e.mp4,https://huggingface.co/datasets/faridlab/deepaction_v1/resolve/main/RunwayML/71/e.mp4
RunwayML__72__a,ai_generated,1,RunwayML,72,a.mp4,RunwayML/72/a.mp4,https://huggingface.co/datasets/faridlab/deepaction_v1/resolve/main/RunwayML/72/a.mp4
RunwayML__72__b,ai_generated,1,RunwayML,72,b.mp4,RunwayML/72/b.mp4,https://huggingface.co/datasets/faridlab/deepaction_v1/resolve/main/RunwayML/72/b.mp4
RunwayML__72__c,ai_generated,1,RunwayML,72,c.mp4,RunwayML/72/c.mp4,https://huggingface.co/datasets/faridlab/deepaction_v1/resolve/main/RunwayML/72/c.mp4
RunwayML__72__d,ai_generated,1,RunwayML,72,d.mp4,RunwayML/72/d.mp4,https://huggingface.co/datasets/faridlab/deepaction_v1/resolve/main/RunwayML/72/d.mp4
RunwayML__72__e,ai_generated,1,RunwayML,72,e.mp4,RunwayML/72/e.mp4,https://huggingface.co/datasets/faridlab/deepaction_v1/resolve/main/RunwayML/72/e.mp4
RunwayML__73__a,ai_generated,1,RunwayML,73,a.mp4,RunwayML/73/a.mp4,https://huggingface.co/datasets/faridlab/deepaction_v1/resolve/main/RunwayML/73/a.mp4
RunwayML__73__b,ai_generated,1,RunwayML,73,b.mp4,RunwayML/73/b.mp4,https://huggingface.co/datasets/faridlab/deepaction_v1/resolve/main/RunwayML/73/b.mp4
RunwayML__73__c,ai_generated,1,RunwayML,73,c.mp4,RunwayML/73/c.mp4,https://huggingface.co/datasets/faridlab/deepaction_v1/resolve/main/RunwayML/73/c.mp4
RunwayML__73__d,ai_generated,1,RunwayML,73,d.mp4,RunwayML/73/d.mp4,https://huggingface.co/datasets/faridlab/deepaction_v1/resolve/main/RunwayML/73/d.mp4
RunwayML__73__e,ai_generated,1,RunwayML,73,e.mp4,RunwayML/73/e.mp4,https://huggingface.co/datasets/faridlab/deepaction_v1/resolve/main/RunwayML/73/e.mp4
RunwayML__74__a,ai_generated,1,RunwayML,74,a.mp4,RunwayML/74/a.mp4,https://huggingface.co/datasets/faridlab/deepaction_v1/resolve/main/RunwayML/74/a.mp4
RunwayML__74__b,ai_generated,1,RunwayML,74,b.mp4,RunwayML/74/b.mp4,https://huggingface.co/datasets/faridlab/deepaction_v1/resolve/main/RunwayML/74/b.mp4
RunwayML__74__c,ai_generated,1,RunwayML,74,c.mp4,RunwayML/74/c.mp4,https://huggingface.co/datasets/faridlab/deepaction_v1/resolve/main/RunwayML/74/c.mp4
RunwayML__74__d,ai_generated,1,RunwayML,74,d.mp4,RunwayML/74/d.mp4,https://huggingface.co/datasets/faridlab/deepaction_v1/resolve/main/RunwayML/74/d.mp4
RunwayML__74__e,ai_generated,1,RunwayML,74,e.mp4,RunwayML/74/e.mp4,https://huggingface.co/datasets/faridlab/deepaction_v1/resolve/main/RunwayML/74/e.mp4
RunwayML__75__a,ai_generated,1,RunwayML,75,a.mp4,RunwayML/75/a.mp4,https://huggingface.co/datasets/faridlab/deepaction_v1/resolve/main/RunwayML/75/a.mp4
RunwayML__75__b,ai_generated,1,RunwayML,75,b.mp4,RunwayML/75/b.mp4,https://huggingface.co/datasets/faridlab/deepaction_v1/resolve/main/RunwayML/75/b.mp4
RunwayML__75__c,ai_generated,1,RunwayML,75,c.mp4,RunwayML/75/c.mp4,https://huggingface.co/datasets/faridlab/deepaction_v1/resolve/main/RunwayML/75/c.mp4
RunwayML__75__d,ai_generated,1,RunwayML,75,d.mp4,RunwayML/75/d.mp4,https://huggingface.co/datasets/faridlab/deepaction_v1/resolve/main/RunwayML/75/d.mp4
RunwayML__75__e,ai_generated,1,RunwayML,75,e.mp4,RunwayML/75/e.mp4,https://huggingface.co/datasets/faridlab/deepaction_v1/resolve/main/RunwayML/75/e.mp4
RunwayML__76__a,ai_generated,1,RunwayML,76,a.mp4,RunwayML/76/a.mp4,https://huggingface.co/datasets/faridlab/deepaction_v1/resolve/main/RunwayML/76/a.mp4
RunwayML__76__b,ai_generated,1,RunwayML,76,b.mp4,RunwayML/76/b.mp4,https://huggingface.co/datasets/faridlab/deepaction_v1/resolve/main/RunwayML/76/b.mp4
RunwayML__76__c,ai_generated,1,RunwayML,76,c.mp4,RunwayML/76/c.mp4,https://huggingface.co/datasets/faridlab/deepaction_v1/resolve/main/RunwayML/76/c.mp4
RunwayML__76__d,ai_generated,1,RunwayML,76,d.mp4,RunwayML/76/d.mp4,https://huggingface.co/datasets/faridlab/deepaction_v1/resolve/main/RunwayML/76/d.mp4
RunwayML__76__e,ai_generated,1,RunwayML,76,e.mp4,RunwayML/76/e.mp4,https://huggingface.co/datasets/faridlab/deepaction_v1/resolve/main/RunwayML/76/e.mp4
RunwayML__77__a,ai_generated,1,RunwayML,77,a.mp4,RunwayML/77/a.mp4,https://huggingface.co/datasets/faridlab/deepaction_v1/resolve/main/RunwayML/77/a.mp4
RunwayML__77__b,ai_generated,1,RunwayML,77,b.mp4,RunwayML/77/b.mp4,https://huggingface.co/datasets/faridlab/deepaction_v1/resolve/main/RunwayML/77/b.mp4
RunwayML__77__c,ai_generated,1,RunwayML,77,c.mp4,RunwayML/77/c.mp4,https://huggingface.co/datasets/faridlab/deepaction_v1/resolve/main/RunwayML/77/c.mp4
RunwayML__77__d,ai_generated,1,RunwayML,77,d.mp4,RunwayML/77/d.mp4,https://huggingface.co/datasets/faridlab/deepaction_v1/resolve/main/RunwayML/77/d.mp4
RunwayML__77__e,ai_generated,1,RunwayML,77,e.mp4,RunwayML/77/e.mp4,https://huggingface.co/datasets/faridlab/deepaction_v1/resolve/main/RunwayML/77/e.mp4
RunwayML__77__f,ai_generated,1,RunwayML,77,f.mp4,RunwayML/77/f.mp4,https://huggingface.co/datasets/faridlab/deepaction_v1/resolve/main/RunwayML/77/f.mp4
RunwayML__77__g,ai_generated,1,RunwayML,77,g.mp4,RunwayML/77/g.mp4,https://huggingface.co/datasets/faridlab/deepaction_v1/resolve/main/RunwayML/77/g.mp4
RunwayML__77__h,ai_generated,1,RunwayML,77,h.mp4,RunwayML/77/h.mp4,https://huggingface.co/datasets/faridlab/deepaction_v1/resolve/main/RunwayML/77/h.mp4
RunwayML__77__i,ai_generated,1,RunwayML,77,i.mp4,RunwayML/77/i.mp4,https://huggingface.co/datasets/faridlab/deepaction_v1/resolve/main/RunwayML/77/i.mp4
RunwayML__77__j,ai_generated,1,RunwayML,77,j.mp4,RunwayML/77/j.mp4,https://huggingface.co/datasets/faridlab/deepaction_v1/resolve/main/RunwayML/77/j.mp4
RunwayML__78__a,ai_generated,1,RunwayML,78,a.mp4,RunwayML/78/a.mp4,https://huggingface.co/datasets/faridlab/deepaction_v1/resolve/main/RunwayML/78/a.mp4
RunwayML__78__b,ai_generated,1,RunwayML,78,b.mp4,RunwayML/78/b.mp4,https://huggingface.co/datasets/faridlab/deepaction_v1/resolve/main/RunwayML/78/b.mp4
RunwayML__78__c,ai_generated,1,RunwayML,78,c.mp4,RunwayML/78/c.mp4,https://huggingface.co/datasets/faridlab/deepaction_v1/resolve/main/RunwayML/78/c.mp4
RunwayML__78__d,ai_generated,1,RunwayML,78,d.mp4,RunwayML/78/d.mp4,https://huggingface.co/datasets/faridlab/deepaction_v1/resolve/main/RunwayML/78/d.mp4
RunwayML__78__e,ai_generated,1,RunwayML,78,e.mp4,RunwayML/78/e.mp4,https://huggingface.co/datasets/faridlab/deepaction_v1/resolve/main/RunwayML/78/e.mp4
RunwayML__79__a,ai_generated,1,RunwayML,79,a.mp4,RunwayML/79/a.mp4,https://huggingface.co/datasets/faridlab/deepaction_v1/resolve/main/RunwayML/79/a.mp4
RunwayML__79__b,ai_generated,1,RunwayML,79,b.mp4,RunwayML/79/b.mp4,https://huggingface.co/datasets/faridlab/deepaction_v1/resolve/main/RunwayML/79/b.mp4
RunwayML__79__c,ai_generated,1,RunwayML,79,c.mp4,RunwayML/79/c.mp4,https://huggingface.co/datasets/faridlab/deepaction_v1/resolve/main/RunwayML/79/c.mp4
RunwayML__79__d,ai_generated,1,RunwayML,79,d.mp4,RunwayML/79/d.mp4,https://huggingface.co/datasets/faridlab/deepaction_v1/resolve/main/RunwayML/79/d.mp4
RunwayML__79__e,ai_generated,1,RunwayML,79,e.mp4,RunwayML/79/e.mp4,https://huggingface.co/datasets/faridlab/deepaction_v1/resolve/main/RunwayML/79/e.mp4
RunwayML__8__a,ai_generated,1,RunwayML,8,a.mp4,RunwayML/8/a.mp4,https://huggingface.co/datasets/faridlab/deepaction_v1/resolve/main/RunwayML/8/a.mp4
RunwayML__8__b,ai_generated,1,RunwayML,8,b.mp4,RunwayML/8/b.mp4,https://huggingface.co/datasets/faridlab/deepaction_v1/resolve/main/RunwayML/8/b.mp4
RunwayML__8__c,ai_generated,1,RunwayML,8,c.mp4,RunwayML/8/c.mp4,https://huggingface.co/datasets/faridlab/deepaction_v1/resolve/main/RunwayML/8/c.mp4
RunwayML__8__d,ai_generated,1,RunwayML,8,d.mp4,RunwayML/8/d.mp4,https://huggingface.co/datasets/faridlab/deepaction_v1/resolve/main/RunwayML/8/d.mp4
RunwayML__8__e,ai_generated,1,RunwayML,8,e.mp4,RunwayML/8/e.mp4,https://huggingface.co/datasets/faridlab/deepaction_v1/resolve/main/RunwayML/8/e.mp4
RunwayML__80__a,ai_generated,1,RunwayML,80,a.mp4,RunwayML/80/a.mp4,https://huggingface.co/datasets/faridlab/deepaction_v1/resolve/main/RunwayML/80/a.mp4
RunwayML__80__b,ai_generated,1,RunwayML,80,b.mp4,RunwayML/80/b.mp4,https://huggingface.co/datasets/faridlab/deepaction_v1/resolve/main/RunwayML/80/b.mp4
RunwayML__80__c,ai_generated,1,RunwayML,80,c.mp4,RunwayML/80/c.mp4,https://huggingface.co/datasets/faridlab/deepaction_v1/resolve/main/RunwayML/80/c.mp4
RunwayML__80__d,ai_generated,1,RunwayML,80,d.mp4,RunwayML/80/d.mp4,https://huggingface.co/datasets/faridlab/deepaction_v1/resolve/main/RunwayML/80/d.mp4
RunwayML__80__e,ai_generated,1,RunwayML,80,e.mp4,RunwayML/80/e.mp4,https://huggingface.co/datasets/faridlab/deepaction_v1/resolve/main/RunwayML/80/e.mp4
RunwayML__81__a,ai_generated,1,RunwayML,81,a.mp4,RunwayML/81/a.mp4,https://huggingface.co/datasets/faridlab/deepaction_v1/resolve/main/RunwayML/81/a.mp4
RunwayML__81__b,ai_generated,1,RunwayML,81,b.mp4,RunwayML/81/b.mp4,https://huggingface.co/datasets/faridlab/deepaction_v1/resolve/main/RunwayML/81/b.mp4
RunwayML__81__c,ai_generated,1,RunwayML,81,c.mp4,RunwayML/81/c.mp4,https://huggingface.co/datasets/faridlab/deepaction_v1/resolve/main/RunwayML/81/c.mp4
RunwayML__81__d,ai_generated,1,RunwayML,81,d.mp4,RunwayML/81/d.mp4,https://huggingface.co/datasets/faridlab/deepaction_v1/resolve/main/RunwayML/81/d.mp4
RunwayML__81__e,ai_generated,1,RunwayML,81,e.mp4,RunwayML/81/e.mp4,https://huggingface.co/datasets/faridlab/deepaction_v1/resolve/main/RunwayML/81/e.mp4
RunwayML__82__a,ai_generated,1,RunwayML,82,a.mp4,RunwayML/82/a.mp4,https://huggingface.co/datasets/faridlab/deepaction_v1/resolve/main/RunwayML/82/a.mp4
RunwayML__82__b,ai_generated,1,RunwayML,82,b.mp4,RunwayML/82/b.mp4,https://huggingface.co/datasets/faridlab/deepaction_v1/resolve/main/RunwayML/82/b.mp4
RunwayML__82__c,ai_generated,1,RunwayML,82,c.mp4,RunwayML/82/c.mp4,https://huggingface.co/datasets/faridlab/deepaction_v1/resolve/main/RunwayML/82/c.mp4
RunwayML__82__d,ai_generated,1,RunwayML,82,d.mp4,RunwayML/82/d.mp4,https://huggingface.co/datasets/faridlab/deepaction_v1/resolve/main/RunwayML/82/d.mp4
RunwayML__82__e,ai_generated,1,RunwayML,82,e.mp4,RunwayML/82/e.mp4,https://huggingface.co/datasets/faridlab/deepaction_v1/resolve/main/RunwayML/82/e.mp4
RunwayML__83__a,ai_generated,1,RunwayML,83,a.mp4,RunwayML/83/a.mp4,https://huggingface.co/datasets/faridlab/deepaction_v1/resolve/main/RunwayML/83/a.mp4
RunwayML__83__b,ai_generated,1,RunwayML,83,b.mp4,RunwayML/83/b.mp4,https://huggingface.co/datasets/faridlab/deepaction_v1/resolve/main/RunwayML/83/b.mp4
RunwayML__83__c,ai_generated,1,RunwayML,83,c.mp4,RunwayML/83/c.mp4,https://huggingface.co/datasets/faridlab/deepaction_v1/resolve/main/RunwayML/83/c.mp4
RunwayML__83__d,ai_generated,1,RunwayML,83,d.mp4,RunwayML/83/d.mp4,https://huggingface.co/datasets/faridlab/deepaction_v1/resolve/main/RunwayML/83/d.mp4
RunwayML__83__e,ai_generated,1,RunwayML,83,e.mp4,RunwayML/83/e.mp4,https://huggingface.co/datasets/faridlab/deepaction_v1/resolve/main/RunwayML/83/e.mp4
RunwayML__84__a,ai_generated,1,RunwayML,84,a.mp4,RunwayML/84/a.mp4,https://huggingface.co/datasets/faridlab/deepaction_v1/resolve/main/RunwayML/84/a.mp4
RunwayML__84__b,ai_generated,1,RunwayML,84,b.mp4,RunwayML/84/b.mp4,https://huggingface.co/datasets/faridlab/deepaction_v1/resolve/main/RunwayML/84/b.mp4
RunwayML__84__c,ai_generated,1,RunwayML,84,c.mp4,RunwayML/84/c.mp4,https://huggingface.co/datasets/faridlab/deepaction_v1/resolve/main/RunwayML/84/c.mp4
RunwayML__84__d,ai_generated,1,RunwayML,84,d.mp4,RunwayML/84/d.mp4,https://huggingface.co/datasets/faridlab/deepaction_v1/resolve/main/RunwayML/84/d.mp4
RunwayML__84__e,ai_generated,1,RunwayML,84,e.mp4,RunwayML/84/e.mp4,https://huggingface.co/datasets/faridlab/deepaction_v1/resolve/main/RunwayML/84/e.mp4
RunwayML__85__a,ai_generated,1,RunwayML,85,a.mp4,RunwayML/85/a.mp4,https://huggingface.co/datasets/faridlab/deepaction_v1/resolve/main/RunwayML/85/a.mp4
RunwayML__85__b,ai_generated,1,RunwayML,85,b.mp4,RunwayML/85/b.mp4,https://huggingface.co/datasets/faridlab/deepaction_v1/resolve/main/RunwayML/85/b.mp4
RunwayML__85__c,ai_generated,1,RunwayML,85,c.mp4,RunwayML/85/c.mp4,https://huggingface.co/datasets/faridlab/deepaction_v1/resolve/main/RunwayML/85/c.mp4
RunwayML__85__d,ai_generated,1,RunwayML,85,d.mp4,RunwayML/85/d.mp4,https://huggingface.co/datasets/faridlab/deepaction_v1/resolve/main/RunwayML/85/d.mp4
RunwayML__85__e,ai_generated,1,RunwayML,85,e.mp4,RunwayML/85/e.mp4,https://huggingface.co/datasets/faridlab/deepaction_v1/resolve/main/RunwayML/85/e.mp4
RunwayML__86__a,ai_generated,1,RunwayML,86,a.mp4,RunwayML/86/a.mp4,https://huggingface.co/datasets/faridlab/deepaction_v1/resolve/main/RunwayML/86/a.mp4
RunwayML__86__b,ai_generated,1,RunwayML,86,b.mp4,RunwayML/86/b.mp4,https://huggingface.co/datasets/faridlab/deepaction_v1/resolve/main/RunwayML/86/b.mp4
RunwayML__86__c,ai_generated,1,RunwayML,86,c.mp4,RunwayML/86/c.mp4,https://huggingface.co/datasets/faridlab/deepaction_v1/resolve/main/RunwayML/86/c.mp4
RunwayML__86__d,ai_generated,1,RunwayML,86,d.mp4,RunwayML/86/d.mp4,https://huggingface.co/datasets/faridlab/deepaction_v1/resolve/main/RunwayML/86/d.mp4
RunwayML__86__e,ai_generated,1,RunwayML,86,e.mp4,RunwayML/86/e.mp4,https://huggingface.co/datasets/faridlab/deepaction_v1/resolve/main/RunwayML/86/e.mp4
RunwayML__87__a,ai_generated,1,RunwayML,87,a.mp4,RunwayML/87/a.mp4,https://huggingface.co/datasets/faridlab/deepaction_v1/resolve/main/RunwayML/87/a.mp4
RunwayML__87__b,ai_generated,1,RunwayML,87,b.mp4,RunwayML/87/b.mp4,https://huggingface.co/datasets/faridlab/deepaction_v1/resolve/main/RunwayML/87/b.mp4
RunwayML__87__c,ai_generated,1,RunwayML,87,c.mp4,RunwayML/87/c.mp4,https://huggingface.co/datasets/faridlab/deepaction_v1/resolve/main/RunwayML/87/c.mp4
RunwayML__87__d,ai_generated,1,RunwayML,87,d.mp4,RunwayML/87/d.mp4,https://huggingface.co/datasets/faridlab/deepaction_v1/resolve/main/RunwayML/87/d.mp4
RunwayML__87__e,ai_generated,1,RunwayML,87,e.mp4,RunwayML/87/e.mp4,https://huggingface.co/datasets/faridlab/deepaction_v1/resolve/main/RunwayML/87/e.mp4
RunwayML__88__a,ai_generated,1,RunwayML,88,a.mp4,RunwayML/88/a.mp4,https://huggingface.co/datasets/faridlab/deepaction_v1/resolve/main/RunwayML/88/a.mp4
RunwayML__88__b,ai_generated,1,RunwayML,88,b.mp4,RunwayML/88/b.mp4,https://huggingface.co/datasets/faridlab/deepaction_v1/resolve/main/RunwayML/88/b.mp4
RunwayML__88__c,ai_generated,1,RunwayML,88,c.mp4,RunwayML/88/c.mp4,https://huggingface.co/datasets/faridlab/deepaction_v1/resolve/main/RunwayML/88/c.mp4
RunwayML__88__d,ai_generated,1,RunwayML,88,d.mp4,RunwayML/88/d.mp4,https://huggingface.co/datasets/faridlab/deepaction_v1/resolve/main/RunwayML/88/d.mp4
RunwayML__88__e,ai_generated,1,RunwayML,88,e.mp4,RunwayML/88/e.mp4,https://huggingface.co/datasets/faridlab/deepaction_v1/resolve/main/RunwayML/88/e.mp4
RunwayML__89__a,ai_generated,1,RunwayML,89,a.mp4,RunwayML/89/a.mp4,https://huggingface.co/datasets/faridlab/deepaction_v1/resolve/main/RunwayML/89/a.mp4
RunwayML__89__b,ai_generated,1,RunwayML,89,b.mp4,RunwayML/89/b.mp4,https://huggingface.co/datasets/faridlab/deepaction_v1/resolve/main/RunwayML/89/b.mp4
RunwayML__89__c,ai_generated,1,RunwayML,89,c.mp4,RunwayML/89/c.mp4,https://huggingface.co/datasets/faridlab/deepaction_v1/resolve/main/RunwayML/89/c.mp4
RunwayML__89__d,ai_generated,1,RunwayML,89,d.mp4,RunwayML/89/d.mp4,https://huggingface.co/datasets/faridlab/deepaction_v1/resolve/main/RunwayML/89/d.mp4
RunwayML__89__e,ai_generated,1,RunwayML,89,e.mp4,RunwayML/89/e.mp4,https://huggingface.co/datasets/faridlab/deepaction_v1/resolve/main/RunwayML/89/e.mp4
RunwayML__9__a,ai_generated,1,RunwayML,9,a.mp4,RunwayML/9/a.mp4,https://huggingface.co/datasets/faridlab/deepaction_v1/resolve/main/RunwayML/9/a.mp4
RunwayML__9__b,ai_generated,1,RunwayML,9,b.mp4,RunwayML/9/b.mp4,https://huggingface.co/datasets/faridlab/deepaction_v1/resolve/main/RunwayML/9/b.mp4
RunwayML__9__c,ai_generated,1,RunwayML,9,c.mp4,RunwayML/9/c.mp4,https://huggingface.co/datasets/faridlab/deepaction_v1/resolve/main/RunwayML/9/c.mp4
RunwayML__9__d,ai_generated,1,RunwayML,9,d.mp4,RunwayML/9/d.mp4,https://huggingface.co/datasets/faridlab/deepaction_v1/resolve/main/RunwayML/9/d.mp4
RunwayML__9__e,ai_generated,1,RunwayML,9,e.mp4,RunwayML/9/e.mp4,https://huggingface.co/datasets/faridlab/deepaction_v1/resolve/main/RunwayML/9/e.mp4
RunwayML__90__a,ai_generated,1,RunwayML,90,a.mp4,RunwayML/90/a.mp4,https://huggingface.co/datasets/faridlab/deepaction_v1/resolve/main/RunwayML/90/a.mp4
RunwayML__90__b,ai_generated,1,RunwayML,90,b.mp4,RunwayML/90/b.mp4,https://huggingface.co/datasets/faridlab/deepaction_v1/resolve/main/RunwayML/90/b.mp4
RunwayML__90__c,ai_generated,1,RunwayML,90,c.mp4,RunwayML/90/c.mp4,https://huggingface.co/datasets/faridlab/deepaction_v1/resolve/main/RunwayML/90/c.mp4
RunwayML__90__d,ai_generated,1,RunwayML,90,d.mp4,RunwayML/90/d.mp4,https://huggingface.co/datasets/faridlab/deepaction_v1/resolve/main/RunwayML/90/d.mp4
RunwayML__90__e,ai_generated,1,RunwayML,90,e.mp4,RunwayML/90/e.mp4,https://huggingface.co/datasets/faridlab/deepaction_v1/resolve/main/RunwayML/90/e.mp4
RunwayML__91__a,ai_generated,1,RunwayML,91,a.mp4,RunwayML/91/a.mp4,https://huggingface.co/datasets/faridlab/deepaction_v1/resolve/main/RunwayML/91/a.mp4
RunwayML__91__b,ai_generated,1,RunwayML,91,b.mp4,RunwayML/91/b.mp4,https://huggingface.co/datasets/faridlab/deepaction_v1/resolve/main/RunwayML/91/b.mp4
RunwayML__91__c,ai_generated,1,RunwayML,91,c.mp4,RunwayML/91/c.mp4,https://huggingface.co/datasets/faridlab/deepaction_v1/resolve/main/RunwayML/91/c.mp4
RunwayML__91__d,ai_generated,1,RunwayML,91,d.mp4,RunwayML/91/d.mp4,https://huggingface.co/datasets/faridlab/deepaction_v1/resolve/main/RunwayML/91/d.mp4
RunwayML__91__e,ai_generated,1,RunwayML,91,e.mp4,RunwayML/91/e.mp4,https://huggingface.co/datasets/faridlab/deepaction_v1/resolve/main/RunwayML/91/e.mp4
RunwayML__92__a,ai_generated,1,RunwayML,92,a.mp4,RunwayML/92/a.mp4,https://huggingface.co/datasets/faridlab/deepaction_v1/resolve/main/RunwayML/92/a.mp4
RunwayML__92__b,ai_generated,1,RunwayML,92,b.mp4,RunwayML/92/b.mp4,https://huggingface.co/datasets/faridlab/deepaction_v1/resolve/main/RunwayML/92/b.mp4
RunwayML__92__c,ai_generated,1,RunwayML,92,c.mp4,RunwayML/92/c.mp4,https://huggingface.co/datasets/faridlab/deepaction_v1/resolve/main/RunwayML/92/c.mp4
RunwayML__92__d,ai_generated,1,RunwayML,92,d.mp4,RunwayML/92/d.mp4,https://huggingface.co/datasets/faridlab/deepaction_v1/resolve/main/RunwayML/92/d.mp4
RunwayML__92__e,ai_generated,1,RunwayML,92,e.mp4,RunwayML/92/e.mp4,https://huggingface.co/datasets/faridlab/deepaction_v1/resolve/main/RunwayML/92/e.mp4
RunwayML__93__a,ai_generated,1,RunwayML,93,a.mp4,RunwayML/93/a.mp4,https://huggingface.co/datasets/faridlab/deepaction_v1/resolve/main/RunwayML/93/a.mp4
RunwayML__93__b,ai_generated,1,RunwayML,93,b.mp4,RunwayML/93/b.mp4,https://huggingface.co/datasets/faridlab/deepaction_v1/resolve/main/RunwayML/93/b.mp4
RunwayML__93__c,ai_generated,1,RunwayML,93,c.mp4,RunwayML/93/c.mp4,https://huggingface.co/datasets/faridlab/deepaction_v1/resolve/main/RunwayML/93/c.mp4
RunwayML__93__d,ai_generated,1,RunwayML,93,d.mp4,RunwayML/93/d.mp4,https://huggingface.co/datasets/faridlab/deepaction_v1/resolve/main/RunwayML/93/d.mp4
RunwayML__93__e,ai_generated,1,RunwayML,93,e.mp4,RunwayML/93/e.mp4,https://huggingface.co/datasets/faridlab/deepaction_v1/resolve/main/RunwayML/93/e.mp4
RunwayML__94__a,ai_generated,1,RunwayML,94,a.mp4,RunwayML/94/a.mp4,https://huggingface.co/datasets/faridlab/deepaction_v1/resolve/main/RunwayML/94/a.mp4
RunwayML__94__b,ai_generated,1,RunwayML,94,b.mp4,RunwayML/94/b.mp4,https://huggingface.co/datasets/faridlab/deepaction_v1/resolve/main/RunwayML/94/b.mp4
RunwayML__94__c,ai_generated,1,RunwayML,94,c.mp4,RunwayML/94/c.mp4,https://huggingface.co/datasets/faridlab/deepaction_v1/resolve/main/RunwayML/94/c.mp4
RunwayML__94__d,ai_generated,1,RunwayML,94,d.mp4,RunwayML/94/d.mp4,https://huggingface.co/datasets/faridlab/deepaction_v1/resolve/main/RunwayML/94/d.mp4
RunwayML__94__e,ai_generated,1,RunwayML,94,e.mp4,RunwayML/94/e.mp4,https://huggingface.co/datasets/faridlab/deepaction_v1/resolve/main/RunwayML/94/e.mp4
RunwayML__99__a,ai_generated,1,RunwayML,99,a.mp4,RunwayML/99/a.mp4,https://huggingface.co/datasets/faridlab/deepaction_v1/resolve/main/RunwayML/99/a.mp4
RunwayML__99__b,ai_generated,1,RunwayML,99,b.mp4,RunwayML/99/b.mp4,https://huggingface.co/datasets/faridlab/deepaction_v1/resolve/main/RunwayML/99/b.mp4
RunwayML__99__c,ai_generated,1,RunwayML,99,c.mp4,RunwayML/99/c.mp4,https://huggingface.co/datasets/faridlab/deepaction_v1/resolve/main/RunwayML/99/c.mp4
RunwayML__99__d,ai_generated,1,RunwayML,99,d.mp4,RunwayML/99/d.mp4,https://huggingface.co/datasets/faridlab/deepaction_v1/resolve/main/RunwayML/99/d.mp4
RunwayML__99__e,ai_generated,1,RunwayML,99,e.mp4,RunwayML/99/e.mp4,https://huggingface.co/datasets/faridlab/deepaction_v1/resolve/main/RunwayML/99/e.mp4
StableDiffusion__0__a,ai_generated,1,StableDiffusion,0,a.mp4,StableDiffusion/0/a.mp4,https://huggingface.co/datasets/faridlab/deepaction_v1/resolve/main/StableDiffusion/0/a.mp4
StableDiffusion__0__b,ai_generated,1,StableDiffusion,0,b.mp4,StableDiffusion/0/b.mp4,https://huggingface.co/datasets/faridlab/deepaction_v1/resolve/main/StableDiffusion/0/b.mp4
StableDiffusion__0__c,ai_generated,1,StableDiffusion,0,c.mp4,StableDiffusion/0/c.mp4,https://huggingface.co/datasets/faridlab/deepaction_v1/resolve/main/StableDiffusion/0/c.mp4
StableDiffusion__0__d,ai_generated,1,StableDiffusion,0,d.mp4,StableDiffusion/0/d.mp4,https://huggingface.co/datasets/faridlab/deepaction_v1/resolve/main/StableDiffusion/0/d.mp4
StableDiffusion__0__e,ai_generated,1,StableDiffusion,0,e.mp4,StableDiffusion/0/e.mp4,https://huggingface.co/datasets/faridlab/deepaction_v1/resolve/main/StableDiffusion/0/e.mp4
StableDiffusion__1__a,ai_generated,1,StableDiffusion,1,a.mp4,StableDiffusion/1/a.mp4,https://huggingface.co/datasets/faridlab/deepaction_v1/resolve/main/StableDiffusion/1/a.mp4
StableDiffusion__1__b,ai_generated,1,StableDiffusion,1,b.mp4,StableDiffusion/1/b.mp4,https://huggingface.co/datasets/faridlab/deepaction_v1/resolve/main/StableDiffusion/1/b.mp4
StableDiffusion__1__c,ai_generated,1,StableDiffusion,1,c.mp4,StableDiffusion/1/c.mp4,https://huggingface.co/datasets/faridlab/deepaction_v1/resolve/main/StableDiffusion/1/c.mp4
StableDiffusion__1__d,ai_generated,1,StableDiffusion,1,d.mp4,StableDiffusion/1/d.mp4,https://huggingface.co/datasets/faridlab/deepaction_v1/resolve/main/StableDiffusion/1/d.mp4
StableDiffusion__1__e,ai_generated,1,StableDiffusion,1,e.mp4,StableDiffusion/1/e.mp4,https://huggingface.co/datasets/faridlab/deepaction_v1/resolve/main/StableDiffusion/1/e.mp4
StableDiffusion__10__a,ai_generated,1,StableDiffusion,10,a.mp4,StableDiffusion/10/a.mp4,https://huggingface.co/datasets/faridlab/deepaction_v1/resolve/main/StableDiffusion/10/a.mp4
StableDiffusion__10__b,ai_generated,1,StableDiffusion,10,b.mp4,StableDiffusion/10/b.mp4,https://huggingface.co/datasets/faridlab/deepaction_v1/resolve/main/StableDiffusion/10/b.mp4
StableDiffusion__10__c,ai_generated,1,StableDiffusion,10,c.mp4,StableDiffusion/10/c.mp4,https://huggingface.co/datasets/faridlab/deepaction_v1/resolve/main/StableDiffusion/10/c.mp4
StableDiffusion__10__d,ai_generated,1,StableDiffusion,10,d.mp4,StableDiffusion/10/d.mp4,https://huggingface.co/datasets/faridlab/deepaction_v1/resolve/main/StableDiffusion/10/d.mp4
StableDiffusion__10__e,ai_generated,1,StableDiffusion,10,e.mp4,StableDiffusion/10/e.mp4,https://huggingface.co/datasets/faridlab/deepaction_v1/resolve/main/StableDiffusion/10/e.mp4
StableDiffusion__100__a,ai_generated,1,StableDiffusion,100,a.mp4,StableDiffusion/100/a.mp4,https://huggingface.co/datasets/faridlab/deepaction_v1/resolve/main/StableDiffusion/100/a.mp4
StableDiffusion__100__b,ai_generated,1,StableDiffusion,100,b.mp4,StableDiffusion/100/b.mp4,https://huggingface.co/datasets/faridlab/deepaction_v1/resolve/main/StableDiffusion/100/b.mp4
StableDiffusion__100__c,ai_generated,1,StableDiffusion,100,c.mp4,StableDiffusion/100/c.mp4,https://huggingface.co/datasets/faridlab/deepaction_v1/resolve/main/StableDiffusion/100/c.mp4
StableDiffusion__100__d,ai_generated,1,StableDiffusion,100,d.mp4,StableDiffusion/100/d.mp4,https://huggingface.co/datasets/faridlab/deepaction_v1/resolve/main/StableDiffusion/100/d.mp4
StableDiffusion__100__e,ai_generated,1,StableDiffusion,100,e.mp4,StableDiffusion/100/e.mp4,https://huggingface.co/datasets/faridlab/deepaction_v1/resolve/main/StableDiffusion/100/e.mp4
StableDiffusion__101__a,ai_generated,1,StableDiffusion,101,a.mp4,StableDiffusion/101/a.mp4,https://huggingface.co/datasets/faridlab/deepaction_v1/resolve/main/StableDiffusion/101/a.mp4
StableDiffusion__101__b,ai_generated,1,StableDiffusion,101,b.mp4,StableDiffusion/101/b.mp4,https://huggingface.co/datasets/faridlab/deepaction_v1/resolve/main/StableDiffusion/101/b.mp4
StableDiffusion__101__c,ai_generated,1,StableDiffusion,101,c.mp4,StableDiffusion/101/c.mp4,https://huggingface.co/datasets/faridlab/deepaction_v1/resolve/main/StableDiffusion/101/c.mp4
StableDiffusion__101__d,ai_generated,1,StableDiffusion,101,d.mp4,StableDiffusion/101/d.mp4,https://huggingface.co/datasets/faridlab/deepaction_v1/resolve/main/StableDiffusion/101/d.mp4
StableDiffusion__101__e,ai_generated,1,StableDiffusion,101,e.mp4,StableDiffusion/101/e.mp4,https://huggingface.co/datasets/faridlab/deepaction_v1/resolve/main/StableDiffusion/101/e.mp4
StableDiffusion__102__a,ai_generated,1,StableDiffusion,102,a.mp4,StableDiffusion/102/a.mp4,https://huggingface.co/datasets/faridlab/deepaction_v1/resolve/main/StableDiffusion/102/a.mp4
StableDiffusion__102__b,ai_generated,1,StableDiffusion,102,b.mp4,StableDiffusion/102/b.mp4,https://huggingface.co/datasets/faridlab/deepaction_v1/resolve/main/StableDiffusion/102/b.mp4
StableDiffusion__102__c,ai_generated,1,StableDiffusion,102,c.mp4,StableDiffusion/102/c.mp4,https://huggingface.co/datasets/faridlab/deepaction_v1/resolve/main/StableDiffusion/102/c.mp4
StableDiffusion__102__d,ai_generated,1,StableDiffusion,102,d.mp4,StableDiffusion/102/d.mp4,https://huggingface.co/datasets/faridlab/deepaction_v1/resolve/main/StableDiffusion/102/d.mp4
StableDiffusion__102__e,ai_generated,1,StableDiffusion,102,e.mp4,StableDiffusion/102/e.mp4,https://huggingface.co/datasets/faridlab/deepaction_v1/resolve/main/StableDiffusion/102/e.mp4
StableDiffusion__103__a,ai_generated,1,StableDiffusion,103,a.mp4,StableDiffusion/103/a.mp4,https://huggingface.co/datasets/faridlab/deepaction_v1/resolve/main/StableDiffusion/103/a.mp4
StableDiffusion__103__b,ai_generated,1,StableDiffusion,103,b.mp4,StableDiffusion/103/b.mp4,https://huggingface.co/datasets/faridlab/deepaction_v1/resolve/main/StableDiffusion/103/b.mp4
StableDiffusion__103__c,ai_generated,1,StableDiffusion,103,c.mp4,StableDiffusion/103/c.mp4,https://huggingface.co/datasets/faridlab/deepaction_v1/resolve/main/StableDiffusion/103/c.mp4
StableDiffusion__103__d,ai_generated,1,StableDiffusion,103,d.mp4,StableDiffusion/103/d.mp4,https://huggingface.co/datasets/faridlab/deepaction_v1/resolve/main/StableDiffusion/103/d.mp4
StableDiffusion__103__e,ai_generated,1,StableDiffusion,103,e.mp4,StableDiffusion/103/e.mp4,https://huggingface.co/datasets/faridlab/deepaction_v1/resolve/main/StableDiffusion/103/e.mp4
StableDiffusion__11__a,ai_generated,1,StableDiffusion,11,a.mp4,StableDiffusion/11/a.mp4,https://huggingface.co/datasets/faridlab/deepaction_v1/resolve/main/StableDiffusion/11/a.mp4
StableDiffusion__11__b,ai_generated,1,StableDiffusion,11,b.mp4,StableDiffusion/11/b.mp4,https://huggingface.co/datasets/faridlab/deepaction_v1/resolve/main/StableDiffusion/11/b.mp4
StableDiffusion__11__c,ai_generated,1,StableDiffusion,11,c.mp4,StableDiffusion/11/c.mp4,https://huggingface.co/datasets/faridlab/deepaction_v1/resolve/main/StableDiffusion/11/c.mp4
StableDiffusion__11__d,ai_generated,1,StableDiffusion,11,d.mp4,StableDiffusion/11/d.mp4,https://huggingface.co/datasets/faridlab/deepaction_v1/resolve/main/StableDiffusion/11/d.mp4
StableDiffusion__11__e,ai_generated,1,StableDiffusion,11,e.mp4,StableDiffusion/11/e.mp4,https://huggingface.co/datasets/faridlab/deepaction_v1/resolve/main/StableDiffusion/11/e.mp4
StableDiffusion__12__a,ai_generated,1,StableDiffusion,12,a.mp4,StableDiffusion/12/a.mp4,https://huggingface.co/datasets/faridlab/deepaction_v1/resolve/main/StableDiffusion/12/a.mp4
StableDiffusion__12__b,ai_generated,1,StableDiffusion,12,b.mp4,StableDiffusion/12/b.mp4,https://huggingface.co/datasets/faridlab/deepaction_v1/resolve/main/StableDiffusion/12/b.mp4
StableDiffusion__12__c,ai_generated,1,StableDiffusion,12,c.mp4,StableDiffusion/12/c.mp4,https://huggingface.co/datasets/faridlab/deepaction_v1/resolve/main/StableDiffusion/12/c.mp4
StableDiffusion__12__d,ai_generated,1,StableDiffusion,12,d.mp4,StableDiffusion/12/d.mp4,https://huggingface.co/datasets/faridlab/deepaction_v1/resolve/main/StableDiffusion/12/d.mp4
StableDiffusion__12__e,ai_generated,1,StableDiffusion,12,e.mp4,StableDiffusion/12/e.mp4,https://huggingface.co/datasets/faridlab/deepaction_v1/resolve/main/StableDiffusion/12/e.mp4
StableDiffusion__13__a,ai_generated,1,StableDiffusion,13,a.mp4,StableDiffusion/13/a.mp4,https://huggingface.co/datasets/faridlab/deepaction_v1/resolve/main/StableDiffusion/13/a.mp4
StableDiffusion__13__b,ai_generated,1,StableDiffusion,13,b.mp4,StableDiffusion/13/b.mp4,https://huggingface.co/datasets/faridlab/deepaction_v1/resolve/main/StableDiffusion/13/b.mp4
StableDiffusion__13__c,ai_generated,1,StableDiffusion,13,c.mp4,StableDiffusion/13/c.mp4,https://huggingface.co/datasets/faridlab/deepaction_v1/resolve/main/StableDiffusion/13/c.mp4
StableDiffusion__13__d,ai_generated,1,StableDiffusion,13,d.mp4,StableDiffusion/13/d.mp4,https://huggingface.co/datasets/faridlab/deepaction_v1/resolve/main/StableDiffusion/13/d.mp4
StableDiffusion__13__e,ai_generated,1,StableDiffusion,13,e.mp4,StableDiffusion/13/e.mp4,https://huggingface.co/datasets/faridlab/deepaction_v1/resolve/main/StableDiffusion/13/e.mp4
StableDiffusion__14__a,ai_generated,1,StableDiffusion,14,a.mp4,StableDiffusion/14/a.mp4,https://huggingface.co/datasets/faridlab/deepaction_v1/resolve/main/StableDiffusion/14/a.mp4
StableDiffusion__14__b,ai_generated,1,StableDiffusion,14,b.mp4,StableDiffusion/14/b.mp4,https://huggingface.co/datasets/faridlab/deepaction_v1/resolve/main/StableDiffusion/14/b.mp4
StableDiffusion__14__c,ai_generated,1,StableDiffusion,14,c.mp4,StableDiffusion/14/c.mp4,https://huggingface.co/datasets/faridlab/deepaction_v1/resolve/main/StableDiffusion/14/c.mp4
StableDiffusion__14__d,ai_generated,1,StableDiffusion,14,d.mp4,StableDiffusion/14/d.mp4,https://huggingface.co/datasets/faridlab/deepaction_v1/resolve/main/StableDiffusion/14/d.mp4
StableDiffusion__14__e,ai_generated,1,StableDiffusion,14,e.mp4,StableDiffusion/14/e.mp4,https://huggingface.co/datasets/faridlab/deepaction_v1/resolve/main/StableDiffusion/14/e.mp4
StableDiffusion__15__a,ai_generated,1,StableDiffusion,15,a.mp4,StableDiffusion/15/a.mp4,https://huggingface.co/datasets/faridlab/deepaction_v1/resolve/main/StableDiffusion/15/a.mp4
StableDiffusion__15__b,ai_generated,1,StableDiffusion,15,b.mp4,StableDiffusion/15/b.mp4,https://huggingface.co/datasets/faridlab/deepaction_v1/resolve/main/StableDiffusion/15/b.mp4
StableDiffusion__15__c,ai_generated,1,StableDiffusion,15,c.mp4,StableDiffusion/15/c.mp4,https://huggingface.co/datasets/faridlab/deepaction_v1/resolve/main/StableDiffusion/15/c.mp4
StableDiffusion__15__d,ai_generated,1,StableDiffusion,15,d.mp4,StableDiffusion/15/d.mp4,https://huggingface.co/datasets/faridlab/deepaction_v1/resolve/main/StableDiffusion/15/d.mp4
StableDiffusion__15__e,ai_generated,1,StableDiffusion,15,e.mp4,StableDiffusion/15/e.mp4,https://huggingface.co/datasets/faridlab/deepaction_v1/resolve/main/StableDiffusion/15/e.mp4
StableDiffusion__16__a,ai_generated,1,StableDiffusion,16,a.mp4,StableDiffusion/16/a.mp4,https://huggingface.co/datasets/faridlab/deepaction_v1/resolve/main/StableDiffusion/16/a.mp4
StableDiffusion__16__b,ai_generated,1,StableDiffusion,16,b.mp4,StableDiffusion/16/b.mp4,https://huggingface.co/datasets/faridlab/deepaction_v1/resolve/main/StableDiffusion/16/b.mp4
StableDiffusion__16__c,ai_generated,1,StableDiffusion,16,c.mp4,StableDiffusion/16/c.mp4,https://huggingface.co/datasets/faridlab/deepaction_v1/resolve/main/StableDiffusion/16/c.mp4
StableDiffusion__16__d,ai_generated,1,StableDiffusion,16,d.mp4,StableDiffusion/16/d.mp4,https://huggingface.co/datasets/faridlab/deepaction_v1/resolve/main/StableDiffusion/16/d.mp4
StableDiffusion__16__e,ai_generated,1,StableDiffusion,16,e.mp4,StableDiffusion/16/e.mp4,https://huggingface.co/datasets/faridlab/deepaction_v1/resolve/main/StableDiffusion/16/e.mp4
StableDiffusion__17__a,ai_generated,1,StableDiffusion,17,a.mp4,StableDiffusion/17/a.mp4,https://huggingface.co/datasets/faridlab/deepaction_v1/resolve/main/StableDiffusion/17/a.mp4
StableDiffusion__17__b,ai_generated,1,StableDiffusion,17,b.mp4,StableDiffusion/17/b.mp4,https://huggingface.co/datasets/faridlab/deepaction_v1/resolve/main/StableDiffusion/17/b.mp4
StableDiffusion__17__c,ai_generated,1,StableDiffusion,17,c.mp4,StableDiffusion/17/c.mp4,https://huggingface.co/datasets/faridlab/deepaction_v1/resolve/main/StableDiffusion/17/c.mp4
StableDiffusion__17__d,ai_generated,1,StableDiffusion,17,d.mp4,StableDiffusion/17/d.mp4,https://huggingface.co/datasets/faridlab/deepaction_v1/resolve/main/StableDiffusion/17/d.mp4
StableDiffusion__17__e,ai_generated,1,StableDiffusion,17,e.mp4,StableDiffusion/17/e.mp4,https://huggingface.co/datasets/faridlab/deepaction_v1/resolve/main/StableDiffusion/17/e.mp4
StableDiffusion__18__a,ai_generated,1,StableDiffusion,18,a.mp4,StableDiffusion/18/a.mp4,https://huggingface.co/datasets/faridlab/deepaction_v1/resolve/main/StableDiffusion/18/a.mp4
StableDiffusion__18__b,ai_generated,1,StableDiffusion,18,b.mp4,StableDiffusion/18/b.mp4,https://huggingface.co/datasets/faridlab/deepaction_v1/resolve/main/StableDiffusion/18/b.mp4
StableDiffusion__18__c,ai_generated,1,StableDiffusion,18,c.mp4,StableDiffusion/18/c.mp4,https://huggingface.co/datasets/faridlab/deepaction_v1/resolve/main/StableDiffusion/18/c.mp4
StableDiffusion__18__d,ai_generated,1,StableDiffusion,18,d.mp4,StableDiffusion/18/d.mp4,https://huggingface.co/datasets/faridlab/deepaction_v1/resolve/main/StableDiffusion/18/d.mp4
StableDiffusion__18__e,ai_generated,1,StableDiffusion,18,e.mp4,StableDiffusion/18/e.mp4,https://huggingface.co/datasets/faridlab/deepaction_v1/resolve/main/StableDiffusion/18/e.mp4
StableDiffusion__19__a,ai_generated,1,StableDiffusion,19,a.mp4,StableDiffusion/19/a.mp4,https://huggingface.co/datasets/faridlab/deepaction_v1/resolve/main/StableDiffusion/19/a.mp4
StableDiffusion__19__b,ai_generated,1,StableDiffusion,19,b.mp4,StableDiffusion/19/b.mp4,https://huggingface.co/datasets/faridlab/deepaction_v1/resolve/main/StableDiffusion/19/b.mp4
StableDiffusion__19__c,ai_generated,1,StableDiffusion,19,c.mp4,StableDiffusion/19/c.mp4,https://huggingface.co/datasets/faridlab/deepaction_v1/resolve/main/StableDiffusion/19/c.mp4
StableDiffusion__19__d,ai_generated,1,StableDiffusion,19,d.mp4,StableDiffusion/19/d.mp4,https://huggingface.co/datasets/faridlab/deepaction_v1/resolve/main/StableDiffusion/19/d.mp4
StableDiffusion__19__e,ai_generated,1,StableDiffusion,19,e.mp4,StableDiffusion/19/e.mp4,https://huggingface.co/datasets/faridlab/deepaction_v1/resolve/main/StableDiffusion/19/e.mp4
StableDiffusion__2__a,ai_generated,1,StableDiffusion,2,a.mp4,StableDiffusion/2/a.mp4,https://huggingface.co/datasets/faridlab/deepaction_v1/resolve/main/StableDiffusion/2/a.mp4
StableDiffusion__2__b,ai_generated,1,StableDiffusion,2,b.mp4,StableDiffusion/2/b.mp4,https://huggingface.co/datasets/faridlab/deepaction_v1/resolve/main/StableDiffusion/2/b.mp4
StableDiffusion__2__c,ai_generated,1,StableDiffusion,2,c.mp4,StableDiffusion/2/c.mp4,https://huggingface.co/datasets/faridlab/deepaction_v1/resolve/main/StableDiffusion/2/c.mp4
StableDiffusion__2__d,ai_generated,1,StableDiffusion,2,d.mp4,StableDiffusion/2/d.mp4,https://huggingface.co/datasets/faridlab/deepaction_v1/resolve/main/StableDiffusion/2/d.mp4
StableDiffusion__2__e,ai_generated,1,StableDiffusion,2,e.mp4,StableDiffusion/2/e.mp4,https://huggingface.co/datasets/faridlab/deepaction_v1/resolve/main/StableDiffusion/2/e.mp4
StableDiffusion__20__a,ai_generated,1,StableDiffusion,20,a.mp4,StableDiffusion/20/a.mp4,https://huggingface.co/datasets/faridlab/deepaction_v1/resolve/main/StableDiffusion/20/a.mp4
StableDiffusion__20__b,ai_generated,1,StableDiffusion,20,b.mp4,StableDiffusion/20/b.mp4,https://huggingface.co/datasets/faridlab/deepaction_v1/resolve/main/StableDiffusion/20/b.mp4
StableDiffusion__20__c,ai_generated,1,StableDiffusion,20,c.mp4,StableDiffusion/20/c.mp4,https://huggingface.co/datasets/faridlab/deepaction_v1/resolve/main/StableDiffusion/20/c.mp4
StableDiffusion__20__d,ai_generated,1,StableDiffusion,20,d.mp4,StableDiffusion/20/d.mp4,https://huggingface.co/datasets/faridlab/deepaction_v1/resolve/main/StableDiffusion/20/d.mp4
StableDiffusion__20__e,ai_generated,1,StableDiffusion,20,e.mp4,StableDiffusion/20/e.mp4,https://huggingface.co/datasets/faridlab/deepaction_v1/resolve/main/StableDiffusion/20/e.mp4
StableDiffusion__21__a,ai_generated,1,StableDiffusion,21,a.mp4,StableDiffusion/21/a.mp4,https://huggingface.co/datasets/faridlab/deepaction_v1/resolve/main/StableDiffusion/21/a.mp4
StableDiffusion__21__b,ai_generated,1,StableDiffusion,21,b.mp4,StableDiffusion/21/b.mp4,https://huggingface.co/datasets/faridlab/deepaction_v1/resolve/main/StableDiffusion/21/b.mp4
StableDiffusion__21__c,ai_generated,1,StableDiffusion,21,c.mp4,StableDiffusion/21/c.mp4,https://huggingface.co/datasets/faridlab/deepaction_v1/resolve/main/StableDiffusion/21/c.mp4
StableDiffusion__21__d,ai_generated,1,StableDiffusion,21,d.mp4,StableDiffusion/21/d.mp4,https://huggingface.co/datasets/faridlab/deepaction_v1/resolve/main/StableDiffusion/21/d.mp4
StableDiffusion__21__e,ai_generated,1,StableDiffusion,21,e.mp4,StableDiffusion/21/e.mp4,https://huggingface.co/datasets/faridlab/deepaction_v1/resolve/main/StableDiffusion/21/e.mp4
StableDiffusion__22__a,ai_generated,1,StableDiffusion,22,a.mp4,StableDiffusion/22/a.mp4,https://huggingface.co/datasets/faridlab/deepaction_v1/resolve/main/StableDiffusion/22/a.mp4
StableDiffusion__22__b,ai_generated,1,StableDiffusion,22,b.mp4,StableDiffusion/22/b.mp4,https://huggingface.co/datasets/faridlab/deepaction_v1/resolve/main/StableDiffusion/22/b.mp4
StableDiffusion__22__c,ai_generated,1,StableDiffusion,22,c.mp4,StableDiffusion/22/c.mp4,https://huggingface.co/datasets/faridlab/deepaction_v1/resolve/main/StableDiffusion/22/c.mp4
StableDiffusion__22__d,ai_generated,1,StableDiffusion,22,d.mp4,StableDiffusion/22/d.mp4,https://huggingface.co/datasets/faridlab/deepaction_v1/resolve/main/StableDiffusion/22/d.mp4
StableDiffusion__22__e,ai_generated,1,StableDiffusion,22,e.mp4,StableDiffusion/22/e.mp4,https://huggingface.co/datasets/faridlab/deepaction_v1/resolve/main/StableDiffusion/22/e.mp4
StableDiffusion__23__a,ai_generated,1,StableDiffusion,23,a.mp4,StableDiffusion/23/a.mp4,https://huggingface.co/datasets/faridlab/deepaction_v1/resolve/main/StableDiffusion/23/a.mp4
StableDiffusion__23__b,ai_generated,1,StableDiffusion,23,b.mp4,StableDiffusion/23/b.mp4,https://huggingface.co/datasets/faridlab/deepaction_v1/resolve/main/StableDiffusion/23/b.mp4
StableDiffusion__23__c,ai_generated,1,StableDiffusion,23,c.mp4,StableDiffusion/23/c.mp4,https://huggingface.co/datasets/faridlab/deepaction_v1/resolve/main/StableDiffusion/23/c.mp4
StableDiffusion__23__d,ai_generated,1,StableDiffusion,23,d.mp4,StableDiffusion/23/d.mp4,https://huggingface.co/datasets/faridlab/deepaction_v1/resolve/main/StableDiffusion/23/d.mp4
StableDiffusion__23__e,ai_generated,1,StableDiffusion,23,e.mp4,StableDiffusion/23/e.mp4,https://huggingface.co/datasets/faridlab/deepaction_v1/resolve/main/StableDiffusion/23/e.mp4
StableDiffusion__24__a,ai_generated,1,StableDiffusion,24,a.mp4,StableDiffusion/24/a.mp4,https://huggingface.co/datasets/faridlab/deepaction_v1/resolve/main/StableDiffusion/24/a.mp4
StableDiffusion__24__b,ai_generated,1,StableDiffusion,24,b.mp4,StableDiffusion/24/b.mp4,https://huggingface.co/datasets/faridlab/deepaction_v1/resolve/main/StableDiffusion/24/b.mp4
StableDiffusion__24__c,ai_generated,1,StableDiffusion,24,c.mp4,StableDiffusion/24/c.mp4,https://huggingface.co/datasets/faridlab/deepaction_v1/resolve/main/StableDiffusion/24/c.mp4
StableDiffusion__24__d,ai_generated,1,StableDiffusion,24,d.mp4,StableDiffusion/24/d.mp4,https://huggingface.co/datasets/faridlab/deepaction_v1/resolve/main/StableDiffusion/24/d.mp4
StableDiffusion__24__e,ai_generated,1,StableDiffusion,24,e.mp4,StableDiffusion/24/e.mp4,https://huggingface.co/datasets/faridlab/deepaction_v1/resolve/main/StableDiffusion/24/e.mp4
StableDiffusion__25__a,ai_generated,1,StableDiffusion,25,a.mp4,StableDiffusion/25/a.mp4,https://huggingface.co/datasets/faridlab/deepaction_v1/resolve/main/StableDiffusion/25/a.mp4
StableDiffusion__25__b,ai_generated,1,StableDiffusion,25,b.mp4,StableDiffusion/25/b.mp4,https://huggingface.co/datasets/faridlab/deepaction_v1/resolve/main/StableDiffusion/25/b.mp4
StableDiffusion__25__c,ai_generated,1,StableDiffusion,25,c.mp4,StableDiffusion/25/c.mp4,https://huggingface.co/datasets/faridlab/deepaction_v1/resolve/main/StableDiffusion/25/c.mp4
StableDiffusion__25__d,ai_generated,1,StableDiffusion,25,d.mp4,StableDiffusion/25/d.mp4,https://huggingface.co/datasets/faridlab/deepaction_v1/resolve/main/StableDiffusion/25/d.mp4
StableDiffusion__25__e,ai_generated,1,StableDiffusion,25,e.mp4,StableDiffusion/25/e.mp4,https://huggingface.co/datasets/faridlab/deepaction_v1/resolve/main/StableDiffusion/25/e.mp4
StableDiffusion__26__a,ai_generated,1,StableDiffusion,26,a.mp4,StableDiffusion/26/a.mp4,https://huggingface.co/datasets/faridlab/deepaction_v1/resolve/main/StableDiffusion/26/a.mp4
StableDiffusion__26__b,ai_generated,1,StableDiffusion,26,b.mp4,StableDiffusion/26/b.mp4,https://huggingface.co/datasets/faridlab/deepaction_v1/resolve/main/StableDiffusion/26/b.mp4
StableDiffusion__26__c,ai_generated,1,StableDiffusion,26,c.mp4,StableDiffusion/26/c.mp4,https://huggingface.co/datasets/faridlab/deepaction_v1/resolve/main/StableDiffusion/26/c.mp4
StableDiffusion__26__d,ai_generated,1,StableDiffusion,26,d.mp4,StableDiffusion/26/d.mp4,https://huggingface.co/datasets/faridlab/deepaction_v1/resolve/main/StableDiffusion/26/d.mp4
StableDiffusion__26__e,ai_generated,1,StableDiffusion,26,e.mp4,StableDiffusion/26/e.mp4,https://huggingface.co/datasets/faridlab/deepaction_v1/resolve/main/StableDiffusion/26/e.mp4
StableDiffusion__27__a,ai_generated,1,StableDiffusion,27,a.mp4,StableDiffusion/27/a.mp4,https://huggingface.co/datasets/faridlab/deepaction_v1/resolve/main/StableDiffusion/27/a.mp4
StableDiffusion__27__b,ai_generated,1,StableDiffusion,27,b.mp4,StableDiffusion/27/b.mp4,https://huggingface.co/datasets/faridlab/deepaction_v1/resolve/main/StableDiffusion/27/b.mp4
StableDiffusion__27__c,ai_generated,1,StableDiffusion,27,c.mp4,StableDiffusion/27/c.mp4,https://huggingface.co/datasets/faridlab/deepaction_v1/resolve/main/StableDiffusion/27/c.mp4
StableDiffusion__27__d,ai_generated,1,StableDiffusion,27,d.mp4,StableDiffusion/27/d.mp4,https://huggingface.co/datasets/faridlab/deepaction_v1/resolve/main/StableDiffusion/27/d.mp4
StableDiffusion__27__e,ai_generated,1,StableDiffusion,27,e.mp4,StableDiffusion/27/e.mp4,https://huggingface.co/datasets/faridlab/deepaction_v1/resolve/main/StableDiffusion/27/e.mp4
StableDiffusion__28__a,ai_generated,1,StableDiffusion,28,a.mp4,StableDiffusion/28/a.mp4,https://huggingface.co/datasets/faridlab/deepaction_v1/resolve/main/StableDiffusion/28/a.mp4
StableDiffusion__28__b,ai_generated,1,StableDiffusion,28,b.mp4,StableDiffusion/28/b.mp4,https://huggingface.co/datasets/faridlab/deepaction_v1/resolve/main/StableDiffusion/28/b.mp4
StableDiffusion__28__c,ai_generated,1,StableDiffusion,28,c.mp4,StableDiffusion/28/c.mp4,https://huggingface.co/datasets/faridlab/deepaction_v1/resolve/main/StableDiffusion/28/c.mp4
StableDiffusion__28__d,ai_generated,1,StableDiffusion,28,d.mp4,StableDiffusion/28/d.mp4,https://huggingface.co/datasets/faridlab/deepaction_v1/resolve/main/StableDiffusion/28/d.mp4
StableDiffusion__28__e,ai_generated,1,StableDiffusion,28,e.mp4,StableDiffusion/28/e.mp4,https://huggingface.co/datasets/faridlab/deepaction_v1/resolve/main/StableDiffusion/28/e.mp4
StableDiffusion__29__a,ai_generated,1,StableDiffusion,29,a.mp4,StableDiffusion/29/a.mp4,https://huggingface.co/datasets/faridlab/deepaction_v1/resolve/main/StableDiffusion/29/a.mp4
StableDiffusion__29__b,ai_generated,1,StableDiffusion,29,b.mp4,StableDiffusion/29/b.mp4,https://huggingface.co/datasets/faridlab/deepaction_v1/resolve/main/StableDiffusion/29/b.mp4
StableDiffusion__29__c,ai_generated,1,StableDiffusion,29,c.mp4,StableDiffusion/29/c.mp4,https://huggingface.co/datasets/faridlab/deepaction_v1/resolve/main/StableDiffusion/29/c.mp4
StableDiffusion__29__d,ai_generated,1,StableDiffusion,29,d.mp4,StableDiffusion/29/d.mp4,https://huggingface.co/datasets/faridlab/deepaction_v1/resolve/main/StableDiffusion/29/d.mp4
StableDiffusion__29__e,ai_generated,1,StableDiffusion,29,e.mp4,StableDiffusion/29/e.mp4,https://huggingface.co/datasets/faridlab/deepaction_v1/resolve/main/StableDiffusion/29/e.mp4
StableDiffusion__3__a,ai_generated,1,StableDiffusion,3,a.mp4,StableDiffusion/3/a.mp4,https://huggingface.co/datasets/faridlab/deepaction_v1/resolve/main/StableDiffusion/3/a.mp4
StableDiffusion__3__b,ai_generated,1,StableDiffusion,3,b.mp4,StableDiffusion/3/b.mp4,https://huggingface.co/datasets/faridlab/deepaction_v1/resolve/main/StableDiffusion/3/b.mp4
StableDiffusion__3__c,ai_generated,1,StableDiffusion,3,c.mp4,StableDiffusion/3/c.mp4,https://huggingface.co/datasets/faridlab/deepaction_v1/resolve/main/StableDiffusion/3/c.mp4
StableDiffusion__3__d,ai_generated,1,StableDiffusion,3,d.mp4,StableDiffusion/3/d.mp4,https://huggingface.co/datasets/faridlab/deepaction_v1/resolve/main/StableDiffusion/3/d.mp4
StableDiffusion__3__e,ai_generated,1,StableDiffusion,3,e.mp4,StableDiffusion/3/e.mp4,https://huggingface.co/datasets/faridlab/deepaction_v1/resolve/main/StableDiffusion/3/e.mp4
StableDiffusion__30__a,ai_generated,1,StableDiffusion,30,a.mp4,StableDiffusion/30/a.mp4,https://huggingface.co/datasets/faridlab/deepaction_v1/resolve/main/StableDiffusion/30/a.mp4
StableDiffusion__30__b,ai_generated,1,StableDiffusion,30,b.mp4,StableDiffusion/30/b.mp4,https://huggingface.co/datasets/faridlab/deepaction_v1/resolve/main/StableDiffusion/30/b.mp4
StableDiffusion__30__c,ai_generated,1,StableDiffusion,30,c.mp4,StableDiffusion/30/c.mp4,https://huggingface.co/datasets/faridlab/deepaction_v1/resolve/main/StableDiffusion/30/c.mp4
StableDiffusion__30__d,ai_generated,1,StableDiffusion,30,d.mp4,StableDiffusion/30/d.mp4,https://huggingface.co/datasets/faridlab/deepaction_v1/resolve/main/StableDiffusion/30/d.mp4
StableDiffusion__30__e,ai_generated,1,StableDiffusion,30,e.mp4,StableDiffusion/30/e.mp4,https://huggingface.co/datasets/faridlab/deepaction_v1/resolve/main/StableDiffusion/30/e.mp4
StableDiffusion__31__a,ai_generated,1,StableDiffusion,31,a.mp4,StableDiffusion/31/a.mp4,https://huggingface.co/datasets/faridlab/deepaction_v1/resolve/main/StableDiffusion/31/a.mp4
StableDiffusion__31__b,ai_generated,1,StableDiffusion,31,b.mp4,StableDiffusion/31/b.mp4,https://huggingface.co/datasets/faridlab/deepaction_v1/resolve/main/StableDiffusion/31/b.mp4
StableDiffusion__31__c,ai_generated,1,StableDiffusion,31,c.mp4,StableDiffusion/31/c.mp4,https://huggingface.co/datasets/faridlab/deepaction_v1/resolve/main/StableDiffusion/31/c.mp4
StableDiffusion__31__d,ai_generated,1,StableDiffusion,31,d.mp4,StableDiffusion/31/d.mp4,https://huggingface.co/datasets/faridlab/deepaction_v1/resolve/main/StableDiffusion/31/d.mp4
StableDiffusion__31__e,ai_generated,1,StableDiffusion,31,e.mp4,StableDiffusion/31/e.mp4,https://huggingface.co/datasets/faridlab/deepaction_v1/resolve/main/StableDiffusion/31/e.mp4
StableDiffusion__32__a,ai_generated,1,StableDiffusion,32,a.mp4,StableDiffusion/32/a.mp4,https://huggingface.co/datasets/faridlab/deepaction_v1/resolve/main/StableDiffusion/32/a.mp4
StableDiffusion__32__b,ai_generated,1,StableDiffusion,32,b.mp4,StableDiffusion/32/b.mp4,https://huggingface.co/datasets/faridlab/deepaction_v1/resolve/main/StableDiffusion/32/b.mp4
StableDiffusion__32__c,ai_generated,1,StableDiffusion,32,c.mp4,StableDiffusion/32/c.mp4,https://huggingface.co/datasets/faridlab/deepaction_v1/resolve/main/StableDiffusion/32/c.mp4
StableDiffusion__32__d,ai_generated,1,StableDiffusion,32,d.mp4,StableDiffusion/32/d.mp4,https://huggingface.co/datasets/faridlab/deepaction_v1/resolve/main/StableDiffusion/32/d.mp4
StableDiffusion__32__e,ai_generated,1,StableDiffusion,32,e.mp4,StableDiffusion/32/e.mp4,https://huggingface.co/datasets/faridlab/deepaction_v1/resolve/main/StableDiffusion/32/e.mp4
StableDiffusion__33__a,ai_generated,1,StableDiffusion,33,a.mp4,StableDiffusion/33/a.mp4,https://huggingface.co/datasets/faridlab/deepaction_v1/resolve/main/StableDiffusion/33/a.mp4
StableDiffusion__33__b,ai_generated,1,StableDiffusion,33,b.mp4,StableDiffusion/33/b.mp4,https://huggingface.co/datasets/faridlab/deepaction_v1/resolve/main/StableDiffusion/33/b.mp4
StableDiffusion__33__c,ai_generated,1,StableDiffusion,33,c.mp4,StableDiffusion/33/c.mp4,https://huggingface.co/datasets/faridlab/deepaction_v1/resolve/main/StableDiffusion/33/c.mp4
StableDiffusion__33__d,ai_generated,1,StableDiffusion,33,d.mp4,StableDiffusion/33/d.mp4,https://huggingface.co/datasets/faridlab/deepaction_v1/resolve/main/StableDiffusion/33/d.mp4
StableDiffusion__33__e,ai_generated,1,StableDiffusion,33,e.mp4,StableDiffusion/33/e.mp4,https://huggingface.co/datasets/faridlab/deepaction_v1/resolve/main/StableDiffusion/33/e.mp4
StableDiffusion__34__a,ai_generated,1,StableDiffusion,34,a.mp4,StableDiffusion/34/a.mp4,https://huggingface.co/datasets/faridlab/deepaction_v1/resolve/main/StableDiffusion/34/a.mp4
StableDiffusion__34__b,ai_generated,1,StableDiffusion,34,b.mp4,StableDiffusion/34/b.mp4,https://huggingface.co/datasets/faridlab/deepaction_v1/resolve/main/StableDiffusion/34/b.mp4
StableDiffusion__34__c,ai_generated,1,StableDiffusion,34,c.mp4,StableDiffusion/34/c.mp4,https://huggingface.co/datasets/faridlab/deepaction_v1/resolve/main/StableDiffusion/34/c.mp4
StableDiffusion__34__d,ai_generated,1,StableDiffusion,34,d.mp4,StableDiffusion/34/d.mp4,https://huggingface.co/datasets/faridlab/deepaction_v1/resolve/main/StableDiffusion/34/d.mp4
StableDiffusion__34__e,ai_generated,1,StableDiffusion,34,e.mp4,StableDiffusion/34/e.mp4,https://huggingface.co/datasets/faridlab/deepaction_v1/resolve/main/StableDiffusion/34/e.mp4
StableDiffusion__35__a,ai_generated,1,StableDiffusion,35,a.mp4,StableDiffusion/35/a.mp4,https://huggingface.co/datasets/faridlab/deepaction_v1/resolve/main/StableDiffusion/35/a.mp4
StableDiffusion__35__b,ai_generated,1,StableDiffusion,35,b.mp4,StableDiffusion/35/b.mp4,https://huggingface.co/datasets/faridlab/deepaction_v1/resolve/main/StableDiffusion/35/b.mp4
StableDiffusion__35__c,ai_generated,1,StableDiffusion,35,c.mp4,StableDiffusion/35/c.mp4,https://huggingface.co/datasets/faridlab/deepaction_v1/resolve/main/StableDiffusion/35/c.mp4
StableDiffusion__35__d,ai_generated,1,StableDiffusion,35,d.mp4,StableDiffusion/35/d.mp4,https://huggingface.co/datasets/faridlab/deepaction_v1/resolve/main/StableDiffusion/35/d.mp4
StableDiffusion__35__e,ai_generated,1,StableDiffusion,35,e.mp4,StableDiffusion/35/e.mp4,https://huggingface.co/datasets/faridlab/deepaction_v1/resolve/main/StableDiffusion/35/e.mp4
StableDiffusion__36__a,ai_generated,1,StableDiffusion,36,a.mp4,StableDiffusion/36/a.mp4,https://huggingface.co/datasets/faridlab/deepaction_v1/resolve/main/StableDiffusion/36/a.mp4
StableDiffusion__36__b,ai_generated,1,StableDiffusion,36,b.mp4,StableDiffusion/36/b.mp4,https://huggingface.co/datasets/faridlab/deepaction_v1/resolve/main/StableDiffusion/36/b.mp4
StableDiffusion__36__c,ai_generated,1,StableDiffusion,36,c.mp4,StableDiffusion/36/c.mp4,https://huggingface.co/datasets/faridlab/deepaction_v1/resolve/main/StableDiffusion/36/c.mp4
StableDiffusion__36__d,ai_generated,1,StableDiffusion,36,d.mp4,StableDiffusion/36/d.mp4,https://huggingface.co/datasets/faridlab/deepaction_v1/resolve/main/StableDiffusion/36/d.mp4
StableDiffusion__36__e,ai_generated,1,StableDiffusion,36,e.mp4,StableDiffusion/36/e.mp4,https://huggingface.co/datasets/faridlab/deepaction_v1/resolve/main/StableDiffusion/36/e.mp4
StableDiffusion__37__a,ai_generated,1,StableDiffusion,37,a.mp4,StableDiffusion/37/a.mp4,https://huggingface.co/datasets/faridlab/deepaction_v1/resolve/main/StableDiffusion/37/a.mp4
StableDiffusion__37__b,ai_generated,1,StableDiffusion,37,b.mp4,StableDiffusion/37/b.mp4,https://huggingface.co/datasets/faridlab/deepaction_v1/resolve/main/StableDiffusion/37/b.mp4
StableDiffusion__37__c,ai_generated,1,StableDiffusion,37,c.mp4,StableDiffusion/37/c.mp4,https://huggingface.co/datasets/faridlab/deepaction_v1/resolve/main/StableDiffusion/37/c.mp4
StableDiffusion__37__d,ai_generated,1,StableDiffusion,37,d.mp4,StableDiffusion/37/d.mp4,https://huggingface.co/datasets/faridlab/deepaction_v1/resolve/main/StableDiffusion/37/d.mp4
StableDiffusion__37__e,ai_generated,1,StableDiffusion,37,e.mp4,StableDiffusion/37/e.mp4,https://huggingface.co/datasets/faridlab/deepaction_v1/resolve/main/StableDiffusion/37/e.mp4
StableDiffusion__38__a,ai_generated,1,StableDiffusion,38,a.mp4,StableDiffusion/38/a.mp4,https://huggingface.co/datasets/faridlab/deepaction_v1/resolve/main/StableDiffusion/38/a.mp4
StableDiffusion__38__b,ai_generated,1,StableDiffusion,38,b.mp4,StableDiffusion/38/b.mp4,https://huggingface.co/datasets/faridlab/deepaction_v1/resolve/main/StableDiffusion/38/b.mp4
StableDiffusion__38__c,ai_generated,1,StableDiffusion,38,c.mp4,StableDiffusion/38/c.mp4,https://huggingface.co/datasets/faridlab/deepaction_v1/resolve/main/StableDiffusion/38/c.mp4
StableDiffusion__38__d,ai_generated,1,StableDiffusion,38,d.mp4,StableDiffusion/38/d.mp4,https://huggingface.co/datasets/faridlab/deepaction_v1/resolve/main/StableDiffusion/38/d.mp4
StableDiffusion__38__e,ai_generated,1,StableDiffusion,38,e.mp4,StableDiffusion/38/e.mp4,https://huggingface.co/datasets/faridlab/deepaction_v1/resolve/main/StableDiffusion/38/e.mp4
StableDiffusion__39__a,ai_generated,1,StableDiffusion,39,a.mp4,StableDiffusion/39/a.mp4,https://huggingface.co/datasets/faridlab/deepaction_v1/resolve/main/StableDiffusion/39/a.mp4
StableDiffusion__39__b,ai_generated,1,StableDiffusion,39,b.mp4,StableDiffusion/39/b.mp4,https://huggingface.co/datasets/faridlab/deepaction_v1/resolve/main/StableDiffusion/39/b.mp4
StableDiffusion__39__c,ai_generated,1,StableDiffusion,39,c.mp4,StableDiffusion/39/c.mp4,https://huggingface.co/datasets/faridlab/deepaction_v1/resolve/main/StableDiffusion/39/c.mp4
StableDiffusion__39__d,ai_generated,1,StableDiffusion,39,d.mp4,StableDiffusion/39/d.mp4,https://huggingface.co/datasets/faridlab/deepaction_v1/resolve/main/StableDiffusion/39/d.mp4
StableDiffusion__39__e,ai_generated,1,StableDiffusion,39,e.mp4,StableDiffusion/39/e.mp4,https://huggingface.co/datasets/faridlab/deepaction_v1/resolve/main/StableDiffusion/39/e.mp4
StableDiffusion__4__a,ai_generated,1,StableDiffusion,4,a.mp4,StableDiffusion/4/a.mp4,https://huggingface.co/datasets/faridlab/deepaction_v1/resolve/main/StableDiffusion/4/a.mp4
StableDiffusion__4__b,ai_generated,1,StableDiffusion,4,b.mp4,StableDiffusion/4/b.mp4,https://huggingface.co/datasets/faridlab/deepaction_v1/resolve/main/StableDiffusion/4/b.mp4
StableDiffusion__4__c,ai_generated,1,StableDiffusion,4,c.mp4,StableDiffusion/4/c.mp4,https://huggingface.co/datasets/faridlab/deepaction_v1/resolve/main/StableDiffusion/4/c.mp4
StableDiffusion__4__d,ai_generated,1,StableDiffusion,4,d.mp4,StableDiffusion/4/d.mp4,https://huggingface.co/datasets/faridlab/deepaction_v1/resolve/main/StableDiffusion/4/d.mp4
StableDiffusion__4__e,ai_generated,1,StableDiffusion,4,e.mp4,StableDiffusion/4/e.mp4,https://huggingface.co/datasets/faridlab/deepaction_v1/resolve/main/StableDiffusion/4/e.mp4
StableDiffusion__40__a,ai_generated,1,StableDiffusion,40,a.mp4,StableDiffusion/40/a.mp4,https://huggingface.co/datasets/faridlab/deepaction_v1/resolve/main/StableDiffusion/40/a.mp4
StableDiffusion__40__b,ai_generated,1,StableDiffusion,40,b.mp4,StableDiffusion/40/b.mp4,https://huggingface.co/datasets/faridlab/deepaction_v1/resolve/main/StableDiffusion/40/b.mp4
StableDiffusion__40__c,ai_generated,1,StableDiffusion,40,c.mp4,StableDiffusion/40/c.mp4,https://huggingface.co/datasets/faridlab/deepaction_v1/resolve/main/StableDiffusion/40/c.mp4
StableDiffusion__40__d,ai_generated,1,StableDiffusion,40,d.mp4,StableDiffusion/40/d.mp4,https://huggingface.co/datasets/faridlab/deepaction_v1/resolve/main/StableDiffusion/40/d.mp4
StableDiffusion__40__e,ai_generated,1,StableDiffusion,40,e.mp4,StableDiffusion/40/e.mp4,https://huggingface.co/datasets/faridlab/deepaction_v1/resolve/main/StableDiffusion/40/e.mp4
StableDiffusion__41__a,ai_generated,1,StableDiffusion,41,a.mp4,StableDiffusion/41/a.mp4,https://huggingface.co/datasets/faridlab/deepaction_v1/resolve/main/StableDiffusion/41/a.mp4
StableDiffusion__41__b,ai_generated,1,StableDiffusion,41,b.mp4,StableDiffusion/41/b.mp4,https://huggingface.co/datasets/faridlab/deepaction_v1/resolve/main/StableDiffusion/41/b.mp4
StableDiffusion__41__c,ai_generated,1,StableDiffusion,41,c.mp4,StableDiffusion/41/c.mp4,https://huggingface.co/datasets/faridlab/deepaction_v1/resolve/main/StableDiffusion/41/c.mp4
StableDiffusion__41__d,ai_generated,1,StableDiffusion,41,d.mp4,StableDiffusion/41/d.mp4,https://huggingface.co/datasets/faridlab/deepaction_v1/resolve/main/StableDiffusion/41/d.mp4
StableDiffusion__41__e,ai_generated,1,StableDiffusion,41,e.mp4,StableDiffusion/41/e.mp4,https://huggingface.co/datasets/faridlab/deepaction_v1/resolve/main/StableDiffusion/41/e.mp4
StableDiffusion__42__a,ai_generated,1,StableDiffusion,42,a.mp4,StableDiffusion/42/a.mp4,https://huggingface.co/datasets/faridlab/deepaction_v1/resolve/main/StableDiffusion/42/a.mp4
StableDiffusion__42__b,ai_generated,1,StableDiffusion,42,b.mp4,StableDiffusion/42/b.mp4,https://huggingface.co/datasets/faridlab/deepaction_v1/resolve/main/StableDiffusion/42/b.mp4
StableDiffusion__42__c,ai_generated,1,StableDiffusion,42,c.mp4,StableDiffusion/42/c.mp4,https://huggingface.co/datasets/faridlab/deepaction_v1/resolve/main/StableDiffusion/42/c.mp4
StableDiffusion__42__d,ai_generated,1,StableDiffusion,42,d.mp4,StableDiffusion/42/d.mp4,https://huggingface.co/datasets/faridlab/deepaction_v1/resolve/main/StableDiffusion/42/d.mp4
StableDiffusion__42__e,ai_generated,1,StableDiffusion,42,e.mp4,StableDiffusion/42/e.mp4,https://huggingface.co/datasets/faridlab/deepaction_v1/resolve/main/StableDiffusion/42/e.mp4
StableDiffusion__43__a,ai_generated,1,StableDiffusion,43,a.mp4,StableDiffusion/43/a.mp4,https://huggingface.co/datasets/faridlab/deepaction_v1/resolve/main/StableDiffusion/43/a.mp4
StableDiffusion__43__b,ai_generated,1,StableDiffusion,43,b.mp4,StableDiffusion/43/b.mp4,https://huggingface.co/datasets/faridlab/deepaction_v1/resolve/main/StableDiffusion/43/b.mp4
StableDiffusion__43__c,ai_generated,1,StableDiffusion,43,c.mp4,StableDiffusion/43/c.mp4,https://huggingface.co/datasets/faridlab/deepaction_v1/resolve/main/StableDiffusion/43/c.mp4
StableDiffusion__43__d,ai_generated,1,StableDiffusion,43,d.mp4,StableDiffusion/43/d.mp4,https://huggingface.co/datasets/faridlab/deepaction_v1/resolve/main/StableDiffusion/43/d.mp4
StableDiffusion__43__e,ai_generated,1,StableDiffusion,43,e.mp4,StableDiffusion/43/e.mp4,https://huggingface.co/datasets/faridlab/deepaction_v1/resolve/main/StableDiffusion/43/e.mp4
StableDiffusion__44__a,ai_generated,1,StableDiffusion,44,a.mp4,StableDiffusion/44/a.mp4,https://huggingface.co/datasets/faridlab/deepaction_v1/resolve/main/StableDiffusion/44/a.mp4
StableDiffusion__44__b,ai_generated,1,StableDiffusion,44,b.mp4,StableDiffusion/44/b.mp4,https://huggingface.co/datasets/faridlab/deepaction_v1/resolve/main/StableDiffusion/44/b.mp4
StableDiffusion__44__c,ai_generated,1,StableDiffusion,44,c.mp4,StableDiffusion/44/c.mp4,https://huggingface.co/datasets/faridlab/deepaction_v1/resolve/main/StableDiffusion/44/c.mp4
StableDiffusion__44__d,ai_generated,1,StableDiffusion,44,d.mp4,StableDiffusion/44/d.mp4,https://huggingface.co/datasets/faridlab/deepaction_v1/resolve/main/StableDiffusion/44/d.mp4
StableDiffusion__44__e,ai_generated,1,StableDiffusion,44,e.mp4,StableDiffusion/44/e.mp4,https://huggingface.co/datasets/faridlab/deepaction_v1/resolve/main/StableDiffusion/44/e.mp4
StableDiffusion__45__a,ai_generated,1,StableDiffusion,45,a.mp4,StableDiffusion/45/a.mp4,https://huggingface.co/datasets/faridlab/deepaction_v1/resolve/main/StableDiffusion/45/a.mp4
StableDiffusion__45__b,ai_generated,1,StableDiffusion,45,b.mp4,StableDiffusion/45/b.mp4,https://huggingface.co/datasets/faridlab/deepaction_v1/resolve/main/StableDiffusion/45/b.mp4
StableDiffusion__45__c,ai_generated,1,StableDiffusion,45,c.mp4,StableDiffusion/45/c.mp4,https://huggingface.co/datasets/faridlab/deepaction_v1/resolve/main/StableDiffusion/45/c.mp4
StableDiffusion__45__d,ai_generated,1,StableDiffusion,45,d.mp4,StableDiffusion/45/d.mp4,https://huggingface.co/datasets/faridlab/deepaction_v1/resolve/main/StableDiffusion/45/d.mp4
StableDiffusion__45__e,ai_generated,1,StableDiffusion,45,e.mp4,StableDiffusion/45/e.mp4,https://huggingface.co/datasets/faridlab/deepaction_v1/resolve/main/StableDiffusion/45/e.mp4
StableDiffusion__46__a,ai_generated,1,StableDiffusion,46,a.mp4,StableDiffusion/46/a.mp4,https://huggingface.co/datasets/faridlab/deepaction_v1/resolve/main/StableDiffusion/46/a.mp4
StableDiffusion__46__b,ai_generated,1,StableDiffusion,46,b.mp4,StableDiffusion/46/b.mp4,https://huggingface.co/datasets/faridlab/deepaction_v1/resolve/main/StableDiffusion/46/b.mp4
StableDiffusion__46__c,ai_generated,1,StableDiffusion,46,c.mp4,StableDiffusion/46/c.mp4,https://huggingface.co/datasets/faridlab/deepaction_v1/resolve/main/StableDiffusion/46/c.mp4
StableDiffusion__46__d,ai_generated,1,StableDiffusion,46,d.mp4,StableDiffusion/46/d.mp4,https://huggingface.co/datasets/faridlab/deepaction_v1/resolve/main/StableDiffusion/46/d.mp4
StableDiffusion__46__e,ai_generated,1,StableDiffusion,46,e.mp4,StableDiffusion/46/e.mp4,https://huggingface.co/datasets/faridlab/deepaction_v1/resolve/main/StableDiffusion/46/e.mp4
StableDiffusion__47__a,ai_generated,1,StableDiffusion,47,a.mp4,StableDiffusion/47/a.mp4,https://huggingface.co/datasets/faridlab/deepaction_v1/resolve/main/StableDiffusion/47/a.mp4
StableDiffusion__47__b,ai_generated,1,StableDiffusion,47,b.mp4,StableDiffusion/47/b.mp4,https://huggingface.co/datasets/faridlab/deepaction_v1/resolve/main/StableDiffusion/47/b.mp4
StableDiffusion__47__c,ai_generated,1,StableDiffusion,47,c.mp4,StableDiffusion/47/c.mp4,https://huggingface.co/datasets/faridlab/deepaction_v1/resolve/main/StableDiffusion/47/c.mp4
StableDiffusion__47__d,ai_generated,1,StableDiffusion,47,d.mp4,StableDiffusion/47/d.mp4,https://huggingface.co/datasets/faridlab/deepaction_v1/resolve/main/StableDiffusion/47/d.mp4
StableDiffusion__47__e,ai_generated,1,StableDiffusion,47,e.mp4,StableDiffusion/47/e.mp4,https://huggingface.co/datasets/faridlab/deepaction_v1/resolve/main/StableDiffusion/47/e.mp4
StableDiffusion__48__a,ai_generated,1,StableDiffusion,48,a.mp4,StableDiffusion/48/a.mp4,https://huggingface.co/datasets/faridlab/deepaction_v1/resolve/main/StableDiffusion/48/a.mp4
StableDiffusion__48__b,ai_generated,1,StableDiffusion,48,b.mp4,StableDiffusion/48/b.mp4,https://huggingface.co/datasets/faridlab/deepaction_v1/resolve/main/StableDiffusion/48/b.mp4
StableDiffusion__48__c,ai_generated,1,StableDiffusion,48,c.mp4,StableDiffusion/48/c.mp4,https://huggingface.co/datasets/faridlab/deepaction_v1/resolve/main/StableDiffusion/48/c.mp4
StableDiffusion__48__d,ai_generated,1,StableDiffusion,48,d.mp4,StableDiffusion/48/d.mp4,https://huggingface.co/datasets/faridlab/deepaction_v1/resolve/main/StableDiffusion/48/d.mp4
StableDiffusion__48__e,ai_generated,1,StableDiffusion,48,e.mp4,StableDiffusion/48/e.mp4,https://huggingface.co/datasets/faridlab/deepaction_v1/resolve/main/StableDiffusion/48/e.mp4
StableDiffusion__49__a,ai_generated,1,StableDiffusion,49,a.mp4,StableDiffusion/49/a.mp4,https://huggingface.co/datasets/faridlab/deepaction_v1/resolve/main/StableDiffusion/49/a.mp4
StableDiffusion__49__b,ai_generated,1,StableDiffusion,49,b.mp4,StableDiffusion/49/b.mp4,https://huggingface.co/datasets/faridlab/deepaction_v1/resolve/main/StableDiffusion/49/b.mp4
StableDiffusion__49__c,ai_generated,1,StableDiffusion,49,c.mp4,StableDiffusion/49/c.mp4,https://huggingface.co/datasets/faridlab/deepaction_v1/resolve/main/StableDiffusion/49/c.mp4
StableDiffusion__49__d,ai_generated,1,StableDiffusion,49,d.mp4,StableDiffusion/49/d.mp4,https://huggingface.co/datasets/faridlab/deepaction_v1/resolve/main/StableDiffusion/49/d.mp4
StableDiffusion__49__e,ai_generated,1,StableDiffusion,49,e.mp4,StableDiffusion/49/e.mp4,https://huggingface.co/datasets/faridlab/deepaction_v1/resolve/main/StableDiffusion/49/e.mp4
StableDiffusion__5__a,ai_generated,1,StableDiffusion,5,a.mp4,StableDiffusion/5/a.mp4,https://huggingface.co/datasets/faridlab/deepaction_v1/resolve/main/StableDiffusion/5/a.mp4
StableDiffusion__5__b,ai_generated,1,StableDiffusion,5,b.mp4,StableDiffusion/5/b.mp4,https://huggingface.co/datasets/faridlab/deepaction_v1/resolve/main/StableDiffusion/5/b.mp4
StableDiffusion__5__c,ai_generated,1,StableDiffusion,5,c.mp4,StableDiffusion/5/c.mp4,https://huggingface.co/datasets/faridlab/deepaction_v1/resolve/main/StableDiffusion/5/c.mp4
StableDiffusion__5__d,ai_generated,1,StableDiffusion,5,d.mp4,StableDiffusion/5/d.mp4,https://huggingface.co/datasets/faridlab/deepaction_v1/resolve/main/StableDiffusion/5/d.mp4
StableDiffusion__5__e,ai_generated,1,StableDiffusion,5,e.mp4,StableDiffusion/5/e.mp4,https://huggingface.co/datasets/faridlab/deepaction_v1/resolve/main/StableDiffusion/5/e.mp4
StableDiffusion__50__a,ai_generated,1,StableDiffusion,50,a.mp4,StableDiffusion/50/a.mp4,https://huggingface.co/datasets/faridlab/deepaction_v1/resolve/main/StableDiffusion/50/a.mp4
StableDiffusion__50__b,ai_generated,1,StableDiffusion,50,b.mp4,StableDiffusion/50/b.mp4,https://huggingface.co/datasets/faridlab/deepaction_v1/resolve/main/StableDiffusion/50/b.mp4
StableDiffusion__50__c,ai_generated,1,StableDiffusion,50,c.mp4,StableDiffusion/50/c.mp4,https://huggingface.co/datasets/faridlab/deepaction_v1/resolve/main/StableDiffusion/50/c.mp4
StableDiffusion__50__d,ai_generated,1,StableDiffusion,50,d.mp4,StableDiffusion/50/d.mp4,https://huggingface.co/datasets/faridlab/deepaction_v1/resolve/main/StableDiffusion/50/d.mp4
StableDiffusion__50__e,ai_generated,1,StableDiffusion,50,e.mp4,StableDiffusion/50/e.mp4,https://huggingface.co/datasets/faridlab/deepaction_v1/resolve/main/StableDiffusion/50/e.mp4
StableDiffusion__51__a,ai_generated,1,StableDiffusion,51,a.mp4,StableDiffusion/51/a.mp4,https://huggingface.co/datasets/faridlab/deepaction_v1/resolve/main/StableDiffusion/51/a.mp4
StableDiffusion__51__b,ai_generated,1,StableDiffusion,51,b.mp4,StableDiffusion/51/b.mp4,https://huggingface.co/datasets/faridlab/deepaction_v1/resolve/main/StableDiffusion/51/b.mp4
StableDiffusion__51__c,ai_generated,1,StableDiffusion,51,c.mp4,StableDiffusion/51/c.mp4,https://huggingface.co/datasets/faridlab/deepaction_v1/resolve/main/StableDiffusion/51/c.mp4
StableDiffusion__51__d,ai_generated,1,StableDiffusion,51,d.mp4,StableDiffusion/51/d.mp4,https://huggingface.co/datasets/faridlab/deepaction_v1/resolve/main/StableDiffusion/51/d.mp4
StableDiffusion__51__e,ai_generated,1,StableDiffusion,51,e.mp4,StableDiffusion/51/e.mp4,https://huggingface.co/datasets/faridlab/deepaction_v1/resolve/main/StableDiffusion/51/e.mp4
StableDiffusion__52__a,ai_generated,1,StableDiffusion,52,a.mp4,StableDiffusion/52/a.mp4,https://huggingface.co/datasets/faridlab/deepaction_v1/resolve/main/StableDiffusion/52/a.mp4
StableDiffusion__52__b,ai_generated,1,StableDiffusion,52,b.mp4,StableDiffusion/52/b.mp4,https://huggingface.co/datasets/faridlab/deepaction_v1/resolve/main/StableDiffusion/52/b.mp4
StableDiffusion__52__c,ai_generated,1,StableDiffusion,52,c.mp4,StableDiffusion/52/c.mp4,https://huggingface.co/datasets/faridlab/deepaction_v1/resolve/main/StableDiffusion/52/c.mp4
StableDiffusion__52__d,ai_generated,1,StableDiffusion,52,d.mp4,StableDiffusion/52/d.mp4,https://huggingface.co/datasets/faridlab/deepaction_v1/resolve/main/StableDiffusion/52/d.mp4
StableDiffusion__52__e,ai_generated,1,StableDiffusion,52,e.mp4,StableDiffusion/52/e.mp4,https://huggingface.co/datasets/faridlab/deepaction_v1/resolve/main/StableDiffusion/52/e.mp4
StableDiffusion__53__a,ai_generated,1,StableDiffusion,53,a.mp4,StableDiffusion/53/a.mp4,https://huggingface.co/datasets/faridlab/deepaction_v1/resolve/main/StableDiffusion/53/a.mp4
StableDiffusion__53__b,ai_generated,1,StableDiffusion,53,b.mp4,StableDiffusion/53/b.mp4,https://huggingface.co/datasets/faridlab/deepaction_v1/resolve/main/StableDiffusion/53/b.mp4
StableDiffusion__53__c,ai_generated,1,StableDiffusion,53,c.mp4,StableDiffusion/53/c.mp4,https://huggingface.co/datasets/faridlab/deepaction_v1/resolve/main/StableDiffusion/53/c.mp4
StableDiffusion__53__d,ai_generated,1,StableDiffusion,53,d.mp4,StableDiffusion/53/d.mp4,https://huggingface.co/datasets/faridlab/deepaction_v1/resolve/main/StableDiffusion/53/d.mp4
StableDiffusion__53__e,ai_generated,1,StableDiffusion,53,e.mp4,StableDiffusion/53/e.mp4,https://huggingface.co/datasets/faridlab/deepaction_v1/resolve/main/StableDiffusion/53/e.mp4
StableDiffusion__54__a,ai_generated,1,StableDiffusion,54,a.mp4,StableDiffusion/54/a.mp4,https://huggingface.co/datasets/faridlab/deepaction_v1/resolve/main/StableDiffusion/54/a.mp4
StableDiffusion__54__b,ai_generated,1,StableDiffusion,54,b.mp4,StableDiffusion/54/b.mp4,https://huggingface.co/datasets/faridlab/deepaction_v1/resolve/main/StableDiffusion/54/b.mp4
StableDiffusion__54__c,ai_generated,1,StableDiffusion,54,c.mp4,StableDiffusion/54/c.mp4,https://huggingface.co/datasets/faridlab/deepaction_v1/resolve/main/StableDiffusion/54/c.mp4
StableDiffusion__54__d,ai_generated,1,StableDiffusion,54,d.mp4,StableDiffusion/54/d.mp4,https://huggingface.co/datasets/faridlab/deepaction_v1/resolve/main/StableDiffusion/54/d.mp4
StableDiffusion__54__e,ai_generated,1,StableDiffusion,54,e.mp4,StableDiffusion/54/e.mp4,https://huggingface.co/datasets/faridlab/deepaction_v1/resolve/main/StableDiffusion/54/e.mp4
StableDiffusion__55__a,ai_generated,1,StableDiffusion,55,a.mp4,StableDiffusion/55/a.mp4,https://huggingface.co/datasets/faridlab/deepaction_v1/resolve/main/StableDiffusion/55/a.mp4
StableDiffusion__55__b,ai_generated,1,StableDiffusion,55,b.mp4,StableDiffusion/55/b.mp4,https://huggingface.co/datasets/faridlab/deepaction_v1/resolve/main/StableDiffusion/55/b.mp4
StableDiffusion__55__c,ai_generated,1,StableDiffusion,55,c.mp4,StableDiffusion/55/c.mp4,https://huggingface.co/datasets/faridlab/deepaction_v1/resolve/main/StableDiffusion/55/c.mp4
StableDiffusion__55__d,ai_generated,1,StableDiffusion,55,d.mp4,StableDiffusion/55/d.mp4,https://huggingface.co/datasets/faridlab/deepaction_v1/resolve/main/StableDiffusion/55/d.mp4
StableDiffusion__55__e,ai_generated,1,StableDiffusion,55,e.mp4,StableDiffusion/55/e.mp4,https://huggingface.co/datasets/faridlab/deepaction_v1/resolve/main/StableDiffusion/55/e.mp4
StableDiffusion__56__a,ai_generated,1,StableDiffusion,56,a.mp4,StableDiffusion/56/a.mp4,https://huggingface.co/datasets/faridlab/deepaction_v1/resolve/main/StableDiffusion/56/a.mp4
StableDiffusion__56__b,ai_generated,1,StableDiffusion,56,b.mp4,StableDiffusion/56/b.mp4,https://huggingface.co/datasets/faridlab/deepaction_v1/resolve/main/StableDiffusion/56/b.mp4
StableDiffusion__56__c,ai_generated,1,StableDiffusion,56,c.mp4,StableDiffusion/56/c.mp4,https://huggingface.co/datasets/faridlab/deepaction_v1/resolve/main/StableDiffusion/56/c.mp4
StableDiffusion__56__d,ai_generated,1,StableDiffusion,56,d.mp4,StableDiffusion/56/d.mp4,https://huggingface.co/datasets/faridlab/deepaction_v1/resolve/main/StableDiffusion/56/d.mp4
StableDiffusion__56__e,ai_generated,1,StableDiffusion,56,e.mp4,StableDiffusion/56/e.mp4,https://huggingface.co/datasets/faridlab/deepaction_v1/resolve/main/StableDiffusion/56/e.mp4
StableDiffusion__57__a,ai_generated,1,StableDiffusion,57,a.mp4,StableDiffusion/57/a.mp4,https://huggingface.co/datasets/faridlab/deepaction_v1/resolve/main/StableDiffusion/57/a.mp4
StableDiffusion__57__b,ai_generated,1,StableDiffusion,57,b.mp4,StableDiffusion/57/b.mp4,https://huggingface.co/datasets/faridlab/deepaction_v1/resolve/main/StableDiffusion/57/b.mp4
StableDiffusion__57__c,ai_generated,1,StableDiffusion,57,c.mp4,StableDiffusion/57/c.mp4,https://huggingface.co/datasets/faridlab/deepaction_v1/resolve/main/StableDiffusion/57/c.mp4
StableDiffusion__57__d,ai_generated,1,StableDiffusion,57,d.mp4,StableDiffusion/57/d.mp4,https://huggingface.co/datasets/faridlab/deepaction_v1/resolve/main/StableDiffusion/57/d.mp4
StableDiffusion__57__e,ai_generated,1,StableDiffusion,57,e.mp4,StableDiffusion/57/e.mp4,https://huggingface.co/datasets/faridlab/deepaction_v1/resolve/main/StableDiffusion/57/e.mp4
StableDiffusion__58__a,ai_generated,1,StableDiffusion,58,a.mp4,StableDiffusion/58/a.mp4,https://huggingface.co/datasets/faridlab/deepaction_v1/resolve/main/StableDiffusion/58/a.mp4
StableDiffusion__58__b,ai_generated,1,StableDiffusion,58,b.mp4,StableDiffusion/58/b.mp4,https://huggingface.co/datasets/faridlab/deepaction_v1/resolve/main/StableDiffusion/58/b.mp4
StableDiffusion__58__c,ai_generated,1,StableDiffusion,58,c.mp4,StableDiffusion/58/c.mp4,https://huggingface.co/datasets/faridlab/deepaction_v1/resolve/main/StableDiffusion/58/c.mp4
StableDiffusion__58__d,ai_generated,1,StableDiffusion,58,d.mp4,StableDiffusion/58/d.mp4,https://huggingface.co/datasets/faridlab/deepaction_v1/resolve/main/StableDiffusion/58/d.mp4
StableDiffusion__58__e,ai_generated,1,StableDiffusion,58,e.mp4,StableDiffusion/58/e.mp4,https://huggingface.co/datasets/faridlab/deepaction_v1/resolve/main/StableDiffusion/58/e.mp4
StableDiffusion__59__a,ai_generated,1,StableDiffusion,59,a.mp4,StableDiffusion/59/a.mp4,https://huggingface.co/datasets/faridlab/deepaction_v1/resolve/main/StableDiffusion/59/a.mp4
StableDiffusion__59__b,ai_generated,1,StableDiffusion,59,b.mp4,StableDiffusion/59/b.mp4,https://huggingface.co/datasets/faridlab/deepaction_v1/resolve/main/StableDiffusion/59/b.mp4
StableDiffusion__59__c,ai_generated,1,StableDiffusion,59,c.mp4,StableDiffusion/59/c.mp4,https://huggingface.co/datasets/faridlab/deepaction_v1/resolve/main/StableDiffusion/59/c.mp4
StableDiffusion__59__d,ai_generated,1,StableDiffusion,59,d.mp4,StableDiffusion/59/d.mp4,https://huggingface.co/datasets/faridlab/deepaction_v1/resolve/main/StableDiffusion/59/d.mp4
StableDiffusion__59__e,ai_generated,1,StableDiffusion,59,e.mp4,StableDiffusion/59/e.mp4,https://huggingface.co/datasets/faridlab/deepaction_v1/resolve/main/StableDiffusion/59/e.mp4
StableDiffusion__6__a,ai_generated,1,StableDiffusion,6,a.mp4,StableDiffusion/6/a.mp4,https://huggingface.co/datasets/faridlab/deepaction_v1/resolve/main/StableDiffusion/6/a.mp4
StableDiffusion__6__b,ai_generated,1,StableDiffusion,6,b.mp4,StableDiffusion/6/b.mp4,https://huggingface.co/datasets/faridlab/deepaction_v1/resolve/main/StableDiffusion/6/b.mp4
StableDiffusion__6__c,ai_generated,1,StableDiffusion,6,c.mp4,StableDiffusion/6/c.mp4,https://huggingface.co/datasets/faridlab/deepaction_v1/resolve/main/StableDiffusion/6/c.mp4
StableDiffusion__6__d,ai_generated,1,StableDiffusion,6,d.mp4,StableDiffusion/6/d.mp4,https://huggingface.co/datasets/faridlab/deepaction_v1/resolve/main/StableDiffusion/6/d.mp4
StableDiffusion__6__e,ai_generated,1,StableDiffusion,6,e.mp4,StableDiffusion/6/e.mp4,https://huggingface.co/datasets/faridlab/deepaction_v1/resolve/main/StableDiffusion/6/e.mp4
StableDiffusion__60__a,ai_generated,1,StableDiffusion,60,a.mp4,StableDiffusion/60/a.mp4,https://huggingface.co/datasets/faridlab/deepaction_v1/resolve/main/StableDiffusion/60/a.mp4
StableDiffusion__60__b,ai_generated,1,StableDiffusion,60,b.mp4,StableDiffusion/60/b.mp4,https://huggingface.co/datasets/faridlab/deepaction_v1/resolve/main/StableDiffusion/60/b.mp4
StableDiffusion__60__c,ai_generated,1,StableDiffusion,60,c.mp4,StableDiffusion/60/c.mp4,https://huggingface.co/datasets/faridlab/deepaction_v1/resolve/main/StableDiffusion/60/c.mp4
StableDiffusion__60__d,ai_generated,1,StableDiffusion,60,d.mp4,StableDiffusion/60/d.mp4,https://huggingface.co/datasets/faridlab/deepaction_v1/resolve/main/StableDiffusion/60/d.mp4
StableDiffusion__60__e,ai_generated,1,StableDiffusion,60,e.mp4,StableDiffusion/60/e.mp4,https://huggingface.co/datasets/faridlab/deepaction_v1/resolve/main/StableDiffusion/60/e.mp4
StableDiffusion__61__a,ai_generated,1,StableDiffusion,61,a.mp4,StableDiffusion/61/a.mp4,https://huggingface.co/datasets/faridlab/deepaction_v1/resolve/main/StableDiffusion/61/a.mp4
StableDiffusion__61__b,ai_generated,1,StableDiffusion,61,b.mp4,StableDiffusion/61/b.mp4,https://huggingface.co/datasets/faridlab/deepaction_v1/resolve/main/StableDiffusion/61/b.mp4
StableDiffusion__61__c,ai_generated,1,StableDiffusion,61,c.mp4,StableDiffusion/61/c.mp4,https://huggingface.co/datasets/faridlab/deepaction_v1/resolve/main/StableDiffusion/61/c.mp4
StableDiffusion__61__d,ai_generated,1,StableDiffusion,61,d.mp4,StableDiffusion/61/d.mp4,https://huggingface.co/datasets/faridlab/deepaction_v1/resolve/main/StableDiffusion/61/d.mp4
StableDiffusion__61__e,ai_generated,1,StableDiffusion,61,e.mp4,StableDiffusion/61/e.mp4,https://huggingface.co/datasets/faridlab/deepaction_v1/resolve/main/StableDiffusion/61/e.mp4
StableDiffusion__62__a,ai_generated,1,StableDiffusion,62,a.mp4,StableDiffusion/62/a.mp4,https://huggingface.co/datasets/faridlab/deepaction_v1/resolve/main/StableDiffusion/62/a.mp4
StableDiffusion__62__b,ai_generated,1,StableDiffusion,62,b.mp4,StableDiffusion/62/b.mp4,https://huggingface.co/datasets/faridlab/deepaction_v1/resolve/main/StableDiffusion/62/b.mp4
StableDiffusion__62__c,ai_generated,1,StableDiffusion,62,c.mp4,StableDiffusion/62/c.mp4,https://huggingface.co/datasets/faridlab/deepaction_v1/resolve/main/StableDiffusion/62/c.mp4
StableDiffusion__62__d,ai_generated,1,StableDiffusion,62,d.mp4,StableDiffusion/62/d.mp4,https://huggingface.co/datasets/faridlab/deepaction_v1/resolve/main/StableDiffusion/62/d.mp4
StableDiffusion__62__e,ai_generated,1,StableDiffusion,62,e.mp4,StableDiffusion/62/e.mp4,https://huggingface.co/datasets/faridlab/deepaction_v1/resolve/main/StableDiffusion/62/e.mp4
StableDiffusion__63__a,ai_generated,1,StableDiffusion,63,a.mp4,StableDiffusion/63/a.mp4,https://huggingface.co/datasets/faridlab/deepaction_v1/resolve/main/StableDiffusion/63/a.mp4
StableDiffusion__63__b,ai_generated,1,StableDiffusion,63,b.mp4,StableDiffusion/63/b.mp4,https://huggingface.co/datasets/faridlab/deepaction_v1/resolve/main/StableDiffusion/63/b.mp4
StableDiffusion__63__c,ai_generated,1,StableDiffusion,63,c.mp4,StableDiffusion/63/c.mp4,https://huggingface.co/datasets/faridlab/deepaction_v1/resolve/main/StableDiffusion/63/c.mp4
StableDiffusion__63__d,ai_generated,1,StableDiffusion,63,d.mp4,StableDiffusion/63/d.mp4,https://huggingface.co/datasets/faridlab/deepaction_v1/resolve/main/StableDiffusion/63/d.mp4
StableDiffusion__63__e,ai_generated,1,StableDiffusion,63,e.mp4,StableDiffusion/63/e.mp4,https://huggingface.co/datasets/faridlab/deepaction_v1/resolve/main/StableDiffusion/63/e.mp4
StableDiffusion__64__a,ai_generated,1,StableDiffusion,64,a.mp4,StableDiffusion/64/a.mp4,https://huggingface.co/datasets/faridlab/deepaction_v1/resolve/main/StableDiffusion/64/a.mp4
StableDiffusion__64__b,ai_generated,1,StableDiffusion,64,b.mp4,StableDiffusion/64/b.mp4,https://huggingface.co/datasets/faridlab/deepaction_v1/resolve/main/StableDiffusion/64/b.mp4
StableDiffusion__64__c,ai_generated,1,StableDiffusion,64,c.mp4,StableDiffusion/64/c.mp4,https://huggingface.co/datasets/faridlab/deepaction_v1/resolve/main/StableDiffusion/64/c.mp4
StableDiffusion__64__d,ai_generated,1,StableDiffusion,64,d.mp4,StableDiffusion/64/d.mp4,https://huggingface.co/datasets/faridlab/deepaction_v1/resolve/main/StableDiffusion/64/d.mp4
StableDiffusion__64__e,ai_generated,1,StableDiffusion,64,e.mp4,StableDiffusion/64/e.mp4,https://huggingface.co/datasets/faridlab/deepaction_v1/resolve/main/StableDiffusion/64/e.mp4
StableDiffusion__65__a,ai_generated,1,StableDiffusion,65,a.mp4,StableDiffusion/65/a.mp4,https://huggingface.co/datasets/faridlab/deepaction_v1/resolve/main/StableDiffusion/65/a.mp4
StableDiffusion__65__b,ai_generated,1,StableDiffusion,65,b.mp4,StableDiffusion/65/b.mp4,https://huggingface.co/datasets/faridlab/deepaction_v1/resolve/main/StableDiffusion/65/b.mp4
StableDiffusion__65__c,ai_generated,1,StableDiffusion,65,c.mp4,StableDiffusion/65/c.mp4,https://huggingface.co/datasets/faridlab/deepaction_v1/resolve/main/StableDiffusion/65/c.mp4
StableDiffusion__65__d,ai_generated,1,StableDiffusion,65,d.mp4,StableDiffusion/65/d.mp4,https://huggingface.co/datasets/faridlab/deepaction_v1/resolve/main/StableDiffusion/65/d.mp4
StableDiffusion__65__e,ai_generated,1,StableDiffusion,65,e.mp4,StableDiffusion/65/e.mp4,https://huggingface.co/datasets/faridlab/deepaction_v1/resolve/main/StableDiffusion/65/e.mp4
StableDiffusion__66__a,ai_generated,1,StableDiffusion,66,a.mp4,StableDiffusion/66/a.mp4,https://huggingface.co/datasets/faridlab/deepaction_v1/resolve/main/StableDiffusion/66/a.mp4
StableDiffusion__66__b,ai_generated,1,StableDiffusion,66,b.mp4,StableDiffusion/66/b.mp4,https://huggingface.co/datasets/faridlab/deepaction_v1/resolve/main/StableDiffusion/66/b.mp4
StableDiffusion__66__c,ai_generated,1,StableDiffusion,66,c.mp4,StableDiffusion/66/c.mp4,https://huggingface.co/datasets/faridlab/deepaction_v1/resolve/main/StableDiffusion/66/c.mp4
StableDiffusion__66__d,ai_generated,1,StableDiffusion,66,d.mp4,StableDiffusion/66/d.mp4,https://huggingface.co/datasets/faridlab/deepaction_v1/resolve/main/StableDiffusion/66/d.mp4
StableDiffusion__66__e,ai_generated,1,StableDiffusion,66,e.mp4,StableDiffusion/66/e.mp4,https://huggingface.co/datasets/faridlab/deepaction_v1/resolve/main/StableDiffusion/66/e.mp4
StableDiffusion__67__a,ai_generated,1,StableDiffusion,67,a.mp4,StableDiffusion/67/a.mp4,https://huggingface.co/datasets/faridlab/deepaction_v1/resolve/main/StableDiffusion/67/a.mp4
StableDiffusion__67__b,ai_generated,1,StableDiffusion,67,b.mp4,StableDiffusion/67/b.mp4,https://huggingface.co/datasets/faridlab/deepaction_v1/resolve/main/StableDiffusion/67/b.mp4
StableDiffusion__67__c,ai_generated,1,StableDiffusion,67,c.mp4,StableDiffusion/67/c.mp4,https://huggingface.co/datasets/faridlab/deepaction_v1/resolve/main/StableDiffusion/67/c.mp4
StableDiffusion__67__d,ai_generated,1,StableDiffusion,67,d.mp4,StableDiffusion/67/d.mp4,https://huggingface.co/datasets/faridlab/deepaction_v1/resolve/main/StableDiffusion/67/d.mp4
StableDiffusion__67__e,ai_generated,1,StableDiffusion,67,e.mp4,StableDiffusion/67/e.mp4,https://huggingface.co/datasets/faridlab/deepaction_v1/resolve/main/StableDiffusion/67/e.mp4
StableDiffusion__68__a,ai_generated,1,StableDiffusion,68,a.mp4,StableDiffusion/68/a.mp4,https://huggingface.co/datasets/faridlab/deepaction_v1/resolve/main/StableDiffusion/68/a.mp4
StableDiffusion__68__b,ai_generated,1,StableDiffusion,68,b.mp4,StableDiffusion/68/b.mp4,https://huggingface.co/datasets/faridlab/deepaction_v1/resolve/main/StableDiffusion/68/b.mp4
StableDiffusion__68__c,ai_generated,1,StableDiffusion,68,c.mp4,StableDiffusion/68/c.mp4,https://huggingface.co/datasets/faridlab/deepaction_v1/resolve/main/StableDiffusion/68/c.mp4
StableDiffusion__68__d,ai_generated,1,StableDiffusion,68,d.mp4,StableDiffusion/68/d.mp4,https://huggingface.co/datasets/faridlab/deepaction_v1/resolve/main/StableDiffusion/68/d.mp4
StableDiffusion__68__e,ai_generated,1,StableDiffusion,68,e.mp4,StableDiffusion/68/e.mp4,https://huggingface.co/datasets/faridlab/deepaction_v1/resolve/main/StableDiffusion/68/e.mp4
StableDiffusion__69__a,ai_generated,1,StableDiffusion,69,a.mp4,StableDiffusion/69/a.mp4,https://huggingface.co/datasets/faridlab/deepaction_v1/resolve/main/StableDiffusion/69/a.mp4
StableDiffusion__69__b,ai_generated,1,StableDiffusion,69,b.mp4,StableDiffusion/69/b.mp4,https://huggingface.co/datasets/faridlab/deepaction_v1/resolve/main/StableDiffusion/69/b.mp4
StableDiffusion__69__c,ai_generated,1,StableDiffusion,69,c.mp4,StableDiffusion/69/c.mp4,https://huggingface.co/datasets/faridlab/deepaction_v1/resolve/main/StableDiffusion/69/c.mp4
StableDiffusion__69__d,ai_generated,1,StableDiffusion,69,d.mp4,StableDiffusion/69/d.mp4,https://huggingface.co/datasets/faridlab/deepaction_v1/resolve/main/StableDiffusion/69/d.mp4
StableDiffusion__69__e,ai_generated,1,StableDiffusion,69,e.mp4,StableDiffusion/69/e.mp4,https://huggingface.co/datasets/faridlab/deepaction_v1/resolve/main/StableDiffusion/69/e.mp4
StableDiffusion__7__a,ai_generated,1,StableDiffusion,7,a.mp4,StableDiffusion/7/a.mp4,https://huggingface.co/datasets/faridlab/deepaction_v1/resolve/main/StableDiffusion/7/a.mp4
StableDiffusion__7__b,ai_generated,1,StableDiffusion,7,b.mp4,StableDiffusion/7/b.mp4,https://huggingface.co/datasets/faridlab/deepaction_v1/resolve/main/StableDiffusion/7/b.mp4
StableDiffusion__7__c,ai_generated,1,StableDiffusion,7,c.mp4,StableDiffusion/7/c.mp4,https://huggingface.co/datasets/faridlab/deepaction_v1/resolve/main/StableDiffusion/7/c.mp4
StableDiffusion__7__d,ai_generated,1,StableDiffusion,7,d.mp4,StableDiffusion/7/d.mp4,https://huggingface.co/datasets/faridlab/deepaction_v1/resolve/main/StableDiffusion/7/d.mp4
StableDiffusion__7__e,ai_generated,1,StableDiffusion,7,e.mp4,StableDiffusion/7/e.mp4,https://huggingface.co/datasets/faridlab/deepaction_v1/resolve/main/StableDiffusion/7/e.mp4
StableDiffusion__70__a,ai_generated,1,StableDiffusion,70,a.mp4,StableDiffusion/70/a.mp4,https://huggingface.co/datasets/faridlab/deepaction_v1/resolve/main/StableDiffusion/70/a.mp4
StableDiffusion__70__b,ai_generated,1,StableDiffusion,70,b.mp4,StableDiffusion/70/b.mp4,https://huggingface.co/datasets/faridlab/deepaction_v1/resolve/main/StableDiffusion/70/b.mp4
StableDiffusion__70__c,ai_generated,1,StableDiffusion,70,c.mp4,StableDiffusion/70/c.mp4,https://huggingface.co/datasets/faridlab/deepaction_v1/resolve/main/StableDiffusion/70/c.mp4
StableDiffusion__70__d,ai_generated,1,StableDiffusion,70,d.mp4,StableDiffusion/70/d.mp4,https://huggingface.co/datasets/faridlab/deepaction_v1/resolve/main/StableDiffusion/70/d.mp4
StableDiffusion__70__e,ai_generated,1,StableDiffusion,70,e.mp4,StableDiffusion/70/e.mp4,https://huggingface.co/datasets/faridlab/deepaction_v1/resolve/main/StableDiffusion/70/e.mp4
StableDiffusion__71__a,ai_generated,1,StableDiffusion,71,a.mp4,StableDiffusion/71/a.mp4,https://huggingface.co/datasets/faridlab/deepaction_v1/resolve/main/StableDiffusion/71/a.mp4
StableDiffusion__71__b,ai_generated,1,StableDiffusion,71,b.mp4,StableDiffusion/71/b.mp4,https://huggingface.co/datasets/faridlab/deepaction_v1/resolve/main/StableDiffusion/71/b.mp4
StableDiffusion__71__c,ai_generated,1,StableDiffusion,71,c.mp4,StableDiffusion/71/c.mp4,https://huggingface.co/datasets/faridlab/deepaction_v1/resolve/main/StableDiffusion/71/c.mp4
StableDiffusion__71__d,ai_generated,1,StableDiffusion,71,d.mp4,StableDiffusion/71/d.mp4,https://huggingface.co/datasets/faridlab/deepaction_v1/resolve/main/StableDiffusion/71/d.mp4
StableDiffusion__71__e,ai_generated,1,StableDiffusion,71,e.mp4,StableDiffusion/71/e.mp4,https://huggingface.co/datasets/faridlab/deepaction_v1/resolve/main/StableDiffusion/71/e.mp4
StableDiffusion__72__a,ai_generated,1,StableDiffusion,72,a.mp4,StableDiffusion/72/a.mp4,https://huggingface.co/datasets/faridlab/deepaction_v1/resolve/main/StableDiffusion/72/a.mp4
StableDiffusion__72__b,ai_generated,1,StableDiffusion,72,b.mp4,StableDiffusion/72/b.mp4,https://huggingface.co/datasets/faridlab/deepaction_v1/resolve/main/StableDiffusion/72/b.mp4
StableDiffusion__72__c,ai_generated,1,StableDiffusion,72,c.mp4,StableDiffusion/72/c.mp4,https://huggingface.co/datasets/faridlab/deepaction_v1/resolve/main/StableDiffusion/72/c.mp4
StableDiffusion__72__d,ai_generated,1,StableDiffusion,72,d.mp4,StableDiffusion/72/d.mp4,https://huggingface.co/datasets/faridlab/deepaction_v1/resolve/main/StableDiffusion/72/d.mp4
StableDiffusion__72__e,ai_generated,1,StableDiffusion,72,e.mp4,StableDiffusion/72/e.mp4,https://huggingface.co/datasets/faridlab/deepaction_v1/resolve/main/StableDiffusion/72/e.mp4
StableDiffusion__73__a,ai_generated,1,StableDiffusion,73,a.mp4,StableDiffusion/73/a.mp4,https://huggingface.co/datasets/faridlab/deepaction_v1/resolve/main/StableDiffusion/73/a.mp4
StableDiffusion__73__b,ai_generated,1,StableDiffusion,73,b.mp4,StableDiffusion/73/b.mp4,https://huggingface.co/datasets/faridlab/deepaction_v1/resolve/main/StableDiffusion/73/b.mp4
StableDiffusion__73__c,ai_generated,1,StableDiffusion,73,c.mp4,StableDiffusion/73/c.mp4,https://huggingface.co/datasets/faridlab/deepaction_v1/resolve/main/StableDiffusion/73/c.mp4
StableDiffusion__73__d,ai_generated,1,StableDiffusion,73,d.mp4,StableDiffusion/73/d.mp4,https://huggingface.co/datasets/faridlab/deepaction_v1/resolve/main/StableDiffusion/73/d.mp4
StableDiffusion__73__e,ai_generated,1,StableDiffusion,73,e.mp4,StableDiffusion/73/e.mp4,https://huggingface.co/datasets/faridlab/deepaction_v1/resolve/main/StableDiffusion/73/e.mp4
StableDiffusion__74__a,ai_generated,1,StableDiffusion,74,a.mp4,StableDiffusion/74/a.mp4,https://huggingface.co/datasets/faridlab/deepaction_v1/resolve/main/StableDiffusion/74/a.mp4
StableDiffusion__74__b,ai_generated,1,StableDiffusion,74,b.mp4,StableDiffusion/74/b.mp4,https://huggingface.co/datasets/faridlab/deepaction_v1/resolve/main/StableDiffusion/74/b.mp4
StableDiffusion__74__c,ai_generated,1,StableDiffusion,74,c.mp4,StableDiffusion/74/c.mp4,https://huggingface.co/datasets/faridlab/deepaction_v1/resolve/main/StableDiffusion/74/c.mp4
StableDiffusion__74__d,ai_generated,1,StableDiffusion,74,d.mp4,StableDiffusion/74/d.mp4,https://huggingface.co/datasets/faridlab/deepaction_v1/resolve/main/StableDiffusion/74/d.mp4
StableDiffusion__74__e,ai_generated,1,StableDiffusion,74,e.mp4,StableDiffusion/74/e.mp4,https://huggingface.co/datasets/faridlab/deepaction_v1/resolve/main/StableDiffusion/74/e.mp4
StableDiffusion__75__a,ai_generated,1,StableDiffusion,75,a.mp4,StableDiffusion/75/a.mp4,https://huggingface.co/datasets/faridlab/deepaction_v1/resolve/main/StableDiffusion/75/a.mp4
StableDiffusion__75__b,ai_generated,1,StableDiffusion,75,b.mp4,StableDiffusion/75/b.mp4,https://huggingface.co/datasets/faridlab/deepaction_v1/resolve/main/StableDiffusion/75/b.mp4
StableDiffusion__75__c,ai_generated,1,StableDiffusion,75,c.mp4,StableDiffusion/75/c.mp4,https://huggingface.co/datasets/faridlab/deepaction_v1/resolve/main/StableDiffusion/75/c.mp4
StableDiffusion__75__d,ai_generated,1,StableDiffusion,75,d.mp4,StableDiffusion/75/d.mp4,https://huggingface.co/datasets/faridlab/deepaction_v1/resolve/main/StableDiffusion/75/d.mp4
StableDiffusion__75__e,ai_generated,1,StableDiffusion,75,e.mp4,StableDiffusion/75/e.mp4,https://huggingface.co/datasets/faridlab/deepaction_v1/resolve/main/StableDiffusion/75/e.mp4
StableDiffusion__76__a,ai_generated,1,StableDiffusion,76,a.mp4,StableDiffusion/76/a.mp4,https://huggingface.co/datasets/faridlab/deepaction_v1/resolve/main/StableDiffusion/76/a.mp4
StableDiffusion__76__b,ai_generated,1,StableDiffusion,76,b.mp4,StableDiffusion/76/b.mp4,https://huggingface.co/datasets/faridlab/deepaction_v1/resolve/main/StableDiffusion/76/b.mp4
StableDiffusion__76__c,ai_generated,1,StableDiffusion,76,c.mp4,StableDiffusion/76/c.mp4,https://huggingface.co/datasets/faridlab/deepaction_v1/resolve/main/StableDiffusion/76/c.mp4
StableDiffusion__76__d,ai_generated,1,StableDiffusion,76,d.mp4,StableDiffusion/76/d.mp4,https://huggingface.co/datasets/faridlab/deepaction_v1/resolve/main/StableDiffusion/76/d.mp4
StableDiffusion__76__e,ai_generated,1,StableDiffusion,76,e.mp4,StableDiffusion/76/e.mp4,https://huggingface.co/datasets/faridlab/deepaction_v1/resolve/main/StableDiffusion/76/e.mp4
StableDiffusion__77__a,ai_generated,1,StableDiffusion,77,a.mp4,StableDiffusion/77/a.mp4,https://huggingface.co/datasets/faridlab/deepaction_v1/resolve/main/StableDiffusion/77/a.mp4
StableDiffusion__77__b,ai_generated,1,StableDiffusion,77,b.mp4,StableDiffusion/77/b.mp4,https://huggingface.co/datasets/faridlab/deepaction_v1/resolve/main/StableDiffusion/77/b.mp4
StableDiffusion__77__c,ai_generated,1,StableDiffusion,77,c.mp4,StableDiffusion/77/c.mp4,https://huggingface.co/datasets/faridlab/deepaction_v1/resolve/main/StableDiffusion/77/c.mp4
StableDiffusion__77__d,ai_generated,1,StableDiffusion,77,d.mp4,StableDiffusion/77/d.mp4,https://huggingface.co/datasets/faridlab/deepaction_v1/resolve/main/StableDiffusion/77/d.mp4
StableDiffusion__77__e,ai_generated,1,StableDiffusion,77,e.mp4,StableDiffusion/77/e.mp4,https://huggingface.co/datasets/faridlab/deepaction_v1/resolve/main/StableDiffusion/77/e.mp4
StableDiffusion__78__a,ai_generated,1,StableDiffusion,78,a.mp4,StableDiffusion/78/a.mp4,https://huggingface.co/datasets/faridlab/deepaction_v1/resolve/main/StableDiffusion/78/a.mp4
StableDiffusion__78__b,ai_generated,1,StableDiffusion,78,b.mp4,StableDiffusion/78/b.mp4,https://huggingface.co/datasets/faridlab/deepaction_v1/resolve/main/StableDiffusion/78/b.mp4
StableDiffusion__78__c,ai_generated,1,StableDiffusion,78,c.mp4,StableDiffusion/78/c.mp4,https://huggingface.co/datasets/faridlab/deepaction_v1/resolve/main/StableDiffusion/78/c.mp4
StableDiffusion__78__d,ai_generated,1,StableDiffusion,78,d.mp4,StableDiffusion/78/d.mp4,https://huggingface.co/datasets/faridlab/deepaction_v1/resolve/main/StableDiffusion/78/d.mp4
StableDiffusion__78__e,ai_generated,1,StableDiffusion,78,e.mp4,StableDiffusion/78/e.mp4,https://huggingface.co/datasets/faridlab/deepaction_v1/resolve/main/StableDiffusion/78/e.mp4
StableDiffusion__79__a,ai_generated,1,StableDiffusion,79,a.mp4,StableDiffusion/79/a.mp4,https://huggingface.co/datasets/faridlab/deepaction_v1/resolve/main/StableDiffusion/79/a.mp4
StableDiffusion__79__b,ai_generated,1,StableDiffusion,79,b.mp4,StableDiffusion/79/b.mp4,https://huggingface.co/datasets/faridlab/deepaction_v1/resolve/main/StableDiffusion/79/b.mp4
StableDiffusion__79__c,ai_generated,1,StableDiffusion,79,c.mp4,StableDiffusion/79/c.mp4,https://huggingface.co/datasets/faridlab/deepaction_v1/resolve/main/StableDiffusion/79/c.mp4
StableDiffusion__79__d,ai_generated,1,StableDiffusion,79,d.mp4,StableDiffusion/79/d.mp4,https://huggingface.co/datasets/faridlab/deepaction_v1/resolve/main/StableDiffusion/79/d.mp4
StableDiffusion__79__e,ai_generated,1,StableDiffusion,79,e.mp4,StableDiffusion/79/e.mp4,https://huggingface.co/datasets/faridlab/deepaction_v1/resolve/main/StableDiffusion/79/e.mp4
StableDiffusion__8__a,ai_generated,1,StableDiffusion,8,a.mp4,StableDiffusion/8/a.mp4,https://huggingface.co/datasets/faridlab/deepaction_v1/resolve/main/StableDiffusion/8/a.mp4
StableDiffusion__8__b,ai_generated,1,StableDiffusion,8,b.mp4,StableDiffusion/8/b.mp4,https://huggingface.co/datasets/faridlab/deepaction_v1/resolve/main/StableDiffusion/8/b.mp4
StableDiffusion__8__c,ai_generated,1,StableDiffusion,8,c.mp4,StableDiffusion/8/c.mp4,https://huggingface.co/datasets/faridlab/deepaction_v1/resolve/main/StableDiffusion/8/c.mp4
StableDiffusion__8__d,ai_generated,1,StableDiffusion,8,d.mp4,StableDiffusion/8/d.mp4,https://huggingface.co/datasets/faridlab/deepaction_v1/resolve/main/StableDiffusion/8/d.mp4
StableDiffusion__8__e,ai_generated,1,StableDiffusion,8,e.mp4,StableDiffusion/8/e.mp4,https://huggingface.co/datasets/faridlab/deepaction_v1/resolve/main/StableDiffusion/8/e.mp4
StableDiffusion__80__a,ai_generated,1,StableDiffusion,80,a.mp4,StableDiffusion/80/a.mp4,https://huggingface.co/datasets/faridlab/deepaction_v1/resolve/main/StableDiffusion/80/a.mp4
StableDiffusion__80__b,ai_generated,1,StableDiffusion,80,b.mp4,StableDiffusion/80/b.mp4,https://huggingface.co/datasets/faridlab/deepaction_v1/resolve/main/StableDiffusion/80/b.mp4
StableDiffusion__80__c,ai_generated,1,StableDiffusion,80,c.mp4,StableDiffusion/80/c.mp4,https://huggingface.co/datasets/faridlab/deepaction_v1/resolve/main/StableDiffusion/80/c.mp4
StableDiffusion__80__d,ai_generated,1,StableDiffusion,80,d.mp4,StableDiffusion/80/d.mp4,https://huggingface.co/datasets/faridlab/deepaction_v1/resolve/main/StableDiffusion/80/d.mp4
StableDiffusion__80__e,ai_generated,1,StableDiffusion,80,e.mp4,StableDiffusion/80/e.mp4,https://huggingface.co/datasets/faridlab/deepaction_v1/resolve/main/StableDiffusion/80/e.mp4
StableDiffusion__81__a,ai_generated,1,StableDiffusion,81,a.mp4,StableDiffusion/81/a.mp4,https://huggingface.co/datasets/faridlab/deepaction_v1/resolve/main/StableDiffusion/81/a.mp4
StableDiffusion__81__b,ai_generated,1,StableDiffusion,81,b.mp4,StableDiffusion/81/b.mp4,https://huggingface.co/datasets/faridlab/deepaction_v1/resolve/main/StableDiffusion/81/b.mp4
StableDiffusion__81__c,ai_generated,1,StableDiffusion,81,c.mp4,StableDiffusion/81/c.mp4,https://huggingface.co/datasets/faridlab/deepaction_v1/resolve/main/StableDiffusion/81/c.mp4
StableDiffusion__81__d,ai_generated,1,StableDiffusion,81,d.mp4,StableDiffusion/81/d.mp4,https://huggingface.co/datasets/faridlab/deepaction_v1/resolve/main/StableDiffusion/81/d.mp4
StableDiffusion__81__e,ai_generated,1,StableDiffusion,81,e.mp4,StableDiffusion/81/e.mp4,https://huggingface.co/datasets/faridlab/deepaction_v1/resolve/main/StableDiffusion/81/e.mp4
StableDiffusion__82__a,ai_generated,1,StableDiffusion,82,a.mp4,StableDiffusion/82/a.mp4,https://huggingface.co/datasets/faridlab/deepaction_v1/resolve/main/StableDiffusion/82/a.mp4
StableDiffusion__82__b,ai_generated,1,StableDiffusion,82,b.mp4,StableDiffusion/82/b.mp4,https://huggingface.co/datasets/faridlab/deepaction_v1/resolve/main/StableDiffusion/82/b.mp4
StableDiffusion__82__c,ai_generated,1,StableDiffusion,82,c.mp4,StableDiffusion/82/c.mp4,https://huggingface.co/datasets/faridlab/deepaction_v1/resolve/main/StableDiffusion/82/c.mp4
StableDiffusion__82__d,ai_generated,1,StableDiffusion,82,d.mp4,StableDiffusion/82/d.mp4,https://huggingface.co/datasets/faridlab/deepaction_v1/resolve/main/StableDiffusion/82/d.mp4
StableDiffusion__82__e,ai_generated,1,StableDiffusion,82,e.mp4,StableDiffusion/82/e.mp4,https://huggingface.co/datasets/faridlab/deepaction_v1/resolve/main/StableDiffusion/82/e.mp4
StableDiffusion__83__a,ai_generated,1,StableDiffusion,83,a.mp4,StableDiffusion/83/a.mp4,https://huggingface.co/datasets/faridlab/deepaction_v1/resolve/main/StableDiffusion/83/a.mp4
StableDiffusion__83__b,ai_generated,1,StableDiffusion,83,b.mp4,StableDiffusion/83/b.mp4,https://huggingface.co/datasets/faridlab/deepaction_v1/resolve/main/StableDiffusion/83/b.mp4
StableDiffusion__83__c,ai_generated,1,StableDiffusion,83,c.mp4,StableDiffusion/83/c.mp4,https://huggingface.co/datasets/faridlab/deepaction_v1/resolve/main/StableDiffusion/83/c.mp4
StableDiffusion__83__d,ai_generated,1,StableDiffusion,83,d.mp4,StableDiffusion/83/d.mp4,https://huggingface.co/datasets/faridlab/deepaction_v1/resolve/main/StableDiffusion/83/d.mp4
StableDiffusion__83__e,ai_generated,1,StableDiffusion,83,e.mp4,StableDiffusion/83/e.mp4,https://huggingface.co/datasets/faridlab/deepaction_v1/resolve/main/StableDiffusion/83/e.mp4
StableDiffusion__84__a,ai_generated,1,StableDiffusion,84,a.mp4,StableDiffusion/84/a.mp4,https://huggingface.co/datasets/faridlab/deepaction_v1/resolve/main/StableDiffusion/84/a.mp4
StableDiffusion__84__b,ai_generated,1,StableDiffusion,84,b.mp4,StableDiffusion/84/b.mp4,https://huggingface.co/datasets/faridlab/deepaction_v1/resolve/main/StableDiffusion/84/b.mp4
StableDiffusion__84__c,ai_generated,1,StableDiffusion,84,c.mp4,StableDiffusion/84/c.mp4,https://huggingface.co/datasets/faridlab/deepaction_v1/resolve/main/StableDiffusion/84/c.mp4
StableDiffusion__84__d,ai_generated,1,StableDiffusion,84,d.mp4,StableDiffusion/84/d.mp4,https://huggingface.co/datasets/faridlab/deepaction_v1/resolve/main/StableDiffusion/84/d.mp4
StableDiffusion__84__e,ai_generated,1,StableDiffusion,84,e.mp4,StableDiffusion/84/e.mp4,https://huggingface.co/datasets/faridlab/deepaction_v1/resolve/main/StableDiffusion/84/e.mp4
StableDiffusion__85__a,ai_generated,1,StableDiffusion,85,a.mp4,StableDiffusion/85/a.mp4,https://huggingface.co/datasets/faridlab/deepaction_v1/resolve/main/StableDiffusion/85/a.mp4
StableDiffusion__85__b,ai_generated,1,StableDiffusion,85,b.mp4,StableDiffusion/85/b.mp4,https://huggingface.co/datasets/faridlab/deepaction_v1/resolve/main/StableDiffusion/85/b.mp4
StableDiffusion__85__c,ai_generated,1,StableDiffusion,85,c.mp4,StableDiffusion/85/c.mp4,https://huggingface.co/datasets/faridlab/deepaction_v1/resolve/main/StableDiffusion/85/c.mp4
StableDiffusion__85__d,ai_generated,1,StableDiffusion,85,d.mp4,StableDiffusion/85/d.mp4,https://huggingface.co/datasets/faridlab/deepaction_v1/resolve/main/StableDiffusion/85/d.mp4
StableDiffusion__85__e,ai_generated,1,StableDiffusion,85,e.mp4,StableDiffusion/85/e.mp4,https://huggingface.co/datasets/faridlab/deepaction_v1/resolve/main/StableDiffusion/85/e.mp4
StableDiffusion__86__a,ai_generated,1,StableDiffusion,86,a.mp4,StableDiffusion/86/a.mp4,https://huggingface.co/datasets/faridlab/deepaction_v1/resolve/main/StableDiffusion/86/a.mp4
StableDiffusion__86__b,ai_generated,1,StableDiffusion,86,b.mp4,StableDiffusion/86/b.mp4,https://huggingface.co/datasets/faridlab/deepaction_v1/resolve/main/StableDiffusion/86/b.mp4
StableDiffusion__86__c,ai_generated,1,StableDiffusion,86,c.mp4,StableDiffusion/86/c.mp4,https://huggingface.co/datasets/faridlab/deepaction_v1/resolve/main/StableDiffusion/86/c.mp4
StableDiffusion__86__d,ai_generated,1,StableDiffusion,86,d.mp4,StableDiffusion/86/d.mp4,https://huggingface.co/datasets/faridlab/deepaction_v1/resolve/main/StableDiffusion/86/d.mp4
StableDiffusion__86__e,ai_generated,1,StableDiffusion,86,e.mp4,StableDiffusion/86/e.mp4,https://huggingface.co/datasets/faridlab/deepaction_v1/resolve/main/StableDiffusion/86/e.mp4
StableDiffusion__87__a,ai_generated,1,StableDiffusion,87,a.mp4,StableDiffusion/87/a.mp4,https://huggingface.co/datasets/faridlab/deepaction_v1/resolve/main/StableDiffusion/87/a.mp4
StableDiffusion__87__b,ai_generated,1,StableDiffusion,87,b.mp4,StableDiffusion/87/b.mp4,https://huggingface.co/datasets/faridlab/deepaction_v1/resolve/main/StableDiffusion/87/b.mp4
StableDiffusion__87__c,ai_generated,1,StableDiffusion,87,c.mp4,StableDiffusion/87/c.mp4,https://huggingface.co/datasets/faridlab/deepaction_v1/resolve/main/StableDiffusion/87/c.mp4
StableDiffusion__87__d,ai_generated,1,StableDiffusion,87,d.mp4,StableDiffusion/87/d.mp4,https://huggingface.co/datasets/faridlab/deepaction_v1/resolve/main/StableDiffusion/87/d.mp4
StableDiffusion__87__e,ai_generated,1,StableDiffusion,87,e.mp4,StableDiffusion/87/e.mp4,https://huggingface.co/datasets/faridlab/deepaction_v1/resolve/main/StableDiffusion/87/e.mp4
StableDiffusion__88__a,ai_generated,1,StableDiffusion,88,a.mp4,StableDiffusion/88/a.mp4,https://huggingface.co/datasets/faridlab/deepaction_v1/resolve/main/StableDiffusion/88/a.mp4
StableDiffusion__88__b,ai_generated,1,StableDiffusion,88,b.mp4,StableDiffusion/88/b.mp4,https://huggingface.co/datasets/faridlab/deepaction_v1/resolve/main/StableDiffusion/88/b.mp4
StableDiffusion__88__c,ai_generated,1,StableDiffusion,88,c.mp4,StableDiffusion/88/c.mp4,https://huggingface.co/datasets/faridlab/deepaction_v1/resolve/main/StableDiffusion/88/c.mp4
StableDiffusion__88__d,ai_generated,1,StableDiffusion,88,d.mp4,StableDiffusion/88/d.mp4,https://huggingface.co/datasets/faridlab/deepaction_v1/resolve/main/StableDiffusion/88/d.mp4
StableDiffusion__88__e,ai_generated,1,StableDiffusion,88,e.mp4,StableDiffusion/88/e.mp4,https://huggingface.co/datasets/faridlab/deepaction_v1/resolve/main/StableDiffusion/88/e.mp4
StableDiffusion__89__a,ai_generated,1,StableDiffusion,89,a.mp4,StableDiffusion/89/a.mp4,https://huggingface.co/datasets/faridlab/deepaction_v1/resolve/main/StableDiffusion/89/a.mp4
StableDiffusion__89__b,ai_generated,1,StableDiffusion,89,b.mp4,StableDiffusion/89/b.mp4,https://huggingface.co/datasets/faridlab/deepaction_v1/resolve/main/StableDiffusion/89/b.mp4
StableDiffusion__89__c,ai_generated,1,StableDiffusion,89,c.mp4,StableDiffusion/89/c.mp4,https://huggingface.co/datasets/faridlab/deepaction_v1/resolve/main/StableDiffusion/89/c.mp4
StableDiffusion__89__d,ai_generated,1,StableDiffusion,89,d.mp4,StableDiffusion/89/d.mp4,https://huggingface.co/datasets/faridlab/deepaction_v1/resolve/main/StableDiffusion/89/d.mp4
StableDiffusion__89__e,ai_generated,1,StableDiffusion,89,e.mp4,StableDiffusion/89/e.mp4,https://huggingface.co/datasets/faridlab/deepaction_v1/resolve/main/StableDiffusion/89/e.mp4
StableDiffusion__9__a,ai_generated,1,StableDiffusion,9,a.mp4,StableDiffusion/9/a.mp4,https://huggingface.co/datasets/faridlab/deepaction_v1/resolve/main/StableDiffusion/9/a.mp4
StableDiffusion__9__b,ai_generated,1,StableDiffusion,9,b.mp4,StableDiffusion/9/b.mp4,https://huggingface.co/datasets/faridlab/deepaction_v1/resolve/main/StableDiffusion/9/b.mp4
StableDiffusion__9__c,ai_generated,1,StableDiffusion,9,c.mp4,StableDiffusion/9/c.mp4,https://huggingface.co/datasets/faridlab/deepaction_v1/resolve/main/StableDiffusion/9/c.mp4
StableDiffusion__9__d,ai_generated,1,StableDiffusion,9,d.mp4,StableDiffusion/9/d.mp4,https://huggingface.co/datasets/faridlab/deepaction_v1/resolve/main/StableDiffusion/9/d.mp4
StableDiffusion__9__e,ai_generated,1,StableDiffusion,9,e.mp4,StableDiffusion/9/e.mp4,https://huggingface.co/datasets/faridlab/deepaction_v1/resolve/main/StableDiffusion/9/e.mp4
StableDiffusion__90__a,ai_generated,1,StableDiffusion,90,a.mp4,StableDiffusion/90/a.mp4,https://huggingface.co/datasets/faridlab/deepaction_v1/resolve/main/StableDiffusion/90/a.mp4
StableDiffusion__90__b,ai_generated,1,StableDiffusion,90,b.mp4,StableDiffusion/90/b.mp4,https://huggingface.co/datasets/faridlab/deepaction_v1/resolve/main/StableDiffusion/90/b.mp4
StableDiffusion__90__c,ai_generated,1,StableDiffusion,90,c.mp4,StableDiffusion/90/c.mp4,https://huggingface.co/datasets/faridlab/deepaction_v1/resolve/main/StableDiffusion/90/c.mp4
StableDiffusion__90__d,ai_generated,1,StableDiffusion,90,d.mp4,StableDiffusion/90/d.mp4,https://huggingface.co/datasets/faridlab/deepaction_v1/resolve/main/StableDiffusion/90/d.mp4
StableDiffusion__90__e,ai_generated,1,StableDiffusion,90,e.mp4,StableDiffusion/90/e.mp4,https://huggingface.co/datasets/faridlab/deepaction_v1/resolve/main/StableDiffusion/90/e.mp4
StableDiffusion__91__a,ai_generated,1,StableDiffusion,91,a.mp4,StableDiffusion/91/a.mp4,https://huggingface.co/datasets/faridlab/deepaction_v1/resolve/main/StableDiffusion/91/a.mp4
StableDiffusion__91__b,ai_generated,1,StableDiffusion,91,b.mp4,StableDiffusion/91/b.mp4,https://huggingface.co/datasets/faridlab/deepaction_v1/resolve/main/StableDiffusion/91/b.mp4
StableDiffusion__91__c,ai_generated,1,StableDiffusion,91,c.mp4,StableDiffusion/91/c.mp4,https://huggingface.co/datasets/faridlab/deepaction_v1/resolve/main/StableDiffusion/91/c.mp4
StableDiffusion__91__d,ai_generated,1,StableDiffusion,91,d.mp4,StableDiffusion/91/d.mp4,https://huggingface.co/datasets/faridlab/deepaction_v1/resolve/main/StableDiffusion/91/d.mp4
StableDiffusion__91__e,ai_generated,1,StableDiffusion,91,e.mp4,StableDiffusion/91/e.mp4,https://huggingface.co/datasets/faridlab/deepaction_v1/resolve/main/StableDiffusion/91/e.mp4
StableDiffusion__92__a,ai_generated,1,StableDiffusion,92,a.mp4,StableDiffusion/92/a.mp4,https://huggingface.co/datasets/faridlab/deepaction_v1/resolve/main/StableDiffusion/92/a.mp4
StableDiffusion__92__b,ai_generated,1,StableDiffusion,92,b.mp4,StableDiffusion/92/b.mp4,https://huggingface.co/datasets/faridlab/deepaction_v1/resolve/main/StableDiffusion/92/b.mp4
StableDiffusion__92__c,ai_generated,1,StableDiffusion,92,c.mp4,StableDiffusion/92/c.mp4,https://huggingface.co/datasets/faridlab/deepaction_v1/resolve/main/StableDiffusion/92/c.mp4
StableDiffusion__92__d,ai_generated,1,StableDiffusion,92,d.mp4,StableDiffusion/92/d.mp4,https://huggingface.co/datasets/faridlab/deepaction_v1/resolve/main/StableDiffusion/92/d.mp4
StableDiffusion__92__e,ai_generated,1,StableDiffusion,92,e.mp4,StableDiffusion/92/e.mp4,https://huggingface.co/datasets/faridlab/deepaction_v1/resolve/main/StableDiffusion/92/e.mp4
StableDiffusion__93__a,ai_generated,1,StableDiffusion,93,a.mp4,StableDiffusion/93/a.mp4,https://huggingface.co/datasets/faridlab/deepaction_v1/resolve/main/StableDiffusion/93/a.mp4
StableDiffusion__93__b,ai_generated,1,StableDiffusion,93,b.mp4,StableDiffusion/93/b.mp4,https://huggingface.co/datasets/faridlab/deepaction_v1/resolve/main/StableDiffusion/93/b.mp4
StableDiffusion__93__c,ai_generated,1,StableDiffusion,93,c.mp4,StableDiffusion/93/c.mp4,https://huggingface.co/datasets/faridlab/deepaction_v1/resolve/main/StableDiffusion/93/c.mp4
StableDiffusion__93__d,ai_generated,1,StableDiffusion,93,d.mp4,StableDiffusion/93/d.mp4,https://huggingface.co/datasets/faridlab/deepaction_v1/resolve/main/StableDiffusion/93/d.mp4
StableDiffusion__93__e,ai_generated,1,StableDiffusion,93,e.mp4,StableDiffusion/93/e.mp4,https://huggingface.co/datasets/faridlab/deepaction_v1/resolve/main/StableDiffusion/93/e.mp4
StableDiffusion__94__a,ai_generated,1,StableDiffusion,94,a.mp4,StableDiffusion/94/a.mp4,https://huggingface.co/datasets/faridlab/deepaction_v1/resolve/main/StableDiffusion/94/a.mp4
StableDiffusion__94__b,ai_generated,1,StableDiffusion,94,b.mp4,StableDiffusion/94/b.mp4,https://huggingface.co/datasets/faridlab/deepaction_v1/resolve/main/StableDiffusion/94/b.mp4
StableDiffusion__94__c,ai_generated,1,StableDiffusion,94,c.mp4,StableDiffusion/94/c.mp4,https://huggingface.co/datasets/faridlab/deepaction_v1/resolve/main/StableDiffusion/94/c.mp4
StableDiffusion__94__d,ai_generated,1,StableDiffusion,94,d.mp4,StableDiffusion/94/d.mp4,https://huggingface.co/datasets/faridlab/deepaction_v1/resolve/main/StableDiffusion/94/d.mp4
StableDiffusion__94__e,ai_generated,1,StableDiffusion,94,e.mp4,StableDiffusion/94/e.mp4,https://huggingface.co/datasets/faridlab/deepaction_v1/resolve/main/StableDiffusion/94/e.mp4
StableDiffusion__99__a,ai_generated,1,StableDiffusion,99,a.mp4,StableDiffusion/99/a.mp4,https://huggingface.co/datasets/faridlab/deepaction_v1/resolve/main/StableDiffusion/99/a.mp4
StableDiffusion__99__b,ai_generated,1,StableDiffusion,99,b.mp4,StableDiffusion/99/b.mp4,https://huggingface.co/datasets/faridlab/deepaction_v1/resolve/main/StableDiffusion/99/b.mp4
StableDiffusion__99__c,ai_generated,1,StableDiffusion,99,c.mp4,StableDiffusion/99/c.mp4,https://huggingface.co/datasets/faridlab/deepaction_v1/resolve/main/StableDiffusion/99/c.mp4
StableDiffusion__99__d,ai_generated,1,StableDiffusion,99,d.mp4,StableDiffusion/99/d.mp4,https://huggingface.co/datasets/faridlab/deepaction_v1/resolve/main/StableDiffusion/99/d.mp4
StableDiffusion__99__e,ai_generated,1,StableDiffusion,99,e.mp4,StableDiffusion/99/e.mp4,https://huggingface.co/datasets/faridlab/deepaction_v1/resolve/main/StableDiffusion/99/e.mp4
Veo__0__a,ai_generated,1,Veo,0,a.mp4,Veo/0/a.mp4,https://huggingface.co/datasets/faridlab/deepaction_v1/resolve/main/Veo/0/a.mp4
Veo__1__a,ai_generated,1,Veo,1,a.mp4,Veo/1/a.mp4,https://huggingface.co/datasets/faridlab/deepaction_v1/resolve/main/Veo/1/a.mp4
Veo__10__a,ai_generated,1,Veo,10,a.mp4,Veo/10/a.mp4,https://huggingface.co/datasets/faridlab/deepaction_v1/resolve/main/Veo/10/a.mp4
Veo__100__a,ai_generated,1,Veo,100,a.mp4,Veo/100/a.mp4,https://huggingface.co/datasets/faridlab/deepaction_v1/resolve/main/Veo/100/a.mp4
Veo__101__a,ai_generated,1,Veo,101,a.mp4,Veo/101/a.mp4,https://huggingface.co/datasets/faridlab/deepaction_v1/resolve/main/Veo/101/a.mp4
Veo__102__a,ai_generated,1,Veo,102,a.mp4,Veo/102/a.mp4,https://huggingface.co/datasets/faridlab/deepaction_v1/resolve/main/Veo/102/a.mp4
Veo__103__a,ai_generated,1,Veo,103,a.mp4,Veo/103/a.mp4,https://huggingface.co/datasets/faridlab/deepaction_v1/resolve/main/Veo/103/a.mp4
Veo__11__a,ai_generated,1,Veo,11,a.mp4,Veo/11/a.mp4,https://huggingface.co/datasets/faridlab/deepaction_v1/resolve/main/Veo/11/a.mp4
Veo__12__a,ai_generated,1,Veo,12,a.mp4,Veo/12/a.mp4,https://huggingface.co/datasets/faridlab/deepaction_v1/resolve/main/Veo/12/a.mp4
Veo__13__a,ai_generated,1,Veo,13,a.mp4,Veo/13/a.mp4,https://huggingface.co/datasets/faridlab/deepaction_v1/resolve/main/Veo/13/a.mp4
Veo__14__a,ai_generated,1,Veo,14,a.mp4,Veo/14/a.mp4,https://huggingface.co/datasets/faridlab/deepaction_v1/resolve/main/Veo/14/a.mp4
Veo__15__a,ai_generated,1,Veo,15,a.mp4,Veo/15/a.mp4,https://huggingface.co/datasets/faridlab/deepaction_v1/resolve/main/Veo/15/a.mp4
Veo__16__a,ai_generated,1,Veo,16,a.mp4,Veo/16/a.mp4,https://huggingface.co/datasets/faridlab/deepaction_v1/resolve/main/Veo/16/a.mp4
Veo__17__a,ai_generated,1,Veo,17,a.mp4,Veo/17/a.mp4,https://huggingface.co/datasets/faridlab/deepaction_v1/resolve/main/Veo/17/a.mp4
Veo__18__a,ai_generated,1,Veo,18,a.mp4,Veo/18/a.mp4,https://huggingface.co/datasets/faridlab/deepaction_v1/resolve/main/Veo/18/a.mp4
Veo__19__a,ai_generated,1,Veo,19,a.mp4,Veo/19/a.mp4,https://huggingface.co/datasets/faridlab/deepaction_v1/resolve/main/Veo/19/a.mp4
Veo__2__a,ai_generated,1,Veo,2,a.mp4,Veo/2/a.mp4,https://huggingface.co/datasets/faridlab/deepaction_v1/resolve/main/Veo/2/a.mp4
Veo__20__a,ai_generated,1,Veo,20,a.mp4,Veo/20/a.mp4,https://huggingface.co/datasets/faridlab/deepaction_v1/resolve/main/Veo/20/a.mp4
Veo__21__a,ai_generated,1,Veo,21,a.mp4,Veo/21/a.mp4,https://huggingface.co/datasets/faridlab/deepaction_v1/resolve/main/Veo/21/a.mp4
Veo__22__a,ai_generated,1,Veo,22,a.mp4,Veo/22/a.mp4,https://huggingface.co/datasets/faridlab/deepaction_v1/resolve/main/Veo/22/a.mp4
Veo__23__a,ai_generated,1,Veo,23,a.mp4,Veo/23/a.mp4,https://huggingface.co/datasets/faridlab/deepaction_v1/resolve/main/Veo/23/a.mp4
Veo__24__a,ai_generated,1,Veo,24,a.mp4,Veo/24/a.mp4,https://huggingface.co/datasets/faridlab/deepaction_v1/resolve/main/Veo/24/a.mp4
Veo__25__a,ai_generated,1,Veo,25,a.mp4,Veo/25/a.mp4,https://huggingface.co/datasets/faridlab/deepaction_v1/resolve/main/Veo/25/a.mp4
Veo__26__a,ai_generated,1,Veo,26,a.mp4,Veo/26/a.mp4,https://huggingface.co/datasets/faridlab/deepaction_v1/resolve/main/Veo/26/a.mp4
Veo__27__a,ai_generated,1,Veo,27,a.mp4,Veo/27/a.mp4,https://huggingface.co/datasets/faridlab/deepaction_v1/resolve/main/Veo/27/a.mp4
Veo__28__a,ai_generated,1,Veo,28,a.mp4,Veo/28/a.mp4,https://huggingface.co/datasets/faridlab/deepaction_v1/resolve/main/Veo/28/a.mp4
Veo__29__a,ai_generated,1,Veo,29,a.mp4,Veo/29/a.mp4,https://huggingface.co/datasets/faridlab/deepaction_v1/resolve/main/Veo/29/a.mp4
Veo__3__a,ai_generated,1,Veo,3,a.mp4,Veo/3/a.mp4,https://huggingface.co/datasets/faridlab/deepaction_v1/resolve/main/Veo/3/a.mp4
Veo__30__a,ai_generated,1,Veo,30,a.mp4,Veo/30/a.mp4,https://huggingface.co/datasets/faridlab/deepaction_v1/resolve/main/Veo/30/a.mp4
Veo__31__a,ai_generated,1,Veo,31,a.mp4,Veo/31/a.mp4,https://huggingface.co/datasets/faridlab/deepaction_v1/resolve/main/Veo/31/a.mp4
Veo__32__a,ai_generated,1,Veo,32,a.mp4,Veo/32/a.mp4,https://huggingface.co/datasets/faridlab/deepaction_v1/resolve/main/Veo/32/a.mp4
Veo__33__a,ai_generated,1,Veo,33,a.mp4,Veo/33/a.mp4,https://huggingface.co/datasets/faridlab/deepaction_v1/resolve/main/Veo/33/a.mp4
Veo__34__a,ai_generated,1,Veo,34,a.mp4,Veo/34/a.mp4,https://huggingface.co/datasets/faridlab/deepaction_v1/resolve/main/Veo/34/a.mp4
Veo__35__a,ai_generated,1,Veo,35,a.mp4,Veo/35/a.mp4,https://huggingface.co/datasets/faridlab/deepaction_v1/resolve/main/Veo/35/a.mp4
Veo__36__a,ai_generated,1,Veo,36,a.mp4,Veo/36/a.mp4,https://huggingface.co/datasets/faridlab/deepaction_v1/resolve/main/Veo/36/a.mp4
Veo__37__a,ai_generated,1,Veo,37,a.mp4,Veo/37/a.mp4,https://huggingface.co/datasets/faridlab/deepaction_v1/resolve/main/Veo/37/a.mp4
Veo__38__a,ai_generated,1,Veo,38,a.mp4,Veo/38/a.mp4,https://huggingface.co/datasets/faridlab/deepaction_v1/resolve/main/Veo/38/a.mp4
Veo__39__a,ai_generated,1,Veo,39,a.mp4,Veo/39/a.mp4,https://huggingface.co/datasets/faridlab/deepaction_v1/resolve/main/Veo/39/a.mp4
Veo__4__a,ai_generated,1,Veo,4,a.mp4,Veo/4/a.mp4,https://huggingface.co/datasets/faridlab/deepaction_v1/resolve/main/Veo/4/a.mp4
Veo__40__a,ai_generated,1,Veo,40,a.mp4,Veo/40/a.mp4,https://huggingface.co/datasets/faridlab/deepaction_v1/resolve/main/Veo/40/a.mp4
Veo__41__a,ai_generated,1,Veo,41,a.mp4,Veo/41/a.mp4,https://huggingface.co/datasets/faridlab/deepaction_v1/resolve/main/Veo/41/a.mp4
Veo__42__a,ai_generated,1,Veo,42,a.mp4,Veo/42/a.mp4,https://huggingface.co/datasets/faridlab/deepaction_v1/resolve/main/Veo/42/a.mp4
Veo__43__a,ai_generated,1,Veo,43,a.mp4,Veo/43/a.mp4,https://huggingface.co/datasets/faridlab/deepaction_v1/resolve/main/Veo/43/a.mp4
Veo__44__a,ai_generated,1,Veo,44,a.mp4,Veo/44/a.mp4,https://huggingface.co/datasets/faridlab/deepaction_v1/resolve/main/Veo/44/a.mp4
Veo__45__a,ai_generated,1,Veo,45,a.mp4,Veo/45/a.mp4,https://huggingface.co/datasets/faridlab/deepaction_v1/resolve/main/Veo/45/a.mp4
Veo__46__a,ai_generated,1,Veo,46,a.mp4,Veo/46/a.mp4,https://huggingface.co/datasets/faridlab/deepaction_v1/resolve/main/Veo/46/a.mp4
Veo__47__a,ai_generated,1,Veo,47,a.mp4,Veo/47/a.mp4,https://huggingface.co/datasets/faridlab/deepaction_v1/resolve/main/Veo/47/a.mp4
Veo__48__a,ai_generated,1,Veo,48,a.mp4,Veo/48/a.mp4,https://huggingface.co/datasets/faridlab/deepaction_v1/resolve/main/Veo/48/a.mp4
Veo__49__a,ai_generated,1,Veo,49,a.mp4,Veo/49/a.mp4,https://huggingface.co/datasets/faridlab/deepaction_v1/resolve/main/Veo/49/a.mp4
Veo__5__a,ai_generated,1,Veo,5,a.mp4,Veo/5/a.mp4,https://huggingface.co/datasets/faridlab/deepaction_v1/resolve/main/Veo/5/a.mp4
Veo__50__a,ai_generated,1,Veo,50,a.mp4,Veo/50/a.mp4,https://huggingface.co/datasets/faridlab/deepaction_v1/resolve/main/Veo/50/a.mp4
Veo__51__a,ai_generated,1,Veo,51,a.mp4,Veo/51/a.mp4,https://huggingface.co/datasets/faridlab/deepaction_v1/resolve/main/Veo/51/a.mp4
Veo__52__a,ai_generated,1,Veo,52,a.mp4,Veo/52/a.mp4,https://huggingface.co/datasets/faridlab/deepaction_v1/resolve/main/Veo/52/a.mp4
Veo__53__a,ai_generated,1,Veo,53,a.mp4,Veo/53/a.mp4,https://huggingface.co/datasets/faridlab/deepaction_v1/resolve/main/Veo/53/a.mp4
Veo__54__a,ai_generated,1,Veo,54,a.mp4,Veo/54/a.mp4,https://huggingface.co/datasets/faridlab/deepaction_v1/resolve/main/Veo/54/a.mp4
Veo__55__a,ai_generated,1,Veo,55,a.mp4,Veo/55/a.mp4,https://huggingface.co/datasets/faridlab/deepaction_v1/resolve/main/Veo/55/a.mp4
Veo__56__a,ai_generated,1,Veo,56,a.mp4,Veo/56/a.mp4,https://huggingface.co/datasets/faridlab/deepaction_v1/resolve/main/Veo/56/a.mp4
Veo__57__a,ai_generated,1,Veo,57,a.mp4,Veo/57/a.mp4,https://huggingface.co/datasets/faridlab/deepaction_v1/resolve/main/Veo/57/a.mp4
Veo__58__a,ai_generated,1,Veo,58,a.mp4,Veo/58/a.mp4,https://huggingface.co/datasets/faridlab/deepaction_v1/resolve/main/Veo/58/a.mp4
Veo__59__a,ai_generated,1,Veo,59,a.mp4,Veo/59/a.mp4,https://huggingface.co/datasets/faridlab/deepaction_v1/resolve/main/Veo/59/a.mp4
Veo__6__a,ai_generated,1,Veo,6,a.mp4,Veo/6/a.mp4,https://huggingface.co/datasets/faridlab/deepaction_v1/resolve/main/Veo/6/a.mp4
Veo__60__a,ai_generated,1,Veo,60,a.mp4,Veo/60/a.mp4,https://huggingface.co/datasets/faridlab/deepaction_v1/resolve/main/Veo/60/a.mp4
Veo__61__a,ai_generated,1,Veo,61,a.mp4,Veo/61/a.mp4,https://huggingface.co/datasets/faridlab/deepaction_v1/resolve/main/Veo/61/a.mp4
Veo__62__a,ai_generated,1,Veo,62,a.mp4,Veo/62/a.mp4,https://huggingface.co/datasets/faridlab/deepaction_v1/resolve/main/Veo/62/a.mp4
Veo__63__a,ai_generated,1,Veo,63,a.mp4,Veo/63/a.mp4,https://huggingface.co/datasets/faridlab/deepaction_v1/resolve/main/Veo/63/a.mp4
Veo__64__a,ai_generated,1,Veo,64,a.mp4,Veo/64/a.mp4,https://huggingface.co/datasets/faridlab/deepaction_v1/resolve/main/Veo/64/a.mp4
Veo__65__a,ai_generated,1,Veo,65,a.mp4,Veo/65/a.mp4,https://huggingface.co/datasets/faridlab/deepaction_v1/resolve/main/Veo/65/a.mp4
Veo__66__a,ai_generated,1,Veo,66,a.mp4,Veo/66/a.mp4,https://huggingface.co/datasets/faridlab/deepaction_v1/resolve/main/Veo/66/a.mp4
Veo__67__a,ai_generated,1,Veo,67,a.mp4,Veo/67/a.mp4,https://huggingface.co/datasets/faridlab/deepaction_v1/resolve/main/Veo/67/a.mp4
Veo__68__a,ai_generated,1,Veo,68,a.mp4,Veo/68/a.mp4,https://huggingface.co/datasets/faridlab/deepaction_v1/resolve/main/Veo/68/a.mp4
Veo__69__a,ai_generated,1,Veo,69,a.mp4,Veo/69/a.mp4,https://huggingface.co/datasets/faridlab/deepaction_v1/resolve/main/Veo/69/a.mp4
Veo__7__a,ai_generated,1,Veo,7,a.mp4,Veo/7/a.mp4,https://huggingface.co/datasets/faridlab/deepaction_v1/resolve/main/Veo/7/a.mp4
Veo__70__a,ai_generated,1,Veo,70,a.mp4,Veo/70/a.mp4,https://huggingface.co/datasets/faridlab/deepaction_v1/resolve/main/Veo/70/a.mp4
Veo__71__a,ai_generated,1,Veo,71,a.mp4,Veo/71/a.mp4,https://huggingface.co/datasets/faridlab/deepaction_v1/resolve/main/Veo/71/a.mp4
Veo__72__a,ai_generated,1,Veo,72,a.mp4,Veo/72/a.mp4,https://huggingface.co/datasets/faridlab/deepaction_v1/resolve/main/Veo/72/a.mp4
Veo__73__a,ai_generated,1,Veo,73,a.mp4,Veo/73/a.mp4,https://huggingface.co/datasets/faridlab/deepaction_v1/resolve/main/Veo/73/a.mp4
Veo__74__a,ai_generated,1,Veo,74,a.mp4,Veo/74/a.mp4,https://huggingface.co/datasets/faridlab/deepaction_v1/resolve/main/Veo/74/a.mp4
Veo__75__a,ai_generated,1,Veo,75,a.mp4,Veo/75/a.mp4,https://huggingface.co/datasets/faridlab/deepaction_v1/resolve/main/Veo/75/a.mp4
Veo__76__a,ai_generated,1,Veo,76,a.mp4,Veo/76/a.mp4,https://huggingface.co/datasets/faridlab/deepaction_v1/resolve/main/Veo/76/a.mp4
Veo__77__a,ai_generated,1,Veo,77,a.mp4,Veo/77/a.mp4,https://huggingface.co/datasets/faridlab/deepaction_v1/resolve/main/Veo/77/a.mp4
Veo__78__a,ai_generated,1,Veo,78,a.mp4,Veo/78/a.mp4,https://huggingface.co/datasets/faridlab/deepaction_v1/resolve/main/Veo/78/a.mp4
Veo__79__a,ai_generated,1,Veo,79,a.mp4,Veo/79/a.mp4,https://huggingface.co/datasets/faridlab/deepaction_v1/resolve/main/Veo/79/a.mp4
Veo__8__a,ai_generated,1,Veo,8,a.mp4,Veo/8/a.mp4,https://huggingface.co/datasets/faridlab/deepaction_v1/resolve/main/Veo/8/a.mp4
Veo__80__a,ai_generated,1,Veo,80,a.mp4,Veo/80/a.mp4,https://huggingface.co/datasets/faridlab/deepaction_v1/resolve/main/Veo/80/a.mp4
Veo__81__a,ai_generated,1,Veo,81,a.mp4,Veo/81/a.mp4,https://huggingface.co/datasets/faridlab/deepaction_v1/resolve/main/Veo/81/a.mp4
Veo__82__a,ai_generated,1,Veo,82,a.mp4,Veo/82/a.mp4,https://huggingface.co/datasets/faridlab/deepaction_v1/resolve/main/Veo/82/a.mp4
Veo__83__a,ai_generated,1,Veo,83,a.mp4,Veo/83/a.mp4,https://huggingface.co/datasets/faridlab/deepaction_v1/resolve/main/Veo/83/a.mp4
Veo__84__a,ai_generated,1,Veo,84,a.mp4,Veo/84/a.mp4,https://huggingface.co/datasets/faridlab/deepaction_v1/resolve/main/Veo/84/a.mp4
Veo__85__a,ai_generated,1,Veo,85,a.mp4,Veo/85/a.mp4,https://huggingface.co/datasets/faridlab/deepaction_v1/resolve/main/Veo/85/a.mp4
Veo__86__a,ai_generated,1,Veo,86,a.mp4,Veo/86/a.mp4,https://huggingface.co/datasets/faridlab/deepaction_v1/resolve/main/Veo/86/a.mp4
Veo__87__a,ai_generated,1,Veo,87,a.mp4,Veo/87/a.mp4,https://huggingface.co/datasets/faridlab/deepaction_v1/resolve/main/Veo/87/a.mp4
Veo__88__a,ai_generated,1,Veo,88,a.mp4,Veo/88/a.mp4,https://huggingface.co/datasets/faridlab/deepaction_v1/resolve/main/Veo/88/a.mp4
Veo__89__a,ai_generated,1,Veo,89,a.mp4,Veo/89/a.mp4,https://huggingface.co/datasets/faridlab/deepaction_v1/resolve/main/Veo/89/a.mp4
Veo__9__a,ai_generated,1,Veo,9,a.mp4,Veo/9/a.mp4,https://huggingface.co/datasets/faridlab/deepaction_v1/resolve/main/Veo/9/a.mp4
Veo__90__a,ai_generated,1,Veo,90,a.mp4,Veo/90/a.mp4,https://huggingface.co/datasets/faridlab/deepaction_v1/resolve/main/Veo/90/a.mp4
Veo__91__a,ai_generated,1,Veo,91,a.mp4,Veo/91/a.mp4,https://huggingface.co/datasets/faridlab/deepaction_v1/resolve/main/Veo/91/a.mp4
Veo__92__a,ai_generated,1,Veo,92,a.mp4,Veo/92/a.mp4,https://huggingface.co/datasets/faridlab/deepaction_v1/resolve/main/Veo/92/a.mp4
Veo__93__a,ai_generated,1,Veo,93,a.mp4,Veo/93/a.mp4,https://huggingface.co/datasets/faridlab/deepaction_v1/resolve/main/Veo/93/a.mp4
Veo__94__a,ai_generated,1,Veo,94,a.mp4,Veo/94/a.mp4,https://huggingface.co/datasets/faridlab/deepaction_v1/resolve/main/Veo/94/a.mp4
Veo__99__a,ai_generated,1,Veo,99,a.mp4,Veo/99/a.mp4,https://huggingface.co/datasets/faridlab/deepaction_v1/resolve/main/Veo/99/a.mp4
VideoPoet__0__a,ai_generated,1,VideoPoet,0,a.mp4,VideoPoet/0/a.mp4,https://huggingface.co/datasets/faridlab/deepaction_v1/resolve/main/VideoPoet/0/a.mp4
VideoPoet__0__b,ai_generated,1,VideoPoet,0,b.mp4,VideoPoet/0/b.mp4,https://huggingface.co/datasets/faridlab/deepaction_v1/resolve/main/VideoPoet/0/b.mp4
VideoPoet__0__c,ai_generated,1,VideoPoet,0,c.mp4,VideoPoet/0/c.mp4,https://huggingface.co/datasets/faridlab/deepaction_v1/resolve/main/VideoPoet/0/c.mp4
VideoPoet__0__d,ai_generated,1,VideoPoet,0,d.mp4,VideoPoet/0/d.mp4,https://huggingface.co/datasets/faridlab/deepaction_v1/resolve/main/VideoPoet/0/d.mp4
VideoPoet__1__a,ai_generated,1,VideoPoet,1,a.mp4,VideoPoet/1/a.mp4,https://huggingface.co/datasets/faridlab/deepaction_v1/resolve/main/VideoPoet/1/a.mp4
VideoPoet__1__b,ai_generated,1,VideoPoet,1,b.mp4,VideoPoet/1/b.mp4,https://huggingface.co/datasets/faridlab/deepaction_v1/resolve/main/VideoPoet/1/b.mp4
VideoPoet__1__c,ai_generated,1,VideoPoet,1,c.mp4,VideoPoet/1/c.mp4,https://huggingface.co/datasets/faridlab/deepaction_v1/resolve/main/VideoPoet/1/c.mp4
VideoPoet__1__d,ai_generated,1,VideoPoet,1,d.mp4,VideoPoet/1/d.mp4,https://huggingface.co/datasets/faridlab/deepaction_v1/resolve/main/VideoPoet/1/d.mp4
VideoPoet__10__a,ai_generated,1,VideoPoet,10,a.mp4,VideoPoet/10/a.mp4,https://huggingface.co/datasets/faridlab/deepaction_v1/resolve/main/VideoPoet/10/a.mp4
VideoPoet__10__b,ai_generated,1,VideoPoet,10,b.mp4,VideoPoet/10/b.mp4,https://huggingface.co/datasets/faridlab/deepaction_v1/resolve/main/VideoPoet/10/b.mp4
VideoPoet__10__c,ai_generated,1,VideoPoet,10,c.mp4,VideoPoet/10/c.mp4,https://huggingface.co/datasets/faridlab/deepaction_v1/resolve/main/VideoPoet/10/c.mp4
VideoPoet__10__d,ai_generated,1,VideoPoet,10,d.mp4,VideoPoet/10/d.mp4,https://huggingface.co/datasets/faridlab/deepaction_v1/resolve/main/VideoPoet/10/d.mp4
VideoPoet__100__a,ai_generated,1,VideoPoet,100,a.mp4,VideoPoet/100/a.mp4,https://huggingface.co/datasets/faridlab/deepaction_v1/resolve/main/VideoPoet/100/a.mp4
VideoPoet__100__b,ai_generated,1,VideoPoet,100,b.mp4,VideoPoet/100/b.mp4,https://huggingface.co/datasets/faridlab/deepaction_v1/resolve/main/VideoPoet/100/b.mp4
VideoPoet__100__c,ai_generated,1,VideoPoet,100,c.mp4,VideoPoet/100/c.mp4,https://huggingface.co/datasets/faridlab/deepaction_v1/resolve/main/VideoPoet/100/c.mp4
VideoPoet__100__d,ai_generated,1,VideoPoet,100,d.mp4,VideoPoet/100/d.mp4,https://huggingface.co/datasets/faridlab/deepaction_v1/resolve/main/VideoPoet/100/d.mp4
VideoPoet__101__a,ai_generated,1,VideoPoet,101,a.mp4,VideoPoet/101/a.mp4,https://huggingface.co/datasets/faridlab/deepaction_v1/resolve/main/VideoPoet/101/a.mp4
VideoPoet__101__b,ai_generated,1,VideoPoet,101,b.mp4,VideoPoet/101/b.mp4,https://huggingface.co/datasets/faridlab/deepaction_v1/resolve/main/VideoPoet/101/b.mp4
VideoPoet__101__c,ai_generated,1,VideoPoet,101,c.mp4,VideoPoet/101/c.mp4,https://huggingface.co/datasets/faridlab/deepaction_v1/resolve/main/VideoPoet/101/c.mp4
VideoPoet__101__d,ai_generated,1,VideoPoet,101,d.mp4,VideoPoet/101/d.mp4,https://huggingface.co/datasets/faridlab/deepaction_v1/resolve/main/VideoPoet/101/d.mp4
VideoPoet__102__a,ai_generated,1,VideoPoet,102,a.mp4,VideoPoet/102/a.mp4,https://huggingface.co/datasets/faridlab/deepaction_v1/resolve/main/VideoPoet/102/a.mp4
VideoPoet__102__b,ai_generated,1,VideoPoet,102,b.mp4,VideoPoet/102/b.mp4,https://huggingface.co/datasets/faridlab/deepaction_v1/resolve/main/VideoPoet/102/b.mp4
VideoPoet__102__c,ai_generated,1,VideoPoet,102,c.mp4,VideoPoet/102/c.mp4,https://huggingface.co/datasets/faridlab/deepaction_v1/resolve/main/VideoPoet/102/c.mp4
VideoPoet__102__d,ai_generated,1,VideoPoet,102,d.mp4,VideoPoet/102/d.mp4,https://huggingface.co/datasets/faridlab/deepaction_v1/resolve/main/VideoPoet/102/d.mp4
VideoPoet__103__a,ai_generated,1,VideoPoet,103,a.mp4,VideoPoet/103/a.mp4,https://huggingface.co/datasets/faridlab/deepaction_v1/resolve/main/VideoPoet/103/a.mp4
VideoPoet__103__b,ai_generated,1,VideoPoet,103,b.mp4,VideoPoet/103/b.mp4,https://huggingface.co/datasets/faridlab/deepaction_v1/resolve/main/VideoPoet/103/b.mp4
VideoPoet__103__c,ai_generated,1,VideoPoet,103,c.mp4,VideoPoet/103/c.mp4,https://huggingface.co/datasets/faridlab/deepaction_v1/resolve/main/VideoPoet/103/c.mp4
VideoPoet__103__d,ai_generated,1,VideoPoet,103,d.mp4,VideoPoet/103/d.mp4,https://huggingface.co/datasets/faridlab/deepaction_v1/resolve/main/VideoPoet/103/d.mp4
VideoPoet__11__a,ai_generated,1,VideoPoet,11,a.mp4,VideoPoet/11/a.mp4,https://huggingface.co/datasets/faridlab/deepaction_v1/resolve/main/VideoPoet/11/a.mp4
VideoPoet__11__b,ai_generated,1,VideoPoet,11,b.mp4,VideoPoet/11/b.mp4,https://huggingface.co/datasets/faridlab/deepaction_v1/resolve/main/VideoPoet/11/b.mp4
VideoPoet__11__c,ai_generated,1,VideoPoet,11,c.mp4,VideoPoet/11/c.mp4,https://huggingface.co/datasets/faridlab/deepaction_v1/resolve/main/VideoPoet/11/c.mp4
VideoPoet__11__d,ai_generated,1,VideoPoet,11,d.mp4,VideoPoet/11/d.mp4,https://huggingface.co/datasets/faridlab/deepaction_v1/resolve/main/VideoPoet/11/d.mp4
VideoPoet__12__a,ai_generated,1,VideoPoet,12,a.mp4,VideoPoet/12/a.mp4,https://huggingface.co/datasets/faridlab/deepaction_v1/resolve/main/VideoPoet/12/a.mp4
VideoPoet__12__b,ai_generated,1,VideoPoet,12,b.mp4,VideoPoet/12/b.mp4,https://huggingface.co/datasets/faridlab/deepaction_v1/resolve/main/VideoPoet/12/b.mp4
VideoPoet__12__c,ai_generated,1,VideoPoet,12,c.mp4,VideoPoet/12/c.mp4,https://huggingface.co/datasets/faridlab/deepaction_v1/resolve/main/VideoPoet/12/c.mp4
VideoPoet__12__d,ai_generated,1,VideoPoet,12,d.mp4,VideoPoet/12/d.mp4,https://huggingface.co/datasets/faridlab/deepaction_v1/resolve/main/VideoPoet/12/d.mp4
VideoPoet__13__a,ai_generated,1,VideoPoet,13,a.mp4,VideoPoet/13/a.mp4,https://huggingface.co/datasets/faridlab/deepaction_v1/resolve/main/VideoPoet/13/a.mp4
VideoPoet__13__b,ai_generated,1,VideoPoet,13,b.mp4,VideoPoet/13/b.mp4,https://huggingface.co/datasets/faridlab/deepaction_v1/resolve/main/VideoPoet/13/b.mp4
VideoPoet__13__c,ai_generated,1,VideoPoet,13,c.mp4,VideoPoet/13/c.mp4,https://huggingface.co/datasets/faridlab/deepaction_v1/resolve/main/VideoPoet/13/c.mp4
VideoPoet__13__d,ai_generated,1,VideoPoet,13,d.mp4,VideoPoet/13/d.mp4,https://huggingface.co/datasets/faridlab/deepaction_v1/resolve/main/VideoPoet/13/d.mp4
VideoPoet__14__a,ai_generated,1,VideoPoet,14,a.mp4,VideoPoet/14/a.mp4,https://huggingface.co/datasets/faridlab/deepaction_v1/resolve/main/VideoPoet/14/a.mp4
VideoPoet__14__b,ai_generated,1,VideoPoet,14,b.mp4,VideoPoet/14/b.mp4,https://huggingface.co/datasets/faridlab/deepaction_v1/resolve/main/VideoPoet/14/b.mp4
VideoPoet__14__c,ai_generated,1,VideoPoet,14,c.mp4,VideoPoet/14/c.mp4,https://huggingface.co/datasets/faridlab/deepaction_v1/resolve/main/VideoPoet/14/c.mp4
VideoPoet__14__d,ai_generated,1,VideoPoet,14,d.mp4,VideoPoet/14/d.mp4,https://huggingface.co/datasets/faridlab/deepaction_v1/resolve/main/VideoPoet/14/d.mp4
VideoPoet__15__a,ai_generated,1,VideoPoet,15,a.mp4,VideoPoet/15/a.mp4,https://huggingface.co/datasets/faridlab/deepaction_v1/resolve/main/VideoPoet/15/a.mp4
VideoPoet__15__b,ai_generated,1,VideoPoet,15,b.mp4,VideoPoet/15/b.mp4,https://huggingface.co/datasets/faridlab/deepaction_v1/resolve/main/VideoPoet/15/b.mp4
VideoPoet__15__c,ai_generated,1,VideoPoet,15,c.mp4,VideoPoet/15/c.mp4,https://huggingface.co/datasets/faridlab/deepaction_v1/resolve/main/VideoPoet/15/c.mp4
VideoPoet__15__d,ai_generated,1,VideoPoet,15,d.mp4,VideoPoet/15/d.mp4,https://huggingface.co/datasets/faridlab/deepaction_v1/resolve/main/VideoPoet/15/d.mp4
VideoPoet__16__a,ai_generated,1,VideoPoet,16,a.mp4,VideoPoet/16/a.mp4,https://huggingface.co/datasets/faridlab/deepaction_v1/resolve/main/VideoPoet/16/a.mp4
VideoPoet__16__b,ai_generated,1,VideoPoet,16,b.mp4,VideoPoet/16/b.mp4,https://huggingface.co/datasets/faridlab/deepaction_v1/resolve/main/VideoPoet/16/b.mp4
VideoPoet__16__c,ai_generated,1,VideoPoet,16,c.mp4,VideoPoet/16/c.mp4,https://huggingface.co/datasets/faridlab/deepaction_v1/resolve/main/VideoPoet/16/c.mp4
VideoPoet__16__d,ai_generated,1,VideoPoet,16,d.mp4,VideoPoet/16/d.mp4,https://huggingface.co/datasets/faridlab/deepaction_v1/resolve/main/VideoPoet/16/d.mp4
VideoPoet__17__a,ai_generated,1,VideoPoet,17,a.mp4,VideoPoet/17/a.mp4,https://huggingface.co/datasets/faridlab/deepaction_v1/resolve/main/VideoPoet/17/a.mp4
VideoPoet__17__b,ai_generated,1,VideoPoet,17,b.mp4,VideoPoet/17/b.mp4,https://huggingface.co/datasets/faridlab/deepaction_v1/resolve/main/VideoPoet/17/b.mp4
VideoPoet__17__c,ai_generated,1,VideoPoet,17,c.mp4,VideoPoet/17/c.mp4,https://huggingface.co/datasets/faridlab/deepaction_v1/resolve/main/VideoPoet/17/c.mp4
VideoPoet__17__d,ai_generated,1,VideoPoet,17,d.mp4,VideoPoet/17/d.mp4,https://huggingface.co/datasets/faridlab/deepaction_v1/resolve/main/VideoPoet/17/d.mp4
VideoPoet__18__a,ai_generated,1,VideoPoet,18,a.mp4,VideoPoet/18/a.mp4,https://huggingface.co/datasets/faridlab/deepaction_v1/resolve/main/VideoPoet/18/a.mp4
VideoPoet__18__b,ai_generated,1,VideoPoet,18,b.mp4,VideoPoet/18/b.mp4,https://huggingface.co/datasets/faridlab/deepaction_v1/resolve/main/VideoPoet/18/b.mp4
VideoPoet__18__c,ai_generated,1,VideoPoet,18,c.mp4,VideoPoet/18/c.mp4,https://huggingface.co/datasets/faridlab/deepaction_v1/resolve/main/VideoPoet/18/c.mp4
VideoPoet__18__d,ai_generated,1,VideoPoet,18,d.mp4,VideoPoet/18/d.mp4,https://huggingface.co/datasets/faridlab/deepaction_v1/resolve/main/VideoPoet/18/d.mp4
VideoPoet__19__a,ai_generated,1,VideoPoet,19,a.mp4,VideoPoet/19/a.mp4,https://huggingface.co/datasets/faridlab/deepaction_v1/resolve/main/VideoPoet/19/a.mp4
VideoPoet__19__b,ai_generated,1,VideoPoet,19,b.mp4,VideoPoet/19/b.mp4,https://huggingface.co/datasets/faridlab/deepaction_v1/resolve/main/VideoPoet/19/b.mp4
VideoPoet__19__c,ai_generated,1,VideoPoet,19,c.mp4,VideoPoet/19/c.mp4,https://huggingface.co/datasets/faridlab/deepaction_v1/resolve/main/VideoPoet/19/c.mp4
VideoPoet__19__d,ai_generated,1,VideoPoet,19,d.mp4,VideoPoet/19/d.mp4,https://huggingface.co/datasets/faridlab/deepaction_v1/resolve/main/VideoPoet/19/d.mp4
VideoPoet__2__a,ai_generated,1,VideoPoet,2,a.mp4,VideoPoet/2/a.mp4,https://huggingface.co/datasets/faridlab/deepaction_v1/resolve/main/VideoPoet/2/a.mp4
VideoPoet__2__b,ai_generated,1,VideoPoet,2,b.mp4,VideoPoet/2/b.mp4,https://huggingface.co/datasets/faridlab/deepaction_v1/resolve/main/VideoPoet/2/b.mp4
VideoPoet__2__c,ai_generated,1,VideoPoet,2,c.mp4,VideoPoet/2/c.mp4,https://huggingface.co/datasets/faridlab/deepaction_v1/resolve/main/VideoPoet/2/c.mp4
VideoPoet__2__d,ai_generated,1,VideoPoet,2,d.mp4,VideoPoet/2/d.mp4,https://huggingface.co/datasets/faridlab/deepaction_v1/resolve/main/VideoPoet/2/d.mp4
VideoPoet__20__a,ai_generated,1,VideoPoet,20,a.mp4,VideoPoet/20/a.mp4,https://huggingface.co/datasets/faridlab/deepaction_v1/resolve/main/VideoPoet/20/a.mp4
VideoPoet__20__b,ai_generated,1,VideoPoet,20,b.mp4,VideoPoet/20/b.mp4,https://huggingface.co/datasets/faridlab/deepaction_v1/resolve/main/VideoPoet/20/b.mp4
VideoPoet__20__c,ai_generated,1,VideoPoet,20,c.mp4,VideoPoet/20/c.mp4,https://huggingface.co/datasets/faridlab/deepaction_v1/resolve/main/VideoPoet/20/c.mp4
VideoPoet__20__d,ai_generated,1,VideoPoet,20,d.mp4,VideoPoet/20/d.mp4,https://huggingface.co/datasets/faridlab/deepaction_v1/resolve/main/VideoPoet/20/d.mp4
VideoPoet__21__a,ai_generated,1,VideoPoet,21,a.mp4,VideoPoet/21/a.mp4,https://huggingface.co/datasets/faridlab/deepaction_v1/resolve/main/VideoPoet/21/a.mp4
VideoPoet__21__b,ai_generated,1,VideoPoet,21,b.mp4,VideoPoet/21/b.mp4,https://huggingface.co/datasets/faridlab/deepaction_v1/resolve/main/VideoPoet/21/b.mp4
VideoPoet__21__c,ai_generated,1,VideoPoet,21,c.mp4,VideoPoet/21/c.mp4,https://huggingface.co/datasets/faridlab/deepaction_v1/resolve/main/VideoPoet/21/c.mp4
VideoPoet__21__d,ai_generated,1,VideoPoet,21,d.mp4,VideoPoet/21/d.mp4,https://huggingface.co/datasets/faridlab/deepaction_v1/resolve/main/VideoPoet/21/d.mp4
VideoPoet__22__a,ai_generated,1,VideoPoet,22,a.mp4,VideoPoet/22/a.mp4,https://huggingface.co/datasets/faridlab/deepaction_v1/resolve/main/VideoPoet/22/a.mp4
VideoPoet__22__b,ai_generated,1,VideoPoet,22,b.mp4,VideoPoet/22/b.mp4,https://huggingface.co/datasets/faridlab/deepaction_v1/resolve/main/VideoPoet/22/b.mp4
VideoPoet__22__c,ai_generated,1,VideoPoet,22,c.mp4,VideoPoet/22/c.mp4,https://huggingface.co/datasets/faridlab/deepaction_v1/resolve/main/VideoPoet/22/c.mp4
VideoPoet__22__d,ai_generated,1,VideoPoet,22,d.mp4,VideoPoet/22/d.mp4,https://huggingface.co/datasets/faridlab/deepaction_v1/resolve/main/VideoPoet/22/d.mp4
VideoPoet__23__a,ai_generated,1,VideoPoet,23,a.mp4,VideoPoet/23/a.mp4,https://huggingface.co/datasets/faridlab/deepaction_v1/resolve/main/VideoPoet/23/a.mp4
VideoPoet__23__b,ai_generated,1,VideoPoet,23,b.mp4,VideoPoet/23/b.mp4,https://huggingface.co/datasets/faridlab/deepaction_v1/resolve/main/VideoPoet/23/b.mp4
VideoPoet__23__c,ai_generated,1,VideoPoet,23,c.mp4,VideoPoet/23/c.mp4,https://huggingface.co/datasets/faridlab/deepaction_v1/resolve/main/VideoPoet/23/c.mp4
VideoPoet__23__d,ai_generated,1,VideoPoet,23,d.mp4,VideoPoet/23/d.mp4,https://huggingface.co/datasets/faridlab/deepaction_v1/resolve/main/VideoPoet/23/d.mp4
VideoPoet__24__a,ai_generated,1,VideoPoet,24,a.mp4,VideoPoet/24/a.mp4,https://huggingface.co/datasets/faridlab/deepaction_v1/resolve/main/VideoPoet/24/a.mp4
VideoPoet__24__b,ai_generated,1,VideoPoet,24,b.mp4,VideoPoet/24/b.mp4,https://huggingface.co/datasets/faridlab/deepaction_v1/resolve/main/VideoPoet/24/b.mp4
VideoPoet__24__c,ai_generated,1,VideoPoet,24,c.mp4,VideoPoet/24/c.mp4,https://huggingface.co/datasets/faridlab/deepaction_v1/resolve/main/VideoPoet/24/c.mp4
VideoPoet__24__d,ai_generated,1,VideoPoet,24,d.mp4,VideoPoet/24/d.mp4,https://huggingface.co/datasets/faridlab/deepaction_v1/resolve/main/VideoPoet/24/d.mp4
VideoPoet__25__a,ai_generated,1,VideoPoet,25,a.mp4,VideoPoet/25/a.mp4,https://huggingface.co/datasets/faridlab/deepaction_v1/resolve/main/VideoPoet/25/a.mp4
VideoPoet__25__b,ai_generated,1,VideoPoet,25,b.mp4,VideoPoet/25/b.mp4,https://huggingface.co/datasets/faridlab/deepaction_v1/resolve/main/VideoPoet/25/b.mp4
VideoPoet__25__c,ai_generated,1,VideoPoet,25,c.mp4,VideoPoet/25/c.mp4,https://huggingface.co/datasets/faridlab/deepaction_v1/resolve/main/VideoPoet/25/c.mp4
VideoPoet__25__d,ai_generated,1,VideoPoet,25,d.mp4,VideoPoet/25/d.mp4,https://huggingface.co/datasets/faridlab/deepaction_v1/resolve/main/VideoPoet/25/d.mp4
VideoPoet__26__a,ai_generated,1,VideoPoet,26,a.mp4,VideoPoet/26/a.mp4,https://huggingface.co/datasets/faridlab/deepaction_v1/resolve/main/VideoPoet/26/a.mp4
VideoPoet__26__b,ai_generated,1,VideoPoet,26,b.mp4,VideoPoet/26/b.mp4,https://huggingface.co/datasets/faridlab/deepaction_v1/resolve/main/VideoPoet/26/b.mp4
VideoPoet__26__c,ai_generated,1,VideoPoet,26,c.mp4,VideoPoet/26/c.mp4,https://huggingface.co/datasets/faridlab/deepaction_v1/resolve/main/VideoPoet/26/c.mp4
VideoPoet__26__d,ai_generated,1,VideoPoet,26,d.mp4,VideoPoet/26/d.mp4,https://huggingface.co/datasets/faridlab/deepaction_v1/resolve/main/VideoPoet/26/d.mp4
VideoPoet__27__a,ai_generated,1,VideoPoet,27,a.mp4,VideoPoet/27/a.mp4,https://huggingface.co/datasets/faridlab/deepaction_v1/resolve/main/VideoPoet/27/a.mp4
VideoPoet__27__b,ai_generated,1,VideoPoet,27,b.mp4,VideoPoet/27/b.mp4,https://huggingface.co/datasets/faridlab/deepaction_v1/resolve/main/VideoPoet/27/b.mp4
VideoPoet__27__c,ai_generated,1,VideoPoet,27,c.mp4,VideoPoet/27/c.mp4,https://huggingface.co/datasets/faridlab/deepaction_v1/resolve/main/VideoPoet/27/c.mp4
VideoPoet__27__d,ai_generated,1,VideoPoet,27,d.mp4,VideoPoet/27/d.mp4,https://huggingface.co/datasets/faridlab/deepaction_v1/resolve/main/VideoPoet/27/d.mp4
VideoPoet__28__a,ai_generated,1,VideoPoet,28,a.mp4,VideoPoet/28/a.mp4,https://huggingface.co/datasets/faridlab/deepaction_v1/resolve/main/VideoPoet/28/a.mp4
VideoPoet__28__b,ai_generated,1,VideoPoet,28,b.mp4,VideoPoet/28/b.mp4,https://huggingface.co/datasets/faridlab/deepaction_v1/resolve/main/VideoPoet/28/b.mp4
VideoPoet__28__c,ai_generated,1,VideoPoet,28,c.mp4,VideoPoet/28/c.mp4,https://huggingface.co/datasets/faridlab/deepaction_v1/resolve/main/VideoPoet/28/c.mp4
VideoPoet__28__d,ai_generated,1,VideoPoet,28,d.mp4,VideoPoet/28/d.mp4,https://huggingface.co/datasets/faridlab/deepaction_v1/resolve/main/VideoPoet/28/d.mp4
VideoPoet__29__a,ai_generated,1,VideoPoet,29,a.mp4,VideoPoet/29/a.mp4,https://huggingface.co/datasets/faridlab/deepaction_v1/resolve/main/VideoPoet/29/a.mp4
VideoPoet__29__b,ai_generated,1,VideoPoet,29,b.mp4,VideoPoet/29/b.mp4,https://huggingface.co/datasets/faridlab/deepaction_v1/resolve/main/VideoPoet/29/b.mp4
VideoPoet__29__c,ai_generated,1,VideoPoet,29,c.mp4,VideoPoet/29/c.mp4,https://huggingface.co/datasets/faridlab/deepaction_v1/resolve/main/VideoPoet/29/c.mp4
VideoPoet__29__d,ai_generated,1,VideoPoet,29,d.mp4,VideoPoet/29/d.mp4,https://huggingface.co/datasets/faridlab/deepaction_v1/resolve/main/VideoPoet/29/d.mp4
VideoPoet__3__a,ai_generated,1,VideoPoet,3,a.mp4,VideoPoet/3/a.mp4,https://huggingface.co/datasets/faridlab/deepaction_v1/resolve/main/VideoPoet/3/a.mp4
VideoPoet__3__b,ai_generated,1,VideoPoet,3,b.mp4,VideoPoet/3/b.mp4,https://huggingface.co/datasets/faridlab/deepaction_v1/resolve/main/VideoPoet/3/b.mp4
VideoPoet__3__c,ai_generated,1,VideoPoet,3,c.mp4,VideoPoet/3/c.mp4,https://huggingface.co/datasets/faridlab/deepaction_v1/resolve/main/VideoPoet/3/c.mp4
VideoPoet__3__d,ai_generated,1,VideoPoet,3,d.mp4,VideoPoet/3/d.mp4,https://huggingface.co/datasets/faridlab/deepaction_v1/resolve/main/VideoPoet/3/d.mp4
VideoPoet__30__a,ai_generated,1,VideoPoet,30,a.mp4,VideoPoet/30/a.mp4,https://huggingface.co/datasets/faridlab/deepaction_v1/resolve/main/VideoPoet/30/a.mp4
VideoPoet__30__b,ai_generated,1,VideoPoet,30,b.mp4,VideoPoet/30/b.mp4,https://huggingface.co/datasets/faridlab/deepaction_v1/resolve/main/VideoPoet/30/b.mp4
VideoPoet__30__c,ai_generated,1,VideoPoet,30,c.mp4,VideoPoet/30/c.mp4,https://huggingface.co/datasets/faridlab/deepaction_v1/resolve/main/VideoPoet/30/c.mp4
VideoPoet__30__d,ai_generated,1,VideoPoet,30,d.mp4,VideoPoet/30/d.mp4,https://huggingface.co/datasets/faridlab/deepaction_v1/resolve/main/VideoPoet/30/d.mp4
VideoPoet__31__a,ai_generated,1,VideoPoet,31,a.mp4,VideoPoet/31/a.mp4,https://huggingface.co/datasets/faridlab/deepaction_v1/resolve/main/VideoPoet/31/a.mp4
VideoPoet__31__b,ai_generated,1,VideoPoet,31,b.mp4,VideoPoet/31/b.mp4,https://huggingface.co/datasets/faridlab/deepaction_v1/resolve/main/VideoPoet/31/b.mp4
VideoPoet__31__c,ai_generated,1,VideoPoet,31,c.mp4,VideoPoet/31/c.mp4,https://huggingface.co/datasets/faridlab/deepaction_v1/resolve/main/VideoPoet/31/c.mp4
VideoPoet__31__d,ai_generated,1,VideoPoet,31,d.mp4,VideoPoet/31/d.mp4,https://huggingface.co/datasets/faridlab/deepaction_v1/resolve/main/VideoPoet/31/d.mp4
VideoPoet__32__a,ai_generated,1,VideoPoet,32,a.mp4,VideoPoet/32/a.mp4,https://huggingface.co/datasets/faridlab/deepaction_v1/resolve/main/VideoPoet/32/a.mp4
VideoPoet__32__b,ai_generated,1,VideoPoet,32,b.mp4,VideoPoet/32/b.mp4,https://huggingface.co/datasets/faridlab/deepaction_v1/resolve/main/VideoPoet/32/b.mp4
VideoPoet__32__c,ai_generated,1,VideoPoet,32,c.mp4,VideoPoet/32/c.mp4,https://huggingface.co/datasets/faridlab/deepaction_v1/resolve/main/VideoPoet/32/c.mp4
VideoPoet__32__d,ai_generated,1,VideoPoet,32,d.mp4,VideoPoet/32/d.mp4,https://huggingface.co/datasets/faridlab/deepaction_v1/resolve/main/VideoPoet/32/d.mp4
VideoPoet__33__a,ai_generated,1,VideoPoet,33,a.mp4,VideoPoet/33/a.mp4,https://huggingface.co/datasets/faridlab/deepaction_v1/resolve/main/VideoPoet/33/a.mp4
VideoPoet__33__b,ai_generated,1,VideoPoet,33,b.mp4,VideoPoet/33/b.mp4,https://huggingface.co/datasets/faridlab/deepaction_v1/resolve/main/VideoPoet/33/b.mp4
VideoPoet__33__c,ai_generated,1,VideoPoet,33,c.mp4,VideoPoet/33/c.mp4,https://huggingface.co/datasets/faridlab/deepaction_v1/resolve/main/VideoPoet/33/c.mp4
VideoPoet__33__d,ai_generated,1,VideoPoet,33,d.mp4,VideoPoet/33/d.mp4,https://huggingface.co/datasets/faridlab/deepaction_v1/resolve/main/VideoPoet/33/d.mp4
VideoPoet__34__a,ai_generated,1,VideoPoet,34,a.mp4,VideoPoet/34/a.mp4,https://huggingface.co/datasets/faridlab/deepaction_v1/resolve/main/VideoPoet/34/a.mp4
VideoPoet__34__b,ai_generated,1,VideoPoet,34,b.mp4,VideoPoet/34/b.mp4,https://huggingface.co/datasets/faridlab/deepaction_v1/resolve/main/VideoPoet/34/b.mp4
VideoPoet__34__c,ai_generated,1,VideoPoet,34,c.mp4,VideoPoet/34/c.mp4,https://huggingface.co/datasets/faridlab/deepaction_v1/resolve/main/VideoPoet/34/c.mp4
VideoPoet__34__d,ai_generated,1,VideoPoet,34,d.mp4,VideoPoet/34/d.mp4,https://huggingface.co/datasets/faridlab/deepaction_v1/resolve/main/VideoPoet/34/d.mp4
VideoPoet__35__a,ai_generated,1,VideoPoet,35,a.mp4,VideoPoet/35/a.mp4,https://huggingface.co/datasets/faridlab/deepaction_v1/resolve/main/VideoPoet/35/a.mp4
VideoPoet__35__b,ai_generated,1,VideoPoet,35,b.mp4,VideoPoet/35/b.mp4,https://huggingface.co/datasets/faridlab/deepaction_v1/resolve/main/VideoPoet/35/b.mp4
VideoPoet__35__c,ai_generated,1,VideoPoet,35,c.mp4,VideoPoet/35/c.mp4,https://huggingface.co/datasets/faridlab/deepaction_v1/resolve/main/VideoPoet/35/c.mp4
VideoPoet__35__d,ai_generated,1,VideoPoet,35,d.mp4,VideoPoet/35/d.mp4,https://huggingface.co/datasets/faridlab/deepaction_v1/resolve/main/VideoPoet/35/d.mp4
VideoPoet__36__a,ai_generated,1,VideoPoet,36,a.mp4,VideoPoet/36/a.mp4,https://huggingface.co/datasets/faridlab/deepaction_v1/resolve/main/VideoPoet/36/a.mp4
VideoPoet__36__b,ai_generated,1,VideoPoet,36,b.mp4,VideoPoet/36/b.mp4,https://huggingface.co/datasets/faridlab/deepaction_v1/resolve/main/VideoPoet/36/b.mp4
VideoPoet__36__c,ai_generated,1,VideoPoet,36,c.mp4,VideoPoet/36/c.mp4,https://huggingface.co/datasets/faridlab/deepaction_v1/resolve/main/VideoPoet/36/c.mp4
VideoPoet__36__d,ai_generated,1,VideoPoet,36,d.mp4,VideoPoet/36/d.mp4,https://huggingface.co/datasets/faridlab/deepaction_v1/resolve/main/VideoPoet/36/d.mp4
VideoPoet__37__a,ai_generated,1,VideoPoet,37,a.mp4,VideoPoet/37/a.mp4,https://huggingface.co/datasets/faridlab/deepaction_v1/resolve/main/VideoPoet/37/a.mp4
VideoPoet__37__b,ai_generated,1,VideoPoet,37,b.mp4,VideoPoet/37/b.mp4,https://huggingface.co/datasets/faridlab/deepaction_v1/resolve/main/VideoPoet/37/b.mp4
VideoPoet__37__c,ai_generated,1,VideoPoet,37,c.mp4,VideoPoet/37/c.mp4,https://huggingface.co/datasets/faridlab/deepaction_v1/resolve/main/VideoPoet/37/c.mp4
VideoPoet__37__d,ai_generated,1,VideoPoet,37,d.mp4,VideoPoet/37/d.mp4,https://huggingface.co/datasets/faridlab/deepaction_v1/resolve/main/VideoPoet/37/d.mp4
VideoPoet__38__a,ai_generated,1,VideoPoet,38,a.mp4,VideoPoet/38/a.mp4,https://huggingface.co/datasets/faridlab/deepaction_v1/resolve/main/VideoPoet/38/a.mp4
VideoPoet__38__b,ai_generated,1,VideoPoet,38,b.mp4,VideoPoet/38/b.mp4,https://huggingface.co/datasets/faridlab/deepaction_v1/resolve/main/VideoPoet/38/b.mp4
VideoPoet__38__c,ai_generated,1,VideoPoet,38,c.mp4,VideoPoet/38/c.mp4,https://huggingface.co/datasets/faridlab/deepaction_v1/resolve/main/VideoPoet/38/c.mp4
VideoPoet__38__d,ai_generated,1,VideoPoet,38,d.mp4,VideoPoet/38/d.mp4,https://huggingface.co/datasets/faridlab/deepaction_v1/resolve/main/VideoPoet/38/d.mp4
VideoPoet__39__a,ai_generated,1,VideoPoet,39,a.mp4,VideoPoet/39/a.mp4,https://huggingface.co/datasets/faridlab/deepaction_v1/resolve/main/VideoPoet/39/a.mp4
VideoPoet__39__b,ai_generated,1,VideoPoet,39,b.mp4,VideoPoet/39/b.mp4,https://huggingface.co/datasets/faridlab/deepaction_v1/resolve/main/VideoPoet/39/b.mp4
VideoPoet__39__c,ai_generated,1,VideoPoet,39,c.mp4,VideoPoet/39/c.mp4,https://huggingface.co/datasets/faridlab/deepaction_v1/resolve/main/VideoPoet/39/c.mp4
VideoPoet__39__d,ai_generated,1,VideoPoet,39,d.mp4,VideoPoet/39/d.mp4,https://huggingface.co/datasets/faridlab/deepaction_v1/resolve/main/VideoPoet/39/d.mp4
VideoPoet__4__a,ai_generated,1,VideoPoet,4,a.mp4,VideoPoet/4/a.mp4,https://huggingface.co/datasets/faridlab/deepaction_v1/resolve/main/VideoPoet/4/a.mp4
VideoPoet__4__b,ai_generated,1,VideoPoet,4,b.mp4,VideoPoet/4/b.mp4,https://huggingface.co/datasets/faridlab/deepaction_v1/resolve/main/VideoPoet/4/b.mp4
VideoPoet__4__c,ai_generated,1,VideoPoet,4,c.mp4,VideoPoet/4/c.mp4,https://huggingface.co/datasets/faridlab/deepaction_v1/resolve/main/VideoPoet/4/c.mp4
VideoPoet__4__d,ai_generated,1,VideoPoet,4,d.mp4,VideoPoet/4/d.mp4,https://huggingface.co/datasets/faridlab/deepaction_v1/resolve/main/VideoPoet/4/d.mp4
VideoPoet__40__a,ai_generated,1,VideoPoet,40,a.mp4,VideoPoet/40/a.mp4,https://huggingface.co/datasets/faridlab/deepaction_v1/resolve/main/VideoPoet/40/a.mp4
VideoPoet__40__b,ai_generated,1,VideoPoet,40,b.mp4,VideoPoet/40/b.mp4,https://huggingface.co/datasets/faridlab/deepaction_v1/resolve/main/VideoPoet/40/b.mp4
VideoPoet__40__c,ai_generated,1,VideoPoet,40,c.mp4,VideoPoet/40/c.mp4,https://huggingface.co/datasets/faridlab/deepaction_v1/resolve/main/VideoPoet/40/c.mp4
VideoPoet__40__d,ai_generated,1,VideoPoet,40,d.mp4,VideoPoet/40/d.mp4,https://huggingface.co/datasets/faridlab/deepaction_v1/resolve/main/VideoPoet/40/d.mp4
VideoPoet__41__a,ai_generated,1,VideoPoet,41,a.mp4,VideoPoet/41/a.mp4,https://huggingface.co/datasets/faridlab/deepaction_v1/resolve/main/VideoPoet/41/a.mp4
VideoPoet__41__b,ai_generated,1,VideoPoet,41,b.mp4,VideoPoet/41/b.mp4,https://huggingface.co/datasets/faridlab/deepaction_v1/resolve/main/VideoPoet/41/b.mp4
VideoPoet__41__c,ai_generated,1,VideoPoet,41,c.mp4,VideoPoet/41/c.mp4,https://huggingface.co/datasets/faridlab/deepaction_v1/resolve/main/VideoPoet/41/c.mp4
VideoPoet__41__d,ai_generated,1,VideoPoet,41,d.mp4,VideoPoet/41/d.mp4,https://huggingface.co/datasets/faridlab/deepaction_v1/resolve/main/VideoPoet/41/d.mp4
VideoPoet__42__a,ai_generated,1,VideoPoet,42,a.mp4,VideoPoet/42/a.mp4,https://huggingface.co/datasets/faridlab/deepaction_v1/resolve/main/VideoPoet/42/a.mp4
VideoPoet__42__b,ai_generated,1,VideoPoet,42,b.mp4,VideoPoet/42/b.mp4,https://huggingface.co/datasets/faridlab/deepaction_v1/resolve/main/VideoPoet/42/b.mp4
VideoPoet__42__c,ai_generated,1,VideoPoet,42,c.mp4,VideoPoet/42/c.mp4,https://huggingface.co/datasets/faridlab/deepaction_v1/resolve/main/VideoPoet/42/c.mp4
VideoPoet__42__d,ai_generated,1,VideoPoet,42,d.mp4,VideoPoet/42/d.mp4,https://huggingface.co/datasets/faridlab/deepaction_v1/resolve/main/VideoPoet/42/d.mp4
VideoPoet__43__a,ai_generated,1,VideoPoet,43,a.mp4,VideoPoet/43/a.mp4,https://huggingface.co/datasets/faridlab/deepaction_v1/resolve/main/VideoPoet/43/a.mp4
VideoPoet__43__b,ai_generated,1,VideoPoet,43,b.mp4,VideoPoet/43/b.mp4,https://huggingface.co/datasets/faridlab/deepaction_v1/resolve/main/VideoPoet/43/b.mp4
VideoPoet__43__c,ai_generated,1,VideoPoet,43,c.mp4,VideoPoet/43/c.mp4,https://huggingface.co/datasets/faridlab/deepaction_v1/resolve/main/VideoPoet/43/c.mp4
VideoPoet__43__d,ai_generated,1,VideoPoet,43,d.mp4,VideoPoet/43/d.mp4,https://huggingface.co/datasets/faridlab/deepaction_v1/resolve/main/VideoPoet/43/d.mp4
VideoPoet__44__a,ai_generated,1,VideoPoet,44,a.mp4,VideoPoet/44/a.mp4,https://huggingface.co/datasets/faridlab/deepaction_v1/resolve/main/VideoPoet/44/a.mp4
VideoPoet__44__b,ai_generated,1,VideoPoet,44,b.mp4,VideoPoet/44/b.mp4,https://huggingface.co/datasets/faridlab/deepaction_v1/resolve/main/VideoPoet/44/b.mp4
VideoPoet__44__c,ai_generated,1,VideoPoet,44,c.mp4,VideoPoet/44/c.mp4,https://huggingface.co/datasets/faridlab/deepaction_v1/resolve/main/VideoPoet/44/c.mp4
VideoPoet__44__d,ai_generated,1,VideoPoet,44,d.mp4,VideoPoet/44/d.mp4,https://huggingface.co/datasets/faridlab/deepaction_v1/resolve/main/VideoPoet/44/d.mp4
VideoPoet__45__a,ai_generated,1,VideoPoet,45,a.mp4,VideoPoet/45/a.mp4,https://huggingface.co/datasets/faridlab/deepaction_v1/resolve/main/VideoPoet/45/a.mp4
VideoPoet__45__b,ai_generated,1,VideoPoet,45,b.mp4,VideoPoet/45/b.mp4,https://huggingface.co/datasets/faridlab/deepaction_v1/resolve/main/VideoPoet/45/b.mp4
VideoPoet__45__c,ai_generated,1,VideoPoet,45,c.mp4,VideoPoet/45/c.mp4,https://huggingface.co/datasets/faridlab/deepaction_v1/resolve/main/VideoPoet/45/c.mp4
VideoPoet__45__d,ai_generated,1,VideoPoet,45,d.mp4,VideoPoet/45/d.mp4,https://huggingface.co/datasets/faridlab/deepaction_v1/resolve/main/VideoPoet/45/d.mp4
VideoPoet__46__a,ai_generated,1,VideoPoet,46,a.mp4,VideoPoet/46/a.mp4,https://huggingface.co/datasets/faridlab/deepaction_v1/resolve/main/VideoPoet/46/a.mp4
VideoPoet__46__b,ai_generated,1,VideoPoet,46,b.mp4,VideoPoet/46/b.mp4,https://huggingface.co/datasets/faridlab/deepaction_v1/resolve/main/VideoPoet/46/b.mp4
VideoPoet__46__c,ai_generated,1,VideoPoet,46,c.mp4,VideoPoet/46/c.mp4,https://huggingface.co/datasets/faridlab/deepaction_v1/resolve/main/VideoPoet/46/c.mp4
VideoPoet__46__d,ai_generated,1,VideoPoet,46,d.mp4,VideoPoet/46/d.mp4,https://huggingface.co/datasets/faridlab/deepaction_v1/resolve/main/VideoPoet/46/d.mp4
VideoPoet__47__a,ai_generated,1,VideoPoet,47,a.mp4,VideoPoet/47/a.mp4,https://huggingface.co/datasets/faridlab/deepaction_v1/resolve/main/VideoPoet/47/a.mp4
VideoPoet__47__b,ai_generated,1,VideoPoet,47,b.mp4,VideoPoet/47/b.mp4,https://huggingface.co/datasets/faridlab/deepaction_v1/resolve/main/VideoPoet/47/b.mp4
VideoPoet__47__c,ai_generated,1,VideoPoet,47,c.mp4,VideoPoet/47/c.mp4,https://huggingface.co/datasets/faridlab/deepaction_v1/resolve/main/VideoPoet/47/c.mp4
VideoPoet__47__d,ai_generated,1,VideoPoet,47,d.mp4,VideoPoet/47/d.mp4,https://huggingface.co/datasets/faridlab/deepaction_v1/resolve/main/VideoPoet/47/d.mp4
VideoPoet__48__a,ai_generated,1,VideoPoet,48,a.mp4,VideoPoet/48/a.mp4,https://huggingface.co/datasets/faridlab/deepaction_v1/resolve/main/VideoPoet/48/a.mp4
VideoPoet__48__b,ai_generated,1,VideoPoet,48,b.mp4,VideoPoet/48/b.mp4,https://huggingface.co/datasets/faridlab/deepaction_v1/resolve/main/VideoPoet/48/b.mp4
VideoPoet__48__c,ai_generated,1,VideoPoet,48,c.mp4,VideoPoet/48/c.mp4,https://huggingface.co/datasets/faridlab/deepaction_v1/resolve/main/VideoPoet/48/c.mp4
VideoPoet__48__d,ai_generated,1,VideoPoet,48,d.mp4,VideoPoet/48/d.mp4,https://huggingface.co/datasets/faridlab/deepaction_v1/resolve/main/VideoPoet/48/d.mp4
VideoPoet__49__a,ai_generated,1,VideoPoet,49,a.mp4,VideoPoet/49/a.mp4,https://huggingface.co/datasets/faridlab/deepaction_v1/resolve/main/VideoPoet/49/a.mp4
VideoPoet__49__b,ai_generated,1,VideoPoet,49,b.mp4,VideoPoet/49/b.mp4,https://huggingface.co/datasets/faridlab/deepaction_v1/resolve/main/VideoPoet/49/b.mp4
VideoPoet__49__c,ai_generated,1,VideoPoet,49,c.mp4,VideoPoet/49/c.mp4,https://huggingface.co/datasets/faridlab/deepaction_v1/resolve/main/VideoPoet/49/c.mp4
VideoPoet__49__d,ai_generated,1,VideoPoet,49,d.mp4,VideoPoet/49/d.mp4,https://huggingface.co/datasets/faridlab/deepaction_v1/resolve/main/VideoPoet/49/d.mp4
VideoPoet__5__a,ai_generated,1,VideoPoet,5,a.mp4,VideoPoet/5/a.mp4,https://huggingface.co/datasets/faridlab/deepaction_v1/resolve/main/VideoPoet/5/a.mp4
VideoPoet__5__b,ai_generated,1,VideoPoet,5,b.mp4,VideoPoet/5/b.mp4,https://huggingface.co/datasets/faridlab/deepaction_v1/resolve/main/VideoPoet/5/b.mp4
VideoPoet__5__c,ai_generated,1,VideoPoet,5,c.mp4,VideoPoet/5/c.mp4,https://huggingface.co/datasets/faridlab/deepaction_v1/resolve/main/VideoPoet/5/c.mp4
VideoPoet__5__d,ai_generated,1,VideoPoet,5,d.mp4,VideoPoet/5/d.mp4,https://huggingface.co/datasets/faridlab/deepaction_v1/resolve/main/VideoPoet/5/d.mp4
VideoPoet__50__a,ai_generated,1,VideoPoet,50,a.mp4,VideoPoet/50/a.mp4,https://huggingface.co/datasets/faridlab/deepaction_v1/resolve/main/VideoPoet/50/a.mp4
VideoPoet__50__b,ai_generated,1,VideoPoet,50,b.mp4,VideoPoet/50/b.mp4,https://huggingface.co/datasets/faridlab/deepaction_v1/resolve/main/VideoPoet/50/b.mp4
VideoPoet__50__c,ai_generated,1,VideoPoet,50,c.mp4,VideoPoet/50/c.mp4,https://huggingface.co/datasets/faridlab/deepaction_v1/resolve/main/VideoPoet/50/c.mp4
VideoPoet__50__d,ai_generated,1,VideoPoet,50,d.mp4,VideoPoet/50/d.mp4,https://huggingface.co/datasets/faridlab/deepaction_v1/resolve/main/VideoPoet/50/d.mp4
VideoPoet__51__a,ai_generated,1,VideoPoet,51,a.mp4,VideoPoet/51/a.mp4,https://huggingface.co/datasets/faridlab/deepaction_v1/resolve/main/VideoPoet/51/a.mp4
VideoPoet__51__b,ai_generated,1,VideoPoet,51,b.mp4,VideoPoet/51/b.mp4,https://huggingface.co/datasets/faridlab/deepaction_v1/resolve/main/VideoPoet/51/b.mp4
VideoPoet__51__c,ai_generated,1,VideoPoet,51,c.mp4,VideoPoet/51/c.mp4,https://huggingface.co/datasets/faridlab/deepaction_v1/resolve/main/VideoPoet/51/c.mp4
VideoPoet__51__d,ai_generated,1,VideoPoet,51,d.mp4,VideoPoet/51/d.mp4,https://huggingface.co/datasets/faridlab/deepaction_v1/resolve/main/VideoPoet/51/d.mp4
VideoPoet__52__a,ai_generated,1,VideoPoet,52,a.mp4,VideoPoet/52/a.mp4,https://huggingface.co/datasets/faridlab/deepaction_v1/resolve/main/VideoPoet/52/a.mp4
VideoPoet__52__b,ai_generated,1,VideoPoet,52,b.mp4,VideoPoet/52/b.mp4,https://huggingface.co/datasets/faridlab/deepaction_v1/resolve/main/VideoPoet/52/b.mp4
VideoPoet__52__c,ai_generated,1,VideoPoet,52,c.mp4,VideoPoet/52/c.mp4,https://huggingface.co/datasets/faridlab/deepaction_v1/resolve/main/VideoPoet/52/c.mp4
VideoPoet__52__d,ai_generated,1,VideoPoet,52,d.mp4,VideoPoet/52/d.mp4,https://huggingface.co/datasets/faridlab/deepaction_v1/resolve/main/VideoPoet/52/d.mp4
VideoPoet__53__a,ai_generated,1,VideoPoet,53,a.mp4,VideoPoet/53/a.mp4,https://huggingface.co/datasets/faridlab/deepaction_v1/resolve/main/VideoPoet/53/a.mp4
VideoPoet__53__b,ai_generated,1,VideoPoet,53,b.mp4,VideoPoet/53/b.mp4,https://huggingface.co/datasets/faridlab/deepaction_v1/resolve/main/VideoPoet/53/b.mp4
VideoPoet__53__c,ai_generated,1,VideoPoet,53,c.mp4,VideoPoet/53/c.mp4,https://huggingface.co/datasets/faridlab/deepaction_v1/resolve/main/VideoPoet/53/c.mp4
VideoPoet__53__d,ai_generated,1,VideoPoet,53,d.mp4,VideoPoet/53/d.mp4,https://huggingface.co/datasets/faridlab/deepaction_v1/resolve/main/VideoPoet/53/d.mp4
VideoPoet__54__a,ai_generated,1,VideoPoet,54,a.mp4,VideoPoet/54/a.mp4,https://huggingface.co/datasets/faridlab/deepaction_v1/resolve/main/VideoPoet/54/a.mp4
VideoPoet__54__b,ai_generated,1,VideoPoet,54,b.mp4,VideoPoet/54/b.mp4,https://huggingface.co/datasets/faridlab/deepaction_v1/resolve/main/VideoPoet/54/b.mp4
VideoPoet__54__c,ai_generated,1,VideoPoet,54,c.mp4,VideoPoet/54/c.mp4,https://huggingface.co/datasets/faridlab/deepaction_v1/resolve/main/VideoPoet/54/c.mp4
VideoPoet__54__d,ai_generated,1,VideoPoet,54,d.mp4,VideoPoet/54/d.mp4,https://huggingface.co/datasets/faridlab/deepaction_v1/resolve/main/VideoPoet/54/d.mp4
VideoPoet__55__a,ai_generated,1,VideoPoet,55,a.mp4,VideoPoet/55/a.mp4,https://huggingface.co/datasets/faridlab/deepaction_v1/resolve/main/VideoPoet/55/a.mp4
VideoPoet__55__b,ai_generated,1,VideoPoet,55,b.mp4,VideoPoet/55/b.mp4,https://huggingface.co/datasets/faridlab/deepaction_v1/resolve/main/VideoPoet/55/b.mp4
VideoPoet__55__c,ai_generated,1,VideoPoet,55,c.mp4,VideoPoet/55/c.mp4,https://huggingface.co/datasets/faridlab/deepaction_v1/resolve/main/VideoPoet/55/c.mp4
VideoPoet__55__d,ai_generated,1,VideoPoet,55,d.mp4,VideoPoet/55/d.mp4,https://huggingface.co/datasets/faridlab/deepaction_v1/resolve/main/VideoPoet/55/d.mp4
VideoPoet__56__a,ai_generated,1,VideoPoet,56,a.mp4,VideoPoet/56/a.mp4,https://huggingface.co/datasets/faridlab/deepaction_v1/resolve/main/VideoPoet/56/a.mp4
VideoPoet__56__b,ai_generated,1,VideoPoet,56,b.mp4,VideoPoet/56/b.mp4,https://huggingface.co/datasets/faridlab/deepaction_v1/resolve/main/VideoPoet/56/b.mp4
VideoPoet__56__c,ai_generated,1,VideoPoet,56,c.mp4,VideoPoet/56/c.mp4,https://huggingface.co/datasets/faridlab/deepaction_v1/resolve/main/VideoPoet/56/c.mp4
VideoPoet__56__d,ai_generated,1,VideoPoet,56,d.mp4,VideoPoet/56/d.mp4,https://huggingface.co/datasets/faridlab/deepaction_v1/resolve/main/VideoPoet/56/d.mp4
VideoPoet__57__a,ai_generated,1,VideoPoet,57,a.mp4,VideoPoet/57/a.mp4,https://huggingface.co/datasets/faridlab/deepaction_v1/resolve/main/VideoPoet/57/a.mp4
VideoPoet__57__b,ai_generated,1,VideoPoet,57,b.mp4,VideoPoet/57/b.mp4,https://huggingface.co/datasets/faridlab/deepaction_v1/resolve/main/VideoPoet/57/b.mp4
VideoPoet__57__c,ai_generated,1,VideoPoet,57,c.mp4,VideoPoet/57/c.mp4,https://huggingface.co/datasets/faridlab/deepaction_v1/resolve/main/VideoPoet/57/c.mp4
VideoPoet__57__d,ai_generated,1,VideoPoet,57,d.mp4,VideoPoet/57/d.mp4,https://huggingface.co/datasets/faridlab/deepaction_v1/resolve/main/VideoPoet/57/d.mp4
VideoPoet__58__a,ai_generated,1,VideoPoet,58,a.mp4,VideoPoet/58/a.mp4,https://huggingface.co/datasets/faridlab/deepaction_v1/resolve/main/VideoPoet/58/a.mp4
VideoPoet__58__b,ai_generated,1,VideoPoet,58,b.mp4,VideoPoet/58/b.mp4,https://huggingface.co/datasets/faridlab/deepaction_v1/resolve/main/VideoPoet/58/b.mp4
VideoPoet__58__c,ai_generated,1,VideoPoet,58,c.mp4,VideoPoet/58/c.mp4,https://huggingface.co/datasets/faridlab/deepaction_v1/resolve/main/VideoPoet/58/c.mp4
VideoPoet__58__d,ai_generated,1,VideoPoet,58,d.mp4,VideoPoet/58/d.mp4,https://huggingface.co/datasets/faridlab/deepaction_v1/resolve/main/VideoPoet/58/d.mp4
VideoPoet__59__a,ai_generated,1,VideoPoet,59,a.mp4,VideoPoet/59/a.mp4,https://huggingface.co/datasets/faridlab/deepaction_v1/resolve/main/VideoPoet/59/a.mp4
VideoPoet__59__b,ai_generated,1,VideoPoet,59,b.mp4,VideoPoet/59/b.mp4,https://huggingface.co/datasets/faridlab/deepaction_v1/resolve/main/VideoPoet/59/b.mp4
VideoPoet__59__c,ai_generated,1,VideoPoet,59,c.mp4,VideoPoet/59/c.mp4,https://huggingface.co/datasets/faridlab/deepaction_v1/resolve/main/VideoPoet/59/c.mp4
VideoPoet__59__d,ai_generated,1,VideoPoet,59,d.mp4,VideoPoet/59/d.mp4,https://huggingface.co/datasets/faridlab/deepaction_v1/resolve/main/VideoPoet/59/d.mp4
VideoPoet__6__a,ai_generated,1,VideoPoet,6,a.mp4,VideoPoet/6/a.mp4,https://huggingface.co/datasets/faridlab/deepaction_v1/resolve/main/VideoPoet/6/a.mp4
VideoPoet__6__b,ai_generated,1,VideoPoet,6,b.mp4,VideoPoet/6/b.mp4,https://huggingface.co/datasets/faridlab/deepaction_v1/resolve/main/VideoPoet/6/b.mp4
VideoPoet__6__c,ai_generated,1,VideoPoet,6,c.mp4,VideoPoet/6/c.mp4,https://huggingface.co/datasets/faridlab/deepaction_v1/resolve/main/VideoPoet/6/c.mp4
VideoPoet__6__d,ai_generated,1,VideoPoet,6,d.mp4,VideoPoet/6/d.mp4,https://huggingface.co/datasets/faridlab/deepaction_v1/resolve/main/VideoPoet/6/d.mp4
VideoPoet__60__a,ai_generated,1,VideoPoet,60,a.mp4,VideoPoet/60/a.mp4,https://huggingface.co/datasets/faridlab/deepaction_v1/resolve/main/VideoPoet/60/a.mp4
VideoPoet__60__b,ai_generated,1,VideoPoet,60,b.mp4,VideoPoet/60/b.mp4,https://huggingface.co/datasets/faridlab/deepaction_v1/resolve/main/VideoPoet/60/b.mp4
VideoPoet__60__c,ai_generated,1,VideoPoet,60,c.mp4,VideoPoet/60/c.mp4,https://huggingface.co/datasets/faridlab/deepaction_v1/resolve/main/VideoPoet/60/c.mp4
VideoPoet__60__d,ai_generated,1,VideoPoet,60,d.mp4,VideoPoet/60/d.mp4,https://huggingface.co/datasets/faridlab/deepaction_v1/resolve/main/VideoPoet/60/d.mp4
VideoPoet__61__a,ai_generated,1,VideoPoet,61,a.mp4,VideoPoet/61/a.mp4,https://huggingface.co/datasets/faridlab/deepaction_v1/resolve/main/VideoPoet/61/a.mp4
VideoPoet__61__b,ai_generated,1,VideoPoet,61,b.mp4,VideoPoet/61/b.mp4,https://huggingface.co/datasets/faridlab/deepaction_v1/resolve/main/VideoPoet/61/b.mp4
VideoPoet__61__c,ai_generated,1,VideoPoet,61,c.mp4,VideoPoet/61/c.mp4,https://huggingface.co/datasets/faridlab/deepaction_v1/resolve/main/VideoPoet/61/c.mp4
VideoPoet__61__d,ai_generated,1,VideoPoet,61,d.mp4,VideoPoet/61/d.mp4,https://huggingface.co/datasets/faridlab/deepaction_v1/resolve/main/VideoPoet/61/d.mp4
VideoPoet__62__a,ai_generated,1,VideoPoet,62,a.mp4,VideoPoet/62/a.mp4,https://huggingface.co/datasets/faridlab/deepaction_v1/resolve/main/VideoPoet/62/a.mp4
VideoPoet__62__b,ai_generated,1,VideoPoet,62,b.mp4,VideoPoet/62/b.mp4,https://huggingface.co/datasets/faridlab/deepaction_v1/resolve/main/VideoPoet/62/b.mp4
VideoPoet__62__c,ai_generated,1,VideoPoet,62,c.mp4,VideoPoet/62/c.mp4,https://huggingface.co/datasets/faridlab/deepaction_v1/resolve/main/VideoPoet/62/c.mp4
VideoPoet__62__d,ai_generated,1,VideoPoet,62,d.mp4,VideoPoet/62/d.mp4,https://huggingface.co/datasets/faridlab/deepaction_v1/resolve/main/VideoPoet/62/d.mp4
VideoPoet__63__a,ai_generated,1,VideoPoet,63,a.mp4,VideoPoet/63/a.mp4,https://huggingface.co/datasets/faridlab/deepaction_v1/resolve/main/VideoPoet/63/a.mp4
VideoPoet__63__b,ai_generated,1,VideoPoet,63,b.mp4,VideoPoet/63/b.mp4,https://huggingface.co/datasets/faridlab/deepaction_v1/resolve/main/VideoPoet/63/b.mp4
VideoPoet__63__c,ai_generated,1,VideoPoet,63,c.mp4,VideoPoet/63/c.mp4,https://huggingface.co/datasets/faridlab/deepaction_v1/resolve/main/VideoPoet/63/c.mp4
VideoPoet__63__d,ai_generated,1,VideoPoet,63,d.mp4,VideoPoet/63/d.mp4,https://huggingface.co/datasets/faridlab/deepaction_v1/resolve/main/VideoPoet/63/d.mp4
VideoPoet__64__a,ai_generated,1,VideoPoet,64,a.mp4,VideoPoet/64/a.mp4,https://huggingface.co/datasets/faridlab/deepaction_v1/resolve/main/VideoPoet/64/a.mp4
VideoPoet__64__b,ai_generated,1,VideoPoet,64,b.mp4,VideoPoet/64/b.mp4,https://huggingface.co/datasets/faridlab/deepaction_v1/resolve/main/VideoPoet/64/b.mp4
VideoPoet__64__c,ai_generated,1,VideoPoet,64,c.mp4,VideoPoet/64/c.mp4,https://huggingface.co/datasets/faridlab/deepaction_v1/resolve/main/VideoPoet/64/c.mp4
VideoPoet__64__d,ai_generated,1,VideoPoet,64,d.mp4,VideoPoet/64/d.mp4,https://huggingface.co/datasets/faridlab/deepaction_v1/resolve/main/VideoPoet/64/d.mp4
VideoPoet__65__a,ai_generated,1,VideoPoet,65,a.mp4,VideoPoet/65/a.mp4,https://huggingface.co/datasets/faridlab/deepaction_v1/resolve/main/VideoPoet/65/a.mp4
VideoPoet__65__b,ai_generated,1,VideoPoet,65,b.mp4,VideoPoet/65/b.mp4,https://huggingface.co/datasets/faridlab/deepaction_v1/resolve/main/VideoPoet/65/b.mp4
VideoPoet__65__c,ai_generated,1,VideoPoet,65,c.mp4,VideoPoet/65/c.mp4,https://huggingface.co/datasets/faridlab/deepaction_v1/resolve/main/VideoPoet/65/c.mp4
VideoPoet__65__d,ai_generated,1,VideoPoet,65,d.mp4,VideoPoet/65/d.mp4,https://huggingface.co/datasets/faridlab/deepaction_v1/resolve/main/VideoPoet/65/d.mp4
VideoPoet__66__a,ai_generated,1,VideoPoet,66,a.mp4,VideoPoet/66/a.mp4,https://huggingface.co/datasets/faridlab/deepaction_v1/resolve/main/VideoPoet/66/a.mp4
VideoPoet__66__b,ai_generated,1,VideoPoet,66,b.mp4,VideoPoet/66/b.mp4,https://huggingface.co/datasets/faridlab/deepaction_v1/resolve/main/VideoPoet/66/b.mp4
VideoPoet__66__c,ai_generated,1,VideoPoet,66,c.mp4,VideoPoet/66/c.mp4,https://huggingface.co/datasets/faridlab/deepaction_v1/resolve/main/VideoPoet/66/c.mp4
VideoPoet__66__d,ai_generated,1,VideoPoet,66,d.mp4,VideoPoet/66/d.mp4,https://huggingface.co/datasets/faridlab/deepaction_v1/resolve/main/VideoPoet/66/d.mp4
VideoPoet__67__a,ai_generated,1,VideoPoet,67,a.mp4,VideoPoet/67/a.mp4,https://huggingface.co/datasets/faridlab/deepaction_v1/resolve/main/VideoPoet/67/a.mp4
VideoPoet__67__b,ai_generated,1,VideoPoet,67,b.mp4,VideoPoet/67/b.mp4,https://huggingface.co/datasets/faridlab/deepaction_v1/resolve/main/VideoPoet/67/b.mp4
VideoPoet__67__c,ai_generated,1,VideoPoet,67,c.mp4,VideoPoet/67/c.mp4,https://huggingface.co/datasets/faridlab/deepaction_v1/resolve/main/VideoPoet/67/c.mp4
VideoPoet__67__d,ai_generated,1,VideoPoet,67,d.mp4,VideoPoet/67/d.mp4,https://huggingface.co/datasets/faridlab/deepaction_v1/resolve/main/VideoPoet/67/d.mp4
VideoPoet__68__a,ai_generated,1,VideoPoet,68,a.mp4,VideoPoet/68/a.mp4,https://huggingface.co/datasets/faridlab/deepaction_v1/resolve/main/VideoPoet/68/a.mp4
VideoPoet__68__b,ai_generated,1,VideoPoet,68,b.mp4,VideoPoet/68/b.mp4,https://huggingface.co/datasets/faridlab/deepaction_v1/resolve/main/VideoPoet/68/b.mp4
VideoPoet__68__c,ai_generated,1,VideoPoet,68,c.mp4,VideoPoet/68/c.mp4,https://huggingface.co/datasets/faridlab/deepaction_v1/resolve/main/VideoPoet/68/c.mp4
VideoPoet__68__d,ai_generated,1,VideoPoet,68,d.mp4,VideoPoet/68/d.mp4,https://huggingface.co/datasets/faridlab/deepaction_v1/resolve/main/VideoPoet/68/d.mp4
VideoPoet__69__a,ai_generated,1,VideoPoet,69,a.mp4,VideoPoet/69/a.mp4,https://huggingface.co/datasets/faridlab/deepaction_v1/resolve/main/VideoPoet/69/a.mp4
VideoPoet__69__b,ai_generated,1,VideoPoet,69,b.mp4,VideoPoet/69/b.mp4,https://huggingface.co/datasets/faridlab/deepaction_v1/resolve/main/VideoPoet/69/b.mp4
VideoPoet__69__c,ai_generated,1,VideoPoet,69,c.mp4,VideoPoet/69/c.mp4,https://huggingface.co/datasets/faridlab/deepaction_v1/resolve/main/VideoPoet/69/c.mp4
VideoPoet__69__d,ai_generated,1,VideoPoet,69,d.mp4,VideoPoet/69/d.mp4,https://huggingface.co/datasets/faridlab/deepaction_v1/resolve/main/VideoPoet/69/d.mp4
VideoPoet__7__a,ai_generated,1,VideoPoet,7,a.mp4,VideoPoet/7/a.mp4,https://huggingface.co/datasets/faridlab/deepaction_v1/resolve/main/VideoPoet/7/a.mp4
VideoPoet__7__b,ai_generated,1,VideoPoet,7,b.mp4,VideoPoet/7/b.mp4,https://huggingface.co/datasets/faridlab/deepaction_v1/resolve/main/VideoPoet/7/b.mp4
VideoPoet__7__c,ai_generated,1,VideoPoet,7,c.mp4,VideoPoet/7/c.mp4,https://huggingface.co/datasets/faridlab/deepaction_v1/resolve/main/VideoPoet/7/c.mp4
VideoPoet__7__d,ai_generated,1,VideoPoet,7,d.mp4,VideoPoet/7/d.mp4,https://huggingface.co/datasets/faridlab/deepaction_v1/resolve/main/VideoPoet/7/d.mp4
VideoPoet__70__a,ai_generated,1,VideoPoet,70,a.mp4,VideoPoet/70/a.mp4,https://huggingface.co/datasets/faridlab/deepaction_v1/resolve/main/VideoPoet/70/a.mp4
VideoPoet__70__b,ai_generated,1,VideoPoet,70,b.mp4,VideoPoet/70/b.mp4,https://huggingface.co/datasets/faridlab/deepaction_v1/resolve/main/VideoPoet/70/b.mp4
VideoPoet__70__c,ai_generated,1,VideoPoet,70,c.mp4,VideoPoet/70/c.mp4,https://huggingface.co/datasets/faridlab/deepaction_v1/resolve/main/VideoPoet/70/c.mp4
VideoPoet__70__d,ai_generated,1,VideoPoet,70,d.mp4,VideoPoet/70/d.mp4,https://huggingface.co/datasets/faridlab/deepaction_v1/resolve/main/VideoPoet/70/d.mp4
VideoPoet__71__a,ai_generated,1,VideoPoet,71,a.mp4,VideoPoet/71/a.mp4,https://huggingface.co/datasets/faridlab/deepaction_v1/resolve/main/VideoPoet/71/a.mp4
VideoPoet__71__b,ai_generated,1,VideoPoet,71,b.mp4,VideoPoet/71/b.mp4,https://huggingface.co/datasets/faridlab/deepaction_v1/resolve/main/VideoPoet/71/b.mp4
VideoPoet__71__c,ai_generated,1,VideoPoet,71,c.mp4,VideoPoet/71/c.mp4,https://huggingface.co/datasets/faridlab/deepaction_v1/resolve/main/VideoPoet/71/c.mp4
VideoPoet__71__d,ai_generated,1,VideoPoet,71,d.mp4,VideoPoet/71/d.mp4,https://huggingface.co/datasets/faridlab/deepaction_v1/resolve/main/VideoPoet/71/d.mp4
VideoPoet__72__a,ai_generated,1,VideoPoet,72,a.mp4,VideoPoet/72/a.mp4,https://huggingface.co/datasets/faridlab/deepaction_v1/resolve/main/VideoPoet/72/a.mp4
VideoPoet__72__b,ai_generated,1,VideoPoet,72,b.mp4,VideoPoet/72/b.mp4,https://huggingface.co/datasets/faridlab/deepaction_v1/resolve/main/VideoPoet/72/b.mp4
VideoPoet__72__c,ai_generated,1,VideoPoet,72,c.mp4,VideoPoet/72/c.mp4,https://huggingface.co/datasets/faridlab/deepaction_v1/resolve/main/VideoPoet/72/c.mp4
VideoPoet__72__d,ai_generated,1,VideoPoet,72,d.mp4,VideoPoet/72/d.mp4,https://huggingface.co/datasets/faridlab/deepaction_v1/resolve/main/VideoPoet/72/d.mp4
VideoPoet__73__a,ai_generated,1,VideoPoet,73,a.mp4,VideoPoet/73/a.mp4,https://huggingface.co/datasets/faridlab/deepaction_v1/resolve/main/VideoPoet/73/a.mp4
VideoPoet__73__b,ai_generated,1,VideoPoet,73,b.mp4,VideoPoet/73/b.mp4,https://huggingface.co/datasets/faridlab/deepaction_v1/resolve/main/VideoPoet/73/b.mp4
VideoPoet__73__c,ai_generated,1,VideoPoet,73,c.mp4,VideoPoet/73/c.mp4,https://huggingface.co/datasets/faridlab/deepaction_v1/resolve/main/VideoPoet/73/c.mp4
VideoPoet__73__d,ai_generated,1,VideoPoet,73,d.mp4,VideoPoet/73/d.mp4,https://huggingface.co/datasets/faridlab/deepaction_v1/resolve/main/VideoPoet/73/d.mp4
VideoPoet__74__a,ai_generated,1,VideoPoet,74,a.mp4,VideoPoet/74/a.mp4,https://huggingface.co/datasets/faridlab/deepaction_v1/resolve/main/VideoPoet/74/a.mp4
VideoPoet__74__b,ai_generated,1,VideoPoet,74,b.mp4,VideoPoet/74/b.mp4,https://huggingface.co/datasets/faridlab/deepaction_v1/resolve/main/VideoPoet/74/b.mp4
VideoPoet__74__c,ai_generated,1,VideoPoet,74,c.mp4,VideoPoet/74/c.mp4,https://huggingface.co/datasets/faridlab/deepaction_v1/resolve/main/VideoPoet/74/c.mp4
VideoPoet__74__d,ai_generated,1,VideoPoet,74,d.mp4,VideoPoet/74/d.mp4,https://huggingface.co/datasets/faridlab/deepaction_v1/resolve/main/VideoPoet/74/d.mp4
VideoPoet__75__a,ai_generated,1,VideoPoet,75,a.mp4,VideoPoet/75/a.mp4,https://huggingface.co/datasets/faridlab/deepaction_v1/resolve/main/VideoPoet/75/a.mp4
VideoPoet__75__b,ai_generated,1,VideoPoet,75,b.mp4,VideoPoet/75/b.mp4,https://huggingface.co/datasets/faridlab/deepaction_v1/resolve/main/VideoPoet/75/b.mp4
VideoPoet__75__c,ai_generated,1,VideoPoet,75,c.mp4,VideoPoet/75/c.mp4,https://huggingface.co/datasets/faridlab/deepaction_v1/resolve/main/VideoPoet/75/c.mp4
VideoPoet__75__d,ai_generated,1,VideoPoet,75,d.mp4,VideoPoet/75/d.mp4,https://huggingface.co/datasets/faridlab/deepaction_v1/resolve/main/VideoPoet/75/d.mp4
VideoPoet__76__a,ai_generated,1,VideoPoet,76,a.mp4,VideoPoet/76/a.mp4,https://huggingface.co/datasets/faridlab/deepaction_v1/resolve/main/VideoPoet/76/a.mp4
VideoPoet__76__b,ai_generated,1,VideoPoet,76,b.mp4,VideoPoet/76/b.mp4,https://huggingface.co/datasets/faridlab/deepaction_v1/resolve/main/VideoPoet/76/b.mp4
VideoPoet__76__c,ai_generated,1,VideoPoet,76,c.mp4,VideoPoet/76/c.mp4,https://huggingface.co/datasets/faridlab/deepaction_v1/resolve/main/VideoPoet/76/c.mp4
VideoPoet__76__d,ai_generated,1,VideoPoet,76,d.mp4,VideoPoet/76/d.mp4,https://huggingface.co/datasets/faridlab/deepaction_v1/resolve/main/VideoPoet/76/d.mp4
VideoPoet__77__a,ai_generated,1,VideoPoet,77,a.mp4,VideoPoet/77/a.mp4,https://huggingface.co/datasets/faridlab/deepaction_v1/resolve/main/VideoPoet/77/a.mp4
VideoPoet__77__b,ai_generated,1,VideoPoet,77,b.mp4,VideoPoet/77/b.mp4,https://huggingface.co/datasets/faridlab/deepaction_v1/resolve/main/VideoPoet/77/b.mp4
VideoPoet__77__c,ai_generated,1,VideoPoet,77,c.mp4,VideoPoet/77/c.mp4,https://huggingface.co/datasets/faridlab/deepaction_v1/resolve/main/VideoPoet/77/c.mp4
VideoPoet__77__d,ai_generated,1,VideoPoet,77,d.mp4,VideoPoet/77/d.mp4,https://huggingface.co/datasets/faridlab/deepaction_v1/resolve/main/VideoPoet/77/d.mp4
VideoPoet__78__a,ai_generated,1,VideoPoet,78,a.mp4,VideoPoet/78/a.mp4,https://huggingface.co/datasets/faridlab/deepaction_v1/resolve/main/VideoPoet/78/a.mp4
VideoPoet__78__b,ai_generated,1,VideoPoet,78,b.mp4,VideoPoet/78/b.mp4,https://huggingface.co/datasets/faridlab/deepaction_v1/resolve/main/VideoPoet/78/b.mp4
VideoPoet__78__c,ai_generated,1,VideoPoet,78,c.mp4,VideoPoet/78/c.mp4,https://huggingface.co/datasets/faridlab/deepaction_v1/resolve/main/VideoPoet/78/c.mp4
VideoPoet__78__d,ai_generated,1,VideoPoet,78,d.mp4,VideoPoet/78/d.mp4,https://huggingface.co/datasets/faridlab/deepaction_v1/resolve/main/VideoPoet/78/d.mp4
VideoPoet__79__a,ai_generated,1,VideoPoet,79,a.mp4,VideoPoet/79/a.mp4,https://huggingface.co/datasets/faridlab/deepaction_v1/resolve/main/VideoPoet/79/a.mp4
VideoPoet__79__b,ai_generated,1,VideoPoet,79,b.mp4,VideoPoet/79/b.mp4,https://huggingface.co/datasets/faridlab/deepaction_v1/resolve/main/VideoPoet/79/b.mp4
VideoPoet__79__c,ai_generated,1,VideoPoet,79,c.mp4,VideoPoet/79/c.mp4,https://huggingface.co/datasets/faridlab/deepaction_v1/resolve/main/VideoPoet/79/c.mp4
VideoPoet__79__d,ai_generated,1,VideoPoet,79,d.mp4,VideoPoet/79/d.mp4,https://huggingface.co/datasets/faridlab/deepaction_v1/resolve/main/VideoPoet/79/d.mp4
VideoPoet__8__a,ai_generated,1,VideoPoet,8,a.mp4,VideoPoet/8/a.mp4,https://huggingface.co/datasets/faridlab/deepaction_v1/resolve/main/VideoPoet/8/a.mp4
VideoPoet__8__b,ai_generated,1,VideoPoet,8,b.mp4,VideoPoet/8/b.mp4,https://huggingface.co/datasets/faridlab/deepaction_v1/resolve/main/VideoPoet/8/b.mp4
VideoPoet__8__c,ai_generated,1,VideoPoet,8,c.mp4,VideoPoet/8/c.mp4,https://huggingface.co/datasets/faridlab/deepaction_v1/resolve/main/VideoPoet/8/c.mp4
VideoPoet__8__d,ai_generated,1,VideoPoet,8,d.mp4,VideoPoet/8/d.mp4,https://huggingface.co/datasets/faridlab/deepaction_v1/resolve/main/VideoPoet/8/d.mp4
VideoPoet__80__a,ai_generated,1,VideoPoet,80,a.mp4,VideoPoet/80/a.mp4,https://huggingface.co/datasets/faridlab/deepaction_v1/resolve/main/VideoPoet/80/a.mp4
VideoPoet__80__b,ai_generated,1,VideoPoet,80,b.mp4,VideoPoet/80/b.mp4,https://huggingface.co/datasets/faridlab/deepaction_v1/resolve/main/VideoPoet/80/b.mp4
VideoPoet__80__c,ai_generated,1,VideoPoet,80,c.mp4,VideoPoet/80/c.mp4,https://huggingface.co/datasets/faridlab/deepaction_v1/resolve/main/VideoPoet/80/c.mp4
VideoPoet__80__d,ai_generated,1,VideoPoet,80,d.mp4,VideoPoet/80/d.mp4,https://huggingface.co/datasets/faridlab/deepaction_v1/resolve/main/VideoPoet/80/d.mp4
VideoPoet__81__a,ai_generated,1,VideoPoet,81,a.mp4,VideoPoet/81/a.mp4,https://huggingface.co/datasets/faridlab/deepaction_v1/resolve/main/VideoPoet/81/a.mp4
VideoPoet__81__b,ai_generated,1,VideoPoet,81,b.mp4,VideoPoet/81/b.mp4,https://huggingface.co/datasets/faridlab/deepaction_v1/resolve/main/VideoPoet/81/b.mp4
VideoPoet__81__c,ai_generated,1,VideoPoet,81,c.mp4,VideoPoet/81/c.mp4,https://huggingface.co/datasets/faridlab/deepaction_v1/resolve/main/VideoPoet/81/c.mp4
VideoPoet__81__d,ai_generated,1,VideoPoet,81,d.mp4,VideoPoet/81/d.mp4,https://huggingface.co/datasets/faridlab/deepaction_v1/resolve/main/VideoPoet/81/d.mp4
VideoPoet__82__a,ai_generated,1,VideoPoet,82,a.mp4,VideoPoet/82/a.mp4,https://huggingface.co/datasets/faridlab/deepaction_v1/resolve/main/VideoPoet/82/a.mp4
VideoPoet__82__b,ai_generated,1,VideoPoet,82,b.mp4,VideoPoet/82/b.mp4,https://huggingface.co/datasets/faridlab/deepaction_v1/resolve/main/VideoPoet/82/b.mp4
VideoPoet__82__c,ai_generated,1,VideoPoet,82,c.mp4,VideoPoet/82/c.mp4,https://huggingface.co/datasets/faridlab/deepaction_v1/resolve/main/VideoPoet/82/c.mp4
VideoPoet__82__d,ai_generated,1,VideoPoet,82,d.mp4,VideoPoet/82/d.mp4,https://huggingface.co/datasets/faridlab/deepaction_v1/resolve/main/VideoPoet/82/d.mp4
VideoPoet__83__a,ai_generated,1,VideoPoet,83,a.mp4,VideoPoet/83/a.mp4,https://huggingface.co/datasets/faridlab/deepaction_v1/resolve/main/VideoPoet/83/a.mp4
VideoPoet__83__b,ai_generated,1,VideoPoet,83,b.mp4,VideoPoet/83/b.mp4,https://huggingface.co/datasets/faridlab/deepaction_v1/resolve/main/VideoPoet/83/b.mp4
VideoPoet__83__c,ai_generated,1,VideoPoet,83,c.mp4,VideoPoet/83/c.mp4,https://huggingface.co/datasets/faridlab/deepaction_v1/resolve/main/VideoPoet/83/c.mp4
VideoPoet__83__d,ai_generated,1,VideoPoet,83,d.mp4,VideoPoet/83/d.mp4,https://huggingface.co/datasets/faridlab/deepaction_v1/resolve/main/VideoPoet/83/d.mp4
VideoPoet__84__a,ai_generated,1,VideoPoet,84,a.mp4,VideoPoet/84/a.mp4,https://huggingface.co/datasets/faridlab/deepaction_v1/resolve/main/VideoPoet/84/a.mp4
VideoPoet__84__b,ai_generated,1,VideoPoet,84,b.mp4,VideoPoet/84/b.mp4,https://huggingface.co/datasets/faridlab/deepaction_v1/resolve/main/VideoPoet/84/b.mp4
VideoPoet__84__c,ai_generated,1,VideoPoet,84,c.mp4,VideoPoet/84/c.mp4,https://huggingface.co/datasets/faridlab/deepaction_v1/resolve/main/VideoPoet/84/c.mp4
VideoPoet__84__d,ai_generated,1,VideoPoet,84,d.mp4,VideoPoet/84/d.mp4,https://huggingface.co/datasets/faridlab/deepaction_v1/resolve/main/VideoPoet/84/d.mp4
VideoPoet__85__a,ai_generated,1,VideoPoet,85,a.mp4,VideoPoet/85/a.mp4,https://huggingface.co/datasets/faridlab/deepaction_v1/resolve/main/VideoPoet/85/a.mp4
VideoPoet__85__b,ai_generated,1,VideoPoet,85,b.mp4,VideoPoet/85/b.mp4,https://huggingface.co/datasets/faridlab/deepaction_v1/resolve/main/VideoPoet/85/b.mp4
VideoPoet__85__c,ai_generated,1,VideoPoet,85,c.mp4,VideoPoet/85/c.mp4,https://huggingface.co/datasets/faridlab/deepaction_v1/resolve/main/VideoPoet/85/c.mp4
VideoPoet__85__d,ai_generated,1,VideoPoet,85,d.mp4,VideoPoet/85/d.mp4,https://huggingface.co/datasets/faridlab/deepaction_v1/resolve/main/VideoPoet/85/d.mp4
VideoPoet__86__a,ai_generated,1,VideoPoet,86,a.mp4,VideoPoet/86/a.mp4,https://huggingface.co/datasets/faridlab/deepaction_v1/resolve/main/VideoPoet/86/a.mp4
VideoPoet__86__b,ai_generated,1,VideoPoet,86,b.mp4,VideoPoet/86/b.mp4,https://huggingface.co/datasets/faridlab/deepaction_v1/resolve/main/VideoPoet/86/b.mp4
VideoPoet__86__c,ai_generated,1,VideoPoet,86,c.mp4,VideoPoet/86/c.mp4,https://huggingface.co/datasets/faridlab/deepaction_v1/resolve/main/VideoPoet/86/c.mp4
VideoPoet__86__d,ai_generated,1,VideoPoet,86,d.mp4,VideoPoet/86/d.mp4,https://huggingface.co/datasets/faridlab/deepaction_v1/resolve/main/VideoPoet/86/d.mp4
VideoPoet__87__a,ai_generated,1,VideoPoet,87,a.mp4,VideoPoet/87/a.mp4,https://huggingface.co/datasets/faridlab/deepaction_v1/resolve/main/VideoPoet/87/a.mp4
VideoPoet__87__b,ai_generated,1,VideoPoet,87,b.mp4,VideoPoet/87/b.mp4,https://huggingface.co/datasets/faridlab/deepaction_v1/resolve/main/VideoPoet/87/b.mp4
VideoPoet__87__c,ai_generated,1,VideoPoet,87,c.mp4,VideoPoet/87/c.mp4,https://huggingface.co/datasets/faridlab/deepaction_v1/resolve/main/VideoPoet/87/c.mp4
VideoPoet__87__d,ai_generated,1,VideoPoet,87,d.mp4,VideoPoet/87/d.mp4,https://huggingface.co/datasets/faridlab/deepaction_v1/resolve/main/VideoPoet/87/d.mp4
VideoPoet__88__a,ai_generated,1,VideoPoet,88,a.mp4,VideoPoet/88/a.mp4,https://huggingface.co/datasets/faridlab/deepaction_v1/resolve/main/VideoPoet/88/a.mp4
VideoPoet__88__b,ai_generated,1,VideoPoet,88,b.mp4,VideoPoet/88/b.mp4,https://huggingface.co/datasets/faridlab/deepaction_v1/resolve/main/VideoPoet/88/b.mp4
VideoPoet__88__c,ai_generated,1,VideoPoet,88,c.mp4,VideoPoet/88/c.mp4,https://huggingface.co/datasets/faridlab/deepaction_v1/resolve/main/VideoPoet/88/c.mp4
VideoPoet__88__d,ai_generated,1,VideoPoet,88,d.mp4,VideoPoet/88/d.mp4,https://huggingface.co/datasets/faridlab/deepaction_v1/resolve/main/VideoPoet/88/d.mp4
VideoPoet__89__a,ai_generated,1,VideoPoet,89,a.mp4,VideoPoet/89/a.mp4,https://huggingface.co/datasets/faridlab/deepaction_v1/resolve/main/VideoPoet/89/a.mp4
VideoPoet__89__b,ai_generated,1,VideoPoet,89,b.mp4,VideoPoet/89/b.mp4,https://huggingface.co/datasets/faridlab/deepaction_v1/resolve/main/VideoPoet/89/b.mp4
VideoPoet__89__c,ai_generated,1,VideoPoet,89,c.mp4,VideoPoet/89/c.mp4,https://huggingface.co/datasets/faridlab/deepaction_v1/resolve/main/VideoPoet/89/c.mp4
VideoPoet__89__d,ai_generated,1,VideoPoet,89,d.mp4,VideoPoet/89/d.mp4,https://huggingface.co/datasets/faridlab/deepaction_v1/resolve/main/VideoPoet/89/d.mp4
VideoPoet__9__a,ai_generated,1,VideoPoet,9,a.mp4,VideoPoet/9/a.mp4,https://huggingface.co/datasets/faridlab/deepaction_v1/resolve/main/VideoPoet/9/a.mp4
VideoPoet__9__b,ai_generated,1,VideoPoet,9,b.mp4,VideoPoet/9/b.mp4,https://huggingface.co/datasets/faridlab/deepaction_v1/resolve/main/VideoPoet/9/b.mp4
VideoPoet__9__c,ai_generated,1,VideoPoet,9,c.mp4,VideoPoet/9/c.mp4,https://huggingface.co/datasets/faridlab/deepaction_v1/resolve/main/VideoPoet/9/c.mp4
VideoPoet__9__d,ai_generated,1,VideoPoet,9,d.mp4,VideoPoet/9/d.mp4,https://huggingface.co/datasets/faridlab/deepaction_v1/resolve/main/VideoPoet/9/d.mp4
VideoPoet__90__a,ai_generated,1,VideoPoet,90,a.mp4,VideoPoet/90/a.mp4,https://huggingface.co/datasets/faridlab/deepaction_v1/resolve/main/VideoPoet/90/a.mp4
VideoPoet__90__b,ai_generated,1,VideoPoet,90,b.mp4,VideoPoet/90/b.mp4,https://huggingface.co/datasets/faridlab/deepaction_v1/resolve/main/VideoPoet/90/b.mp4
VideoPoet__90__c,ai_generated,1,VideoPoet,90,c.mp4,VideoPoet/90/c.mp4,https://huggingface.co/datasets/faridlab/deepaction_v1/resolve/main/VideoPoet/90/c.mp4
VideoPoet__90__d,ai_generated,1,VideoPoet,90,d.mp4,VideoPoet/90/d.mp4,https://huggingface.co/datasets/faridlab/deepaction_v1/resolve/main/VideoPoet/90/d.mp4
VideoPoet__91__a,ai_generated,1,VideoPoet,91,a.mp4,VideoPoet/91/a.mp4,https://huggingface.co/datasets/faridlab/deepaction_v1/resolve/main/VideoPoet/91/a.mp4
VideoPoet__91__b,ai_generated,1,VideoPoet,91,b.mp4,VideoPoet/91/b.mp4,https://huggingface.co/datasets/faridlab/deepaction_v1/resolve/main/VideoPoet/91/b.mp4
VideoPoet__91__c,ai_generated,1,VideoPoet,91,c.mp4,VideoPoet/91/c.mp4,https://huggingface.co/datasets/faridlab/deepaction_v1/resolve/main/VideoPoet/91/c.mp4
VideoPoet__91__d,ai_generated,1,VideoPoet,91,d.mp4,VideoPoet/91/d.mp4,https://huggingface.co/datasets/faridlab/deepaction_v1/resolve/main/VideoPoet/91/d.mp4
VideoPoet__92__a,ai_generated,1,VideoPoet,92,a.mp4,VideoPoet/92/a.mp4,https://huggingface.co/datasets/faridlab/deepaction_v1/resolve/main/VideoPoet/92/a.mp4
VideoPoet__92__b,ai_generated,1,VideoPoet,92,b.mp4,VideoPoet/92/b.mp4,https://huggingface.co/datasets/faridlab/deepaction_v1/resolve/main/VideoPoet/92/b.mp4
VideoPoet__92__c,ai_generated,1,VideoPoet,92,c.mp4,VideoPoet/92/c.mp4,https://huggingface.co/datasets/faridlab/deepaction_v1/resolve/main/VideoPoet/92/c.mp4
VideoPoet__92__d,ai_generated,1,VideoPoet,92,d.mp4,VideoPoet/92/d.mp4,https://huggingface.co/datasets/faridlab/deepaction_v1/resolve/main/VideoPoet/92/d.mp4
VideoPoet__93__a,ai_generated,1,VideoPoet,93,a.mp4,VideoPoet/93/a.mp4,https://huggingface.co/datasets/faridlab/deepaction_v1/resolve/main/VideoPoet/93/a.mp4
VideoPoet__93__b,ai_generated,1,VideoPoet,93,b.mp4,VideoPoet/93/b.mp4,https://huggingface.co/datasets/faridlab/deepaction_v1/resolve/main/VideoPoet/93/b.mp4
VideoPoet__93__c,ai_generated,1,VideoPoet,93,c.mp4,VideoPoet/93/c.mp4,https://huggingface.co/datasets/faridlab/deepaction_v1/resolve/main/VideoPoet/93/c.mp4
VideoPoet__93__d,ai_generated,1,VideoPoet,93,d.mp4,VideoPoet/93/d.mp4,https://huggingface.co/datasets/faridlab/deepaction_v1/resolve/main/VideoPoet/93/d.mp4
VideoPoet__94__a,ai_generated,1,VideoPoet,94,a.mp4,VideoPoet/94/a.mp4,https://huggingface.co/datasets/faridlab/deepaction_v1/resolve/main/VideoPoet/94/a.mp4
VideoPoet__94__b,ai_generated,1,VideoPoet,94,b.mp4,VideoPoet/94/b.mp4,https://huggingface.co/datasets/faridlab/deepaction_v1/resolve/main/VideoPoet/94/b.mp4
VideoPoet__94__c,ai_generated,1,VideoPoet,94,c.mp4,VideoPoet/94/c.mp4,https://huggingface.co/datasets/faridlab/deepaction_v1/resolve/main/VideoPoet/94/c.mp4
VideoPoet__94__d,ai_generated,1,VideoPoet,94,d.mp4,VideoPoet/94/d.mp4,https://huggingface.co/datasets/faridlab/deepaction_v1/resolve/main/VideoPoet/94/d.mp4
VideoPoet__99__a,ai_generated,1,VideoPoet,99,a.mp4,VideoPoet/99/a.mp4,https://huggingface.co/datasets/faridlab/deepaction_v1/resolve/main/VideoPoet/99/a.mp4
VideoPoet__99__b,ai_generated,1,VideoPoet,99,b.mp4,VideoPoet/99/b.mp4,https://huggingface.co/datasets/faridlab/deepaction_v1/resolve/main/VideoPoet/99/b.mp4
VideoPoet__99__c,ai_generated,1,VideoPoet,99,c.mp4,VideoPoet/99/c.mp4,https://huggingface.co/datasets/faridlab/deepaction_v1/resolve/main/VideoPoet/99/c.mp4
VideoPoet__99__d,ai_generated,1,VideoPoet,99,d.mp4,VideoPoet/99/d.mp4,https://huggingface.co/datasets/faridlab/deepaction_v1/resolve/main/VideoPoet/99/d.mp4
Pexels__0__a,real,0,Pexels,0,a.mp4,Pexels/0/a.mp4,https://huggingface.co/datasets/faridlab/deepaction_v1/resolve/main/Pexels/0/a.mp4
Pexels__1__a,real,0,Pexels,1,a.mp4,Pexels/1/a.mp4,https://huggingface.co/datasets/faridlab/deepaction_v1/resolve/main/Pexels/1/a.mp4
Pexels__10__a,real,0,Pexels,10,a.mp4,Pexels/10/a.mp4,https://huggingface.co/datasets/faridlab/deepaction_v1/resolve/main/Pexels/10/a.mp4
Pexels__100__a,real,0,Pexels,100,a.mp4,Pexels/100/a.mp4,https://huggingface.co/datasets/faridlab/deepaction_v1/resolve/main/Pexels/100/a.mp4
Pexels__101__a,real,0,Pexels,101,a.mp4,Pexels/101/a.mp4,https://huggingface.co/datasets/faridlab/deepaction_v1/resolve/main/Pexels/101/a.mp4
Pexels__102__a,real,0,Pexels,102,a.mp4,Pexels/102/a.mp4,https://huggingface.co/datasets/faridlab/deepaction_v1/resolve/main/Pexels/102/a.mp4
Pexels__103__a,real,0,Pexels,103,a.mp4,Pexels/103/a.mp4,https://huggingface.co/datasets/faridlab/deepaction_v1/resolve/main/Pexels/103/a.mp4
Pexels__11__a,real,0,Pexels,11,a.mp4,Pexels/11/a.mp4,https://huggingface.co/datasets/faridlab/deepaction_v1/resolve/main/Pexels/11/a.mp4
Pexels__12__a,real,0,Pexels,12,a.mp4,Pexels/12/a.mp4,https://huggingface.co/datasets/faridlab/deepaction_v1/resolve/main/Pexels/12/a.mp4
Pexels__13__a,real,0,Pexels,13,a.mp4,Pexels/13/a.mp4,https://huggingface.co/datasets/faridlab/deepaction_v1/resolve/main/Pexels/13/a.mp4
Pexels__14__a,real,0,Pexels,14,a.mp4,Pexels/14/a.mp4,https://huggingface.co/datasets/faridlab/deepaction_v1/resolve/main/Pexels/14/a.mp4
Pexels__15__a,real,0,Pexels,15,a.mp4,Pexels/15/a.mp4,https://huggingface.co/datasets/faridlab/deepaction_v1/resolve/main/Pexels/15/a.mp4
Pexels__16__a,real,0,Pexels,16,a.mp4,Pexels/16/a.mp4,https://huggingface.co/datasets/faridlab/deepaction_v1/resolve/main/Pexels/16/a.mp4
Pexels__17__a,real,0,Pexels,17,a.mp4,Pexels/17/a.mp4,https://huggingface.co/datasets/faridlab/deepaction_v1/resolve/main/Pexels/17/a.mp4
Pexels__18__a,real,0,Pexels,18,a.mp4,Pexels/18/a.mp4,https://huggingface.co/datasets/faridlab/deepaction_v1/resolve/main/Pexels/18/a.mp4
Pexels__19__a,real,0,Pexels,19,a.mp4,Pexels/19/a.mp4,https://huggingface.co/datasets/faridlab/deepaction_v1/resolve/main/Pexels/19/a.mp4
Pexels__2__a,real,0,Pexels,2,a.mp4,Pexels/2/a.mp4,https://huggingface.co/datasets/faridlab/deepaction_v1/resolve/main/Pexels/2/a.mp4
Pexels__20__a,real,0,Pexels,20,a.mp4,Pexels/20/a.mp4,https://huggingface.co/datasets/faridlab/deepaction_v1/resolve/main/Pexels/20/a.mp4
Pexels__21__a,real,0,Pexels,21,a.mp4,Pexels/21/a.mp4,https://huggingface.co/datasets/faridlab/deepaction_v1/resolve/main/Pexels/21/a.mp4
Pexels__22__a,real,0,Pexels,22,a.mp4,Pexels/22/a.mp4,https://huggingface.co/datasets/faridlab/deepaction_v1/resolve/main/Pexels/22/a.mp4
Pexels__23__a,real,0,Pexels,23,a.mp4,Pexels/23/a.mp4,https://huggingface.co/datasets/faridlab/deepaction_v1/resolve/main/Pexels/23/a.mp4
Pexels__24__a,real,0,Pexels,24,a.mp4,Pexels/24/a.mp4,https://huggingface.co/datasets/faridlab/deepaction_v1/resolve/main/Pexels/24/a.mp4
Pexels__25__a,real,0,Pexels,25,a.mp4,Pexels/25/a.mp4,https://huggingface.co/datasets/faridlab/deepaction_v1/resolve/main/Pexels/25/a.mp4
Pexels__26__a,real,0,Pexels,26,a.mp4,Pexels/26/a.mp4,https://huggingface.co/datasets/faridlab/deepaction_v1/resolve/main/Pexels/26/a.mp4
Pexels__27__a,real,0,Pexels,27,a.mp4,Pexels/27/a.mp4,https://huggingface.co/datasets/faridlab/deepaction_v1/resolve/main/Pexels/27/a.mp4
Pexels__28__a,real,0,Pexels,28,a.mp4,Pexels/28/a.mp4,https://huggingface.co/datasets/faridlab/deepaction_v1/resolve/main/Pexels/28/a.mp4
Pexels__29__a,real,0,Pexels,29,a.mp4,Pexels/29/a.mp4,https://huggingface.co/datasets/faridlab/deepaction_v1/resolve/main/Pexels/29/a.mp4
Pexels__3__a,real,0,Pexels,3,a.mp4,Pexels/3/a.mp4,https://huggingface.co/datasets/faridlab/deepaction_v1/resolve/main/Pexels/3/a.mp4
Pexels__30__a,real,0,Pexels,30,a.mp4,Pexels/30/a.mp4,https://huggingface.co/datasets/faridlab/deepaction_v1/resolve/main/Pexels/30/a.mp4
Pexels__31__a,real,0,Pexels,31,a.mp4,Pexels/31/a.mp4,https://huggingface.co/datasets/faridlab/deepaction_v1/resolve/main/Pexels/31/a.mp4
Pexels__32__a,real,0,Pexels,32,a.mp4,Pexels/32/a.mp4,https://huggingface.co/datasets/faridlab/deepaction_v1/resolve/main/Pexels/32/a.mp4
Pexels__33__a,real,0,Pexels,33,a.mp4,Pexels/33/a.mp4,https://huggingface.co/datasets/faridlab/deepaction_v1/resolve/main/Pexels/33/a.mp4
Pexels__34__a,real,0,Pexels,34,a.mp4,Pexels/34/a.mp4,https://huggingface.co/datasets/faridlab/deepaction_v1/resolve/main/Pexels/34/a.mp4
Pexels__35__a,real,0,Pexels,35,a.mp4,Pexels/35/a.mp4,https://huggingface.co/datasets/faridlab/deepaction_v1/resolve/main/Pexels/35/a.mp4
Pexels__36__a,real,0,Pexels,36,a.mp4,Pexels/36/a.mp4,https://huggingface.co/datasets/faridlab/deepaction_v1/resolve/main/Pexels/36/a.mp4
Pexels__37__a,real,0,Pexels,37,a.mp4,Pexels/37/a.mp4,https://huggingface.co/datasets/faridlab/deepaction_v1/resolve/main/Pexels/37/a.mp4
Pexels__38__a,real,0,Pexels,38,a.mp4,Pexels/38/a.mp4,https://huggingface.co/datasets/faridlab/deepaction_v1/resolve/main/Pexels/38/a.mp4
Pexels__39__a,real,0,Pexels,39,a.mp4,Pexels/39/a.mp4,https://huggingface.co/datasets/faridlab/deepaction_v1/resolve/main/Pexels/39/a.mp4
Pexels__4__a,real,0,Pexels,4,a.mp4,Pexels/4/a.mp4,https://huggingface.co/datasets/faridlab/deepaction_v1/resolve/main/Pexels/4/a.mp4
Pexels__40__a,real,0,Pexels,40,a.mp4,Pexels/40/a.mp4,https://huggingface.co/datasets/faridlab/deepaction_v1/resolve/main/Pexels/40/a.mp4
Pexels__41__a,real,0,Pexels,41,a.mp4,Pexels/41/a.mp4,https://huggingface.co/datasets/faridlab/deepaction_v1/resolve/main/Pexels/41/a.mp4
Pexels__42__a,real,0,Pexels,42,a.mp4,Pexels/42/a.mp4,https://huggingface.co/datasets/faridlab/deepaction_v1/resolve/main/Pexels/42/a.mp4
Pexels__43__a,real,0,Pexels,43,a.mp4,Pexels/43/a.mp4,https://huggingface.co/datasets/faridlab/deepaction_v1/resolve/main/Pexels/43/a.mp4
Pexels__44__a,real,0,Pexels,44,a.mp4,Pexels/44/a.mp4,https://huggingface.co/datasets/faridlab/deepaction_v1/resolve/main/Pexels/44/a.mp4
Pexels__45__a,real,0,Pexels,45,a.mp4,Pexels/45/a.mp4,https://huggingface.co/datasets/faridlab/deepaction_v1/resolve/main/Pexels/45/a.mp4
Pexels__46__a,real,0,Pexels,46,a.mp4,Pexels/46/a.mp4,https://huggingface.co/datasets/faridlab/deepaction_v1/resolve/main/Pexels/46/a.mp4
Pexels__47__a,real,0,Pexels,47,a.mp4,Pexels/47/a.mp4,https://huggingface.co/datasets/faridlab/deepaction_v1/resolve/main/Pexels/47/a.mp4
Pexels__48__a,real,0,Pexels,48,a.mp4,Pexels/48/a.mp4,https://huggingface.co/datasets/faridlab/deepaction_v1/resolve/main/Pexels/48/a.mp4
Pexels__49__a,real,0,Pexels,49,a.mp4,Pexels/49/a.mp4,https://huggingface.co/datasets/faridlab/deepaction_v1/resolve/main/Pexels/49/a.mp4
Pexels__5__a,real,0,Pexels,5,a.mp4,Pexels/5/a.mp4,https://huggingface.co/datasets/faridlab/deepaction_v1/resolve/main/Pexels/5/a.mp4
Pexels__50__a,real,0,Pexels,50,a.mp4,Pexels/50/a.mp4,https://huggingface.co/datasets/faridlab/deepaction_v1/resolve/main/Pexels/50/a.mp4
Pexels__51__a,real,0,Pexels,51,a.mp4,Pexels/51/a.mp4,https://huggingface.co/datasets/faridlab/deepaction_v1/resolve/main/Pexels/51/a.mp4
Pexels__52__a,real,0,Pexels,52,a.mp4,Pexels/52/a.mp4,https://huggingface.co/datasets/faridlab/deepaction_v1/resolve/main/Pexels/52/a.mp4
Pexels__53__a,real,0,Pexels,53,a.mp4,Pexels/53/a.mp4,https://huggingface.co/datasets/faridlab/deepaction_v1/resolve/main/Pexels/53/a.mp4
Pexels__54__a,real,0,Pexels,54,a.mp4,Pexels/54/a.mp4,https://huggingface.co/datasets/faridlab/deepaction_v1/resolve/main/Pexels/54/a.mp4
Pexels__55__a,real,0,Pexels,55,a.mp4,Pexels/55/a.mp4,https://huggingface.co/datasets/faridlab/deepaction_v1/resolve/main/Pexels/55/a.mp4
Pexels__56__a,real,0,Pexels,56,a.mp4,Pexels/56/a.mp4,https://huggingface.co/datasets/faridlab/deepaction_v1/resolve/main/Pexels/56/a.mp4
Pexels__57__a,real,0,Pexels,57,a.mp4,Pexels/57/a.mp4,https://huggingface.co/datasets/faridlab/deepaction_v1/resolve/main/Pexels/57/a.mp4
Pexels__58__a,real,0,Pexels,58,a.mp4,Pexels/58/a.mp4,https://huggingface.co/datasets/faridlab/deepaction_v1/resolve/main/Pexels/58/a.mp4
Pexels__59__a,real,0,Pexels,59,a.mp4,Pexels/59/a.mp4,https://huggingface.co/datasets/faridlab/deepaction_v1/resolve/main/Pexels/59/a.mp4
Pexels__6__a,real,0,Pexels,6,a.mp4,Pexels/6/a.mp4,https://huggingface.co/datasets/faridlab/deepaction_v1/resolve/main/Pexels/6/a.mp4
Pexels__60__a,real,0,Pexels,60,a.mp4,Pexels/60/a.mp4,https://huggingface.co/datasets/faridlab/deepaction_v1/resolve/main/Pexels/60/a.mp4
Pexels__61__a,real,0,Pexels,61,a.mp4,Pexels/61/a.mp4,https://huggingface.co/datasets/faridlab/deepaction_v1/resolve/main/Pexels/61/a.mp4
Pexels__62__a,real,0,Pexels,62,a.mp4,Pexels/62/a.mp4,https://huggingface.co/datasets/faridlab/deepaction_v1/resolve/main/Pexels/62/a.mp4
Pexels__63__a,real,0,Pexels,63,a.mp4,Pexels/63/a.mp4,https://huggingface.co/datasets/faridlab/deepaction_v1/resolve/main/Pexels/63/a.mp4
Pexels__64__a,real,0,Pexels,64,a.mp4,Pexels/64/a.mp4,https://huggingface.co/datasets/faridlab/deepaction_v1/resolve/main/Pexels/64/a.mp4
Pexels__65__a,real,0,Pexels,65,a.mp4,Pexels/65/a.mp4,https://huggingface.co/datasets/faridlab/deepaction_v1/resolve/main/Pexels/65/a.mp4
Pexels__66__a,real,0,Pexels,66,a.mp4,Pexels/66/a.mp4,https://huggingface.co/datasets/faridlab/deepaction_v1/resolve/main/Pexels/66/a.mp4
Pexels__67__a,real,0,Pexels,67,a.mp4,Pexels/67/a.mp4,https://huggingface.co/datasets/faridlab/deepaction_v1/resolve/main/Pexels/67/a.mp4
Pexels__68__a,real,0,Pexels,68,a.mp4,Pexels/68/a.mp4,https://huggingface.co/datasets/faridlab/deepaction_v1/resolve/main/Pexels/68/a.mp4
Pexels__69__a,real,0,Pexels,69,a.mp4,Pexels/69/a.mp4,https://huggingface.co/datasets/faridlab/deepaction_v1/resolve/main/Pexels/69/a.mp4
Pexels__7__a,real,0,Pexels,7,a.mp4,Pexels/7/a.mp4,https://huggingface.co/datasets/faridlab/deepaction_v1/resolve/main/Pexels/7/a.mp4
Pexels__70__a,real,0,Pexels,70,a.mp4,Pexels/70/a.mp4,https://huggingface.co/datasets/faridlab/deepaction_v1/resolve/main/Pexels/70/a.mp4
Pexels__71__a,real,0,Pexels,71,a.mp4,Pexels/71/a.mp4,https://huggingface.co/datasets/faridlab/deepaction_v1/resolve/main/Pexels/71/a.mp4
Pexels__72__a,real,0,Pexels,72,a.mp4,Pexels/72/a.mp4,https://huggingface.co/datasets/faridlab/deepaction_v1/resolve/main/Pexels/72/a.mp4
Pexels__73__a,real,0,Pexels,73,a.mp4,Pexels/73/a.mp4,https://huggingface.co/datasets/faridlab/deepaction_v1/resolve/main/Pexels/73/a.mp4
Pexels__74__a,real,0,Pexels,74,a.mp4,Pexels/74/a.mp4,https://huggingface.co/datasets/faridlab/deepaction_v1/resolve/main/Pexels/74/a.mp4
Pexels__75__a,real,0,Pexels,75,a.mp4,Pexels/75/a.mp4,https://huggingface.co/datasets/faridlab/deepaction_v1/resolve/main/Pexels/75/a.mp4
Pexels__76__a,real,0,Pexels,76,a.mp4,Pexels/76/a.mp4,https://huggingface.co/datasets/faridlab/deepaction_v1/resolve/main/Pexels/76/a.mp4
Pexels__77__a,real,0,Pexels,77,a.mp4,Pexels/77/a.mp4,https://huggingface.co/datasets/faridlab/deepaction_v1/resolve/main/Pexels/77/a.mp4
Pexels__78__a,real,0,Pexels,78,a.mp4,Pexels/78/a.mp4,https://huggingface.co/datasets/faridlab/deepaction_v1/resolve/main/Pexels/78/a.mp4
Pexels__79__a,real,0,Pexels,79,a.mp4,Pexels/79/a.mp4,https://huggingface.co/datasets/faridlab/deepaction_v1/resolve/main/Pexels/79/a.mp4
Pexels__8__a,real,0,Pexels,8,a.mp4,Pexels/8/a.mp4,https://huggingface.co/datasets/faridlab/deepaction_v1/resolve/main/Pexels/8/a.mp4
Pexels__80__a,real,0,Pexels,80,a.mp4,Pexels/80/a.mp4,https://huggingface.co/datasets/faridlab/deepaction_v1/resolve/main/Pexels/80/a.mp4
Pexels__81__a,real,0,Pexels,81,a.mp4,Pexels/81/a.mp4,https://huggingface.co/datasets/faridlab/deepaction_v1/resolve/main/Pexels/81/a.mp4
Pexels__82__a,real,0,Pexels,82,a.mp4,Pexels/82/a.mp4,https://huggingface.co/datasets/faridlab/deepaction_v1/resolve/main/Pexels/82/a.mp4
Pexels__83__a,real,0,Pexels,83,a.mp4,Pexels/83/a.mp4,https://huggingface.co/datasets/faridlab/deepaction_v1/resolve/main/Pexels/83/a.mp4
Pexels__84__a,real,0,Pexels,84,a.mp4,Pexels/84/a.mp4,https://huggingface.co/datasets/faridlab/deepaction_v1/resolve/main/Pexels/84/a.mp4
Pexels__85__a,real,0,Pexels,85,a.mp4,Pexels/85/a.mp4,https://huggingface.co/datasets/faridlab/deepaction_v1/resolve/main/Pexels/85/a.mp4
Pexels__86__a,real,0,Pexels,86,a.mp4,Pexels/86/a.mp4,https://huggingface.co/datasets/faridlab/deepaction_v1/resolve/main/Pexels/86/a.mp4
Pexels__87__a,real,0,Pexels,87,a.mp4,Pexels/87/a.mp4,https://huggingface.co/datasets/faridlab/deepaction_v1/resolve/main/Pexels/87/a.mp4
Pexels__88__a,real,0,Pexels,88,a.mp4,Pexels/88/a.mp4,https://huggingface.co/datasets/faridlab/deepaction_v1/resolve/main/Pexels/88/a.mp4
Pexels__89__a,real,0,Pexels,89,a.mp4,Pexels/89/a.mp4,https://huggingface.co/datasets/faridlab/deepaction_v1/resolve/main/Pexels/89/a.mp4
Pexels__9__a,real,0,Pexels,9,a.mp4,Pexels/9/a.mp4,https://huggingface.co/datasets/faridlab/deepaction_v1/resolve/main/Pexels/9/a.mp4
Pexels__90__a,real,0,Pexels,90,a.mp4,Pexels/90/a.mp4,https://huggingface.co/datasets/faridlab/deepaction_v1/resolve/main/Pexels/90/a.mp4
Pexels__91__a,real,0,Pexels,91,a.mp4,Pexels/91/a.mp4,https://huggingface.co/datasets/faridlab/deepaction_v1/resolve/main/Pexels/91/a.mp4
Pexels__92__a,real,0,Pexels,92,a.mp4,Pexels/92/a.mp4,https://huggingface.co/datasets/faridlab/deepaction_v1/resolve/main/Pexels/92/a.mp4
Pexels__93__a,real,0,Pexels,93,a.mp4,Pexels/93/a.mp4,https://huggingface.co/datasets/faridlab/deepaction_v1/resolve/main/Pexels/93/a.mp4
Pexels__94__a,real,0,Pexels,94,a.mp4,Pexels/94/a.mp4,https://huggingface.co/datasets/faridlab/deepaction_v1/resolve/main/Pexels/94/a.mp4
Pexels__99__a,real,0,Pexels,99,a.mp4,Pexels/99/a.mp4,https://huggingface.co/datasets/faridlab/deepaction_v1/resolve/main/Pexels/99/a.mp4
